#!ascii label  , from subject sub-v1s2x0051457_ses-1 vox2ras=TkReg
3269
59852  1.116  -33.300  101.528 0.6250000000
59856  0.311  -33.273  101.012 0.6250000000
61035  0.548  -32.399  101.345 0.5000000000
161827  -0.302  -32.476  100.610 0.5000000000
58733  0.811  -33.914  101.232 0.6250000000
59857  -0.366  -33.435  100.415 0.5000000000
58746  0.916  -34.702  101.073 0.6250000000
58747  0.260  -34.098  100.716 0.5000000000
61057  -0.787  -32.887  99.886 0.2500000000
58748  -0.398  -34.287  100.210 0.3750000000
59862  -0.821  -33.662  99.765 0.2500000000
59863  -1.212  -33.856  99.208 0.2500000000
59844  4.035  -32.957  101.611 0.6250000000
59845  3.419  -33.205  101.966 0.6250000000
59846  2.859  -33.164  102.185 0.6250000000
59851  3.669  -33.588  101.690 0.6250000000
58721  2.895  -33.769  102.136 0.6250000000
59847  2.087  -33.365  101.987 0.6250000000
58729  3.923  -34.099  101.221 0.7500000000
58730  3.151  -34.256  101.745 0.6250000000
58731  2.349  -34.322  101.757 0.6250000000
58732  1.513  -34.140  101.546 0.6250000000
152917  2.530  -35.032  101.263 0.6250000000
58745  1.709  -35.026  101.300 0.6250000000
61069  -1.099  -32.709  98.604 0.2500000000
173685  -0.928  -32.544  99.282 0.2500000000
61070  -1.226  -32.969  97.896 0.2500000000
59873  -1.115  -33.191  99.227 0.2500000000
57584  0.181  -35.092  100.433 0.5000000000
59874  -1.362  -33.587  98.488 0.2500000000
58756  -0.876  -34.419  99.558 0.5000000000
58757  -1.345  -34.550  98.820 0.2500000000
56509  0.508  -36.964  99.429 0.2500000000
158539  -0.661  -36.206  99.355 0.3750000000
57596  1.166  -36.457  99.896 0.2500000000
173687  -0.079  -36.459  99.574 0.3750000000
56528  -1.561  -36.735  98.715 0.3750000000
57610  -1.611  -35.928  98.386 0.3750000000
61032  6.307  -32.605  101.181 0.6250000000
59843  4.859  -32.806  101.594 0.6250000000
59849  5.385  -33.181  101.115 0.6250000000
59850  4.381  -33.391  101.328 0.6250000000
59854  5.672  -33.697  100.297 0.7500000000
59855  4.830  -33.967  100.786 0.8750000000
58744  3.368  -34.805  100.894 0.7500000000
61085  -1.044  -32.888  97.124 0.2500000000
58743  4.248  -34.623  100.457 1.0000000000
57582  1.869  -35.715  100.516 0.7500000000
57583  1.052  -35.528  100.552 0.5000000000
59888  -1.353  -33.621  97.535 0.2500000000
58755  3.689  -35.372  100.145 0.8750000000
169363  -0.473  -34.964  99.932 0.6250000000
172509  -1.331  -35.363  98.759 0.3750000000
57581  2.746  -35.602  100.363 0.5000000000
57598  -0.260  -35.692  99.796 0.5000000000
58765  -1.577  -34.369  97.972 0.2500000000
57595  1.982  -36.597  99.650 0.5000000000
61031  7.246  -32.327  100.999 0.6250000000
59853  6.169  -33.192  100.622 0.6250000000
150226  6.465  -33.406  99.915 0.7500000000
61091  -0.562  -32.144  96.774 0.2500000000
58742  5.172  -34.483  99.860 1.0000000000
180324  -0.581  -32.844  96.118 0.2500000000
58754  4.466  -35.098  99.817 1.0000000000
59897  -1.121  -33.651  96.622 0.2500000000
57607  5.471  -35.297  98.250 0.8750000000
58764  4.954  -35.214  99.157 0.5000000000
57593  4.067  -35.728  99.387 0.5000000000
58823  7.131  -35.290  94.186 0.3750000000
57671  6.496  -35.657  94.706 0.1250000000
57629  5.725  -35.706  96.378 0.3750000000
57616  5.605  -35.538  97.272 0.3750000000
57609  3.490  -36.532  98.868 0.2500000000
58806  7.436  -34.455  95.295 0.5000000000
58808  6.385  -35.240  96.038 0.3750000000
58837  8.287  -34.498  93.026 0.5000000000
58838  7.610  -35.041  93.424 0.2500000000
154578  7.629  -34.688  94.172 0.3750000000
61054  9.735  -32.398  99.470 0.5000000000
155896  9.174  -32.464  98.712 0.5000000000
171262  8.426  -32.545  99.010 0.5000000000
61043  7.707  -32.500  100.148 0.6250000000
61056  7.830  -32.697  99.286 0.7500000000
61067  8.533  -32.603  98.398 0.7500000000
61068  8.001  -32.773  98.584 0.7500000000
153440  6.767  -33.550  99.101 0.8750000000
59861  6.061  -34.002  99.465 1.0000000000
155860  7.687  -33.136  98.177 0.8750000000
58763  5.704  -34.612  98.936 1.0000000000
59872  6.398  -34.111  98.638 1.0000000000
58791  6.680  -34.414  97.195 0.7500000000
59896  7.244  -33.970  96.844 0.7500000000
59981  9.065  -34.182  91.793 0.3750000000
59960  8.932  -34.021  92.676 0.5000000000
59906  7.867  -33.832  95.565 0.7500000000
58851  8.441  -34.659  92.129 0.3750000000
59920  8.539  -33.709  94.331 0.5000000000
58807  6.920  -34.789  95.707 0.5000000000
59940  8.133  -34.338  93.885 0.3750000000
171499  10.060  -32.485  98.717 0.5000000000
159630  10.329  -32.610  97.993 0.5000000000
172829  9.646  -32.511  98.122 0.5000000000
61082  8.970  -32.562  97.804 0.7500000000
61083  8.201  -32.832  97.916 0.8750000000
171913  7.074  -33.607  98.202 1.0000000000
61089  8.630  -32.976  96.399 0.7500000000
59886  7.692  -33.341  97.385 0.8750000000
61097  8.921  -33.055  95.545 0.8750000000
59895  7.869  -33.514  96.416 0.7500000000
59894  8.331  -33.386  95.814 0.8750000000
59939  8.729  -33.860  93.534 0.6250000000
59905  8.400  -33.534  95.107 0.7500000000
60004  9.971  -33.814  90.695 0.5000000000
59959  9.634  -33.491  92.306 0.6250000000
59938  9.342  -33.446  93.247 0.6250000000
61103  9.008  -33.219  94.775 0.8750000000
59904  11.375  -33.335  95.722 0.6250000000
61080  10.526  -32.718  97.136 0.6250000000
162862  9.869  -32.521  96.721 0.7500000000
61094  10.805  -32.887  95.583 0.7500000000
61095  10.158  -32.569  95.349 0.8750000000
61088  9.535  -32.613  96.017 0.8750000000
61096  9.559  -32.777  95.101 1.0000000000
174597  9.522  -32.997  94.456 0.8750000000
60024  10.561  -33.488  89.211 0.3750000000
60003  10.409  -33.414  90.136 0.7500000000
61107  9.728  -33.068  93.867 0.7500000000
60052  11.578  -33.240  87.657 0.1250000000
60023  11.495  -32.811  89.090 0.5000000000
59892  11.813  -33.656  96.248 0.5000000000
59917  11.296  -33.253  94.912 0.7500000000
59916  11.884  -33.806  94.601 0.7500000000
61101  10.645  -32.768  94.898 0.8750000000
159332  11.546  -33.389  93.921 0.8750000000
59918  10.813  -32.956  94.243 0.8750000000
61102  10.096  -32.697  94.502 1.0000000000
59936  11.539  -33.278  92.939 1.0000000000
59937  10.286  -32.939  93.831 1.0000000000
59978  11.372  -33.071  91.187 0.7500000000
175777  10.837  -33.081  93.434 0.8750000000
150224  12.107  -32.870  90.068 0.7500000000
174233  10.842  -33.160  91.591 0.7500000000
151331  10.040  -33.148  93.162 0.8750000000
60068  12.627  -32.862  86.797 0.2500000000
61137  12.128  -32.453  88.402 0.6250000000
59903  11.871  -33.841  95.404 0.5000000000
58836  12.509  -34.137  93.183 0.8750000000
178402  12.724  -34.489  93.828 0.5000000000
58850  12.905  -34.165  92.269 0.8750000000
59935  12.009  -33.697  93.327 1.0000000000
59956  12.173  -33.567  92.564 1.0000000000
58863  13.025  -33.843  91.378 1.0000000000
59977  12.323  -33.330  91.616 1.0000000000
60000  13.014  -33.174  89.972 0.7500000000
61157  13.022  -32.380  87.686 0.7500000000
60022  12.433  -32.588  89.210 0.7500000000
175678  11.952  -33.008  90.801 0.7500000000
61179  13.577  -32.842  86.821 0.8750000000
61158  12.545  -32.372  87.871 0.7500000000
58849  13.640  -34.830  92.398 0.6250000000
58805  12.577  -34.459  94.804 0.5000000000
167144  13.127  -34.697  93.154 0.7500000000
58862  13.600  -34.353  91.560 0.8750000000
58902  14.552  -34.197  89.429 0.8750000000
58882  13.529  -33.866  90.667 0.8750000000
60020  14.011  -33.493  88.785 1.0000000000
58903  13.815  -33.649  89.705 1.0000000000
60065  14.677  -33.670  86.026 0.8750000000
60035  14.111  -33.316  87.919 1.0000000000
60021  13.257  -32.978  89.067 1.0000000000
172006  14.211  -33.404  85.752 0.8750000000
164704  14.128  -33.249  86.425 0.8750000000
61285  20.975  -32.780  80.656 0.1250000000
59066  20.756  -34.292  81.170 0.5000000000
61286  20.587  -32.713  79.748 0.3750000000
178701  19.727  -33.395  79.296 0.7500000000
162997  14.184  -34.516  90.918 0.7500000000
58881  14.729  -34.573  90.295 0.8750000000
171506  14.179  -34.173  90.206 0.8750000000
58923  15.621  -34.959  87.767 0.8750000000
57741  15.701  -35.087  88.490 0.8750000000
58944  15.181  -34.447  87.272 0.8750000000
58924  15.156  -34.496  88.060 0.8750000000
60049  14.656  -33.765  86.787 1.0000000000
60034  14.632  -33.867  87.585 1.0000000000
58964  15.735  -34.660  85.663 0.8750000000
59019  16.008  -34.522  83.410 0.7500000000
58982  16.170  -34.759  84.908 0.8750000000
63536  20.520  -30.425  79.592 0.2500000000
164576  20.659  -31.164  79.933 0.2500000000
63563  19.947  -29.840  78.568 0.5000000000
62417  19.191  -31.181  78.735 0.6250000000
62402  19.164  -31.988  78.870 0.7500000000
60180  18.613  -33.397  79.925 0.7500000000
157302  16.714  -35.425  87.422 0.8750000000
57751  16.273  -35.303  87.952 0.8750000000
58943  15.890  -35.156  87.095 0.8750000000
168668  16.005  -35.117  86.313 0.8750000000
58981  17.338  -35.171  84.765 0.8750000000
57796  16.744  -35.253  85.769 0.8750000000
172535  17.060  -34.747  83.686 0.7500000000
58998  16.417  -34.677  84.176 0.8750000000
59042  18.070  -34.454  82.454 0.7500000000
59018  17.659  -34.671  83.021 0.7500000000
159075  17.962  -34.303  81.646 0.7500000000
164104  18.523  -31.050  80.667 0.7500000000
62377  18.602  -31.803  81.015 0.7500000000
61259  18.677  -32.665  81.364 0.7500000000
66782  19.696  -27.623  78.613 0.7500000000
65706  18.845  -28.704  79.083 0.8750000000
157066  18.526  -29.337  79.625 0.8750000000
61273  18.517  -32.603  80.327 0.7500000000
157808  18.622  -35.420  86.120 0.8750000000
57782  17.636  -35.463  86.421 0.8750000000
57795  17.796  -35.437  85.657 0.8750000000
58996  19.255  -34.508  83.934 0.7500000000
58997  18.374  -34.967  84.065 0.8750000000
59017  18.669  -34.496  83.227 0.7500000000
62363  19.310  -31.979  82.867 0.7500000000
60125  19.057  -33.455  82.632 0.7500000000
159710  18.787  -30.891  81.655 0.8750000000
62364  18.954  -31.872  81.997 0.7500000000
61258  19.071  -32.764  82.287 0.7500000000
67854  19.706  -26.351  80.666 0.8750000000
168293  18.612  -28.378  80.415 0.8750000000
64594  18.427  -29.161  80.510 0.8750000000
167292  18.700  -30.011  81.782 0.8750000000
161668  24.963  -30.438  90.059 0.3750000000
63435  23.739  -30.037  90.060 0.6250000000
64475  23.116  -29.340  89.740 0.6250000000
63444  27.936  -29.694  88.678 0.5000000000
63445  26.979  -29.837  88.899 0.6250000000
64473  25.454  -29.714  88.614 0.6250000000
64485  24.017  -29.561  88.390 0.7500000000
64486  22.653  -29.033  88.971 0.8750000000
172301  21.419  -27.398  89.098 0.7500000000
66638  21.625  -27.443  89.963 0.6250000000
67723  19.753  -26.423  88.859 0.8750000000
171085  19.540  -28.391  87.605 0.8750000000
64499  20.277  -29.456  87.498 0.8750000000
63453  28.356  -29.793  87.528 0.7500000000
64494  27.833  -29.342  87.187 0.7500000000
64496  26.210  -28.936  87.361 0.6250000000
64497  24.596  -29.238  87.697 1.0000000000
65598  22.934  -28.870  87.371 1.0000000000
66659  22.055  -28.231  87.618 1.0000000000
67736  20.255  -26.270  88.081 0.8750000000
66652  19.284  -26.652  87.996 0.8750000000
64500  19.819  -28.817  86.812 0.8750000000
64510  20.207  -29.717  86.710 0.8750000000
63461  28.596  -30.593  86.694 0.7500000000
63462  28.041  -30.061  86.547 0.8750000000
179777  26.845  -28.739  86.851 0.8750000000
65596  25.297  -28.759  87.045 0.8750000000
65597  24.128  -28.847  86.989 1.0000000000
67753  20.393  -26.477  87.027 0.8750000000
66661  19.166  -26.678  87.050 0.8750000000
65616  19.332  -28.159  86.213 0.8750000000
63465  20.182  -30.455  86.245 0.8750000000
61212  20.143  -32.137  85.348 0.8750000000
151876  20.290  -33.092  84.822 0.8750000000
60078  20.212  -33.991  85.283 0.8750000000
58979  19.436  -34.734  84.757 0.8750000000
62333  27.620  -31.202  85.129 0.8750000000
64518  27.070  -28.971  85.556 0.8750000000
64509  26.250  -28.458  86.633 0.8750000000
158768  24.805  -28.394  86.488 1.0000000000
66681  22.048  -27.847  85.862 1.0000000000
67770  20.438  -26.445  86.161 1.0000000000
66672  19.040  -27.083  86.292 0.8750000000
64519  19.464  -28.651  85.412 0.8750000000
63476  19.879  -30.434  85.461 0.8750000000
158441  19.932  -32.122  84.508 0.8750000000
156061  26.859  -30.371  84.081 1.0000000000
64527  26.879  -28.637  84.849 0.8750000000
65628  25.687  -27.840  85.411 0.8750000000
66679  24.079  -27.638  85.172 1.0000000000
174630  22.046  -27.505  85.251 1.0000000000
66692  21.322  -27.115  84.836 1.0000000000
67786  19.391  -26.273  84.733 1.0000000000
65644  19.258  -28.173  84.162 0.8750000000
64530  19.409  -29.116  84.559 0.7500000000
62338  19.666  -31.281  84.189 0.7500000000
63505  26.653  -31.107  82.628 1.0000000000
64540  26.509  -29.223  82.876 1.0000000000
169219  26.681  -28.320  84.190 0.8750000000
66688  25.373  -27.224  84.227 1.0000000000
66690  23.453  -27.335  84.512 1.0000000000
67798  21.581  -26.974  83.950 1.0000000000
67800  19.840  -26.172  84.136 1.0000000000
66693  19.139  -27.012  84.233 0.8750000000
64545  19.240  -28.980  83.679 0.7500000000
178883  19.470  -30.665  83.867 0.7500000000
157605  19.658  -32.081  83.671 0.7500000000
61227  19.917  -33.045  83.926 0.7500000000
159338  27.337  -31.577  80.317 1.0000000000
63517  26.646  -31.193  81.639 1.0000000000
63506  26.338  -30.193  82.136 1.0000000000
65651  26.551  -28.368  83.410 0.8750000000
66702  25.633  -27.173  83.367 1.0000000000
66703  24.813  -26.939  83.585 1.0000000000
67817  22.065  -26.483  83.021 1.0000000000
67818  20.686  -26.405  83.391 0.8750000000
66706  19.303  -27.126  83.226 0.8750000000
65653  19.077  -28.797  82.872 0.7500000000
63498  19.270  -30.493  83.225 0.7500000000
62386  26.727  -31.233  80.698 1.0000000000
63518  26.293  -30.531  81.035 0.8750000000
64557  26.193  -29.159  82.093 0.8750000000
66718  25.733  -27.280  82.394 0.8750000000
67814  25.081  -26.773  82.704 0.8750000000
180864  22.823  -26.355  82.451 0.8750000000
67836  21.208  -26.201  82.458 0.8750000000
66719  19.260  -27.071  82.286 0.8750000000
65664  18.796  -28.631  82.056 0.8750000000
62350  19.128  -31.115  82.627 0.7500000000
63533  26.322  -30.694  80.020 1.0000000000
64590  25.979  -29.861  80.258 0.8750000000
65674  25.716  -27.943  80.893 0.8750000000
67864  25.159  -26.600  80.728 0.8750000000
67851  23.779  -26.030  81.514 0.8750000000
67853  21.339  -25.778  81.510 0.8750000000
66720  18.928  -27.777  81.711 0.8750000000
64580  18.565  -29.313  81.482 0.8750000000
165000  23.110  -25.312  80.481 0.8750000000
173651  28.947  -30.293  87.414 0.7500000000
62305  28.636  -31.483  86.229 0.7500000000
61191  28.822  -32.236  85.845 0.7500000000
62320  28.084  -31.884  85.492 0.7500000000
61223  28.308  -32.541  83.873 1.0000000000
172616  27.570  -32.129  83.742 1.0000000000
61254  28.008  -32.490  82.989 1.0000000000
62346  27.138  -31.352  84.171 1.0000000000
62358  27.735  -32.271  82.335 1.0000000000
62359  27.211  -31.788  83.068 1.0000000000
62373  27.943  -32.305  81.500 1.0000000000
62374  27.169  -31.796  82.068 1.0000000000
175681  28.435  -31.693  79.930 1.0000000000
61208  28.526  -32.473  84.893 0.8750000000
61222  29.207  -33.000  84.163 0.8750000000
172232  29.118  -32.812  83.000 1.0000000000
61253  28.598  -32.500  82.122 1.0000000000
62372  29.128  -32.170  81.127 1.0000000000
62384  29.094  -31.689  80.245 1.0000000000
62396  28.928  -31.363  79.510 1.0000000000
63545  29.469  -30.764  79.052 0.8750000000
64615  28.764  -29.993  77.290 0.8750000000
154884  28.619  -30.079  76.486 0.7500000000
61221  30.341  -33.018  84.520 0.8750000000
61207  29.414  -32.790  85.241 0.8750000000
164585  29.965  -32.907  83.537 0.8750000000
61238  30.276  -32.587  82.698 1.0000000000
149952  29.716  -32.414  81.979 1.0000000000
62383  30.034  -31.542  80.536 1.0000000000
63531  30.703  -30.859  80.079 1.0000000000
63544  30.389  -30.499  79.370 1.0000000000
63532  29.797  -31.175  79.787 1.0000000000
64601  30.040  -30.063  78.672 1.0000000000
63559  29.048  -30.360  78.220 1.0000000000
64634  29.290  -29.198  77.340 0.7500000000
64635  28.866  -29.178  76.602 0.6250000000
65760  28.729  -28.630  75.901 0.6250000000
63597  28.687  -30.181  75.909 0.6250000000
64671  28.860  -29.636  75.578 0.7500000000
61237  31.003  -32.680  83.423 0.6250000000
62356  32.486  -31.548  82.429 0.8750000000
61220  31.347  -32.735  84.325 0.6250000000
62370  31.313  -31.576  81.417 1.0000000000
63515  31.985  -30.988  80.890 1.0000000000
153873  30.736  -32.162  81.955 1.0000000000
63516  31.014  -31.259  80.735 1.0000000000
62371  30.336  -31.870  81.277 1.0000000000
64613  30.694  -29.178  78.406 1.0000000000
64614  29.606  -29.571  77.969 1.0000000000
65721  30.058  -28.794  77.689 1.0000000000
65741  29.494  -28.491  77.104 0.7500000000
65742  29.079  -28.196  76.442 0.7500000000
171447  28.726  -27.920  75.954 0.6250000000
63504  32.266  -31.293  81.613 0.8750000000
64574  32.558  -30.093  80.574 0.8750000000
63530  31.665  -30.541  80.261 1.0000000000
64588  32.234  -29.621  79.912 1.0000000000
64589  31.325  -30.146  79.580 1.0000000000
65740  30.177  -28.089  77.458 0.8750000000
66794  29.724  -27.553  77.025 0.7500000000
66795  28.962  -27.391  76.419 0.6250000000
66811  28.413  -27.289  75.719 0.6250000000
181084  32.649  -29.489  80.373 0.8750000000
66744  32.114  -27.614  79.766 1.0000000000
65686  32.319  -28.622  79.733 1.0000000000
65698  31.942  -28.307  79.204 1.0000000000
67878  31.553  -26.959  79.405 1.0000000000
64599  31.656  -29.194  79.134 1.0000000000
66754  31.707  -27.697  79.065 1.0000000000
66755  31.204  -27.319  78.477 1.0000000000
65699  31.452  -28.327  78.617 1.0000000000
167153  30.808  -28.196  77.939 1.0000000000
66775  30.454  -27.399  77.752 1.0000000000
66776  30.004  -26.686  77.517 1.0000000000
153533  29.372  -26.702  76.903 0.6250000000
67919  28.649  -26.641  76.397 0.6250000000
167062  28.974  -26.089  76.888 0.7500000000
68974  28.293  -25.843  76.513 0.6250000000
68953  28.263  -25.141  76.829 0.6250000000
67879  30.998  -26.356  79.012 1.0000000000
67897  30.538  -26.581  78.227 1.0000000000
68952  28.891  -25.367  77.294 0.8750000000
68911  30.590  -25.641  79.532 1.0000000000
68925  30.326  -25.818  78.698 1.0000000000
67898  30.059  -26.026  77.981 1.0000000000
68926  29.596  -25.250  78.246 1.0000000000
70032  27.897  -24.552  76.698 0.7500000000
68912  30.075  -25.117  79.185 1.0000000000
69998  29.585  -24.485  79.029 1.0000000000
70010  29.003  -24.721  77.854 1.0000000000
70031  28.466  -24.611  77.349 1.0000000000
71134  27.638  -23.229  77.247 0.8750000000
72421  27.134  -22.804  76.830 0.8750000000
72449  26.270  -22.377  75.540 0.8750000000
72476  26.695  -22.142  73.452 0.6250000000
69989  30.305  -24.559  80.391 0.8750000000
177813  30.287  -25.045  79.856 1.0000000000
69997  29.959  -24.457  79.727 1.0000000000
71117  30.037  -23.740  80.255 1.0000000000
160252  29.560  -23.727  79.587 1.0000000000
71132  29.148  -23.783  78.854 1.0000000000
70009  29.193  -24.460  78.426 1.0000000000
71119  28.626  -23.081  78.609 1.0000000000
71133  28.687  -23.960  78.031 1.0000000000
71155  28.059  -23.874  77.284 1.0000000000
72403  27.558  -22.519  77.599 1.0000000000
151737  28.116  -23.176  77.870 1.0000000000
73655  27.068  -21.907  77.102 0.8750000000
74978  26.704  -20.870  76.025 1.0000000000
73670  26.568  -21.709  76.287 1.0000000000
73722  26.525  -21.311  73.478 0.7500000000
74995  26.457  -20.827  75.081 0.8750000000
71092  30.992  -24.095  81.632 0.7500000000
71093  30.707  -23.339  81.403 0.7500000000
69981  30.476  -23.911  80.950 0.7500000000
71106  29.734  -22.837  80.028 0.8750000000
72387  29.077  -21.848  79.875 0.8750000000
71118  29.165  -22.918  79.340 1.0000000000
72388  28.583  -22.151  79.055 1.0000000000
72402  28.057  -22.341  78.333 1.0000000000
73642  27.607  -21.677  77.927 1.0000000000
74977  27.314  -20.175  76.562 1.0000000000
73669  27.003  -21.044  76.870 1.0000000000
75012  26.863  -20.219  74.471 0.8750000000
75013  26.310  -20.953  74.205 0.7500000000
71083  31.440  -23.733  82.603 0.7500000000
174193  31.053  -23.248  81.929 0.7500000000
72367  30.660  -22.517  81.682 0.7500000000
71105  30.197  -22.943  80.881 0.8750000000
173764  30.205  -22.045  81.180 0.8750000000
73601  30.295  -21.540  81.777 0.8750000000
156578  29.774  -21.218  81.220 0.8750000000
72377  29.790  -21.982  80.563 0.8750000000
73610  29.082  -20.939  80.657 0.8750000000
73611  28.656  -20.798  80.081 0.8750000000
76171  28.777  -19.563  79.590 0.8750000000
74930  28.473  -20.303  79.659 1.0000000000
73641  28.029  -21.438  78.689 1.0000000000
76172  28.373  -19.893  79.118 1.0000000000
74960  27.442  -20.363  77.373 1.0000000000
173572  27.333  -21.153  77.525 1.0000000000
76211  28.340  -19.034  75.514 1.0000000000
74993  27.844  -19.445  76.234 1.0000000000
74976  27.983  -19.366  77.011 1.0000000000
76248  27.453  -19.918  73.016 0.8750000000
76230  27.448  -19.712  73.906 0.8750000000
71071  31.819  -22.758  83.318 0.6250000000
72357  31.174  -22.520  82.530 0.6250000000
72358  30.764  -21.825  82.214 0.8750000000
73594  30.422  -21.056  82.441 0.7500000000
76131  30.827  -19.828  82.863 0.8750000000
178742  30.892  -20.235  83.111 0.8750000000
76149  31.516  -19.515  81.961 0.8750000000
152607  30.887  -19.548  82.288 0.8750000000
74884  30.405  -20.270  82.488 0.8750000000
162480  29.957  -19.665  81.523 0.8750000000
157112  29.439  -20.350  81.194 0.8750000000
153299  32.107  -19.573  80.037 0.5000000000
76162  30.987  -19.266  80.473 0.7500000000
76163  29.994  -19.378  80.839 0.8750000000
74915  28.824  -20.084  80.477 0.8750000000
162840  30.244  -19.059  79.935 0.8750000000
74928  31.472  -19.259  79.500 0.5000000000
155140  29.322  -18.986  78.830 0.8750000000
155271  28.615  -19.382  78.836 1.0000000000
74943  32.060  -19.286  78.618 0.8750000000
76181  30.341  -18.771  77.903 1.0000000000
76183  28.131  -19.688  78.429 1.0000000000
74958  29.614  -18.681  77.365 1.0000000000
76189  28.526  -19.060  77.606 1.0000000000
74959  27.813  -19.779  77.775 1.0000000000
175855  30.634  -18.697  77.120 1.0000000000
76198  29.069  -18.728  76.842 1.0000000000
76247  28.183  -19.397  73.432 1.0000000000
76229  28.303  -19.152  74.409 1.0000000000
76266  28.161  -19.764  72.572 1.0000000000
76246  29.124  -19.004  73.862 1.0000000000
75080  28.325  -20.742  71.057 0.7500000000
73777  28.717  -21.291  70.310 0.7500000000
72333  32.716  -22.743  84.932 0.5000000000
72335  31.696  -21.785  83.885 0.6250000000
73582  31.535  -20.972  84.284 0.6250000000
73581  31.912  -20.783  84.924 0.5000000000
74878  31.277  -20.548  83.620 0.7500000000
172356  31.794  -19.689  83.208 0.7500000000
155433  34.282  -20.178  80.920 0.5000000000
74896  33.383  -20.039  81.174 0.5000000000
74897  32.444  -19.799  81.542 0.5000000000
73609  33.665  -19.943  80.298 0.5000000000
74913  32.736  -19.791  80.601 0.5000000000
74927  32.553  -19.536  79.145 0.5000000000
73623  33.059  -19.705  79.690 0.5000000000
74942  32.901  -19.669  78.284 0.5000000000
74957  31.520  -18.949  77.227 1.0000000000
74975  30.217  -18.599  76.626 1.0000000000
76228  29.379  -18.779  74.843 1.0000000000
75055  28.197  -20.248  71.782 0.8750000000
75054  28.996  -19.739  72.174 1.0000000000
73792  32.658  -21.717  68.956 0.1250000000
73793  31.581  -21.608  68.784 0.2500000000
73795  29.661  -21.537  69.210 0.5000000000
75119  29.245  -21.127  69.582 0.5000000000
152707  28.836  -20.481  70.532 0.8750000000
73815  30.804  -21.010  68.413 0.2500000000
73816  30.027  -20.859  68.502 0.5000000000
73563  32.920  -20.853  86.277 0.3750000000
74855  33.563  -20.044  85.892 0.5000000000
74868  31.778  -20.323  84.310 0.6250000000
76102  32.234  -19.983  84.608 0.7500000000
159778  34.086  -20.215  84.003 0.3750000000
74866  33.472  -19.956  84.584 0.3750000000
76115  31.303  -20.051  83.498 0.7500000000
155578  35.945  -20.959  84.112 0.2500000000
74877  33.335  -20.035  83.585 0.3750000000
76113  32.380  -19.813  83.450 0.3750000000
177464  35.986  -20.749  82.476 0.2500000000
155994  35.209  -20.653  82.806 0.2500000000
74876  34.330  -20.408  83.152 0.3750000000
154541  33.724  -20.215  82.588 0.3750000000
177739  32.918  -20.026  82.864 0.3750000000
73591  35.449  -20.576  82.000 0.2500000000
74883  33.116  -20.059  82.057 0.5000000000
181350  35.572  -20.550  81.355 0.3750000000
164549  35.124  -20.430  80.804 0.5000000000
73622  33.911  -19.944  79.335 0.5000000000
73640  33.337  -19.767  78.744 0.5000000000
74956  32.400  -19.429  77.308 0.7500000000
74973  32.260  -19.354  76.555 1.0000000000
76210  30.540  -18.734  75.103 1.0000000000
176936  29.629  -19.005  73.423 1.0000000000
75078  30.120  -19.677  71.322 0.8750000000
161738  29.841  -19.700  71.898 1.0000000000
75102  29.240  -20.420  69.755 0.7500000000
75079  28.946  -20.046  71.248 0.8750000000
73791  33.601  -21.707  69.077 0.1250000000
73814  32.278  -21.055  68.443 0.1250000000
177837  30.509  -20.569  68.317 0.5000000000
75118  29.453  -20.638  69.003 0.5000000000
73812  34.018  -21.029  68.650 0.1250000000
73813  33.134  -21.104  68.589 0.1250000000
73551  33.859  -20.786  87.076 0.2500000000
161452  41.224  -17.124  86.223 0.2500000000
77268  40.941  -18.025  86.535 0.2500000000
172351  34.114  -20.312  86.881 0.1250000000
77276  41.178  -18.567  85.759 0.2500000000
155167  34.059  -20.073  86.437 0.1250000000
74839  33.470  -20.398  86.530 0.3750000000
76082  40.855  -18.961  86.094 0.2500000000
73558  39.021  -20.674  86.052 0.2500000000
73571  36.700  -20.648  85.817 0.2500000000
73580  35.228  -20.346  85.286 0.2500000000
174893  33.717  -19.964  85.327 0.3750000000
74850  40.426  -20.690  85.295 0.2500000000
74851  39.845  -20.728  85.709 0.2500000000
73570  37.675  -21.101  85.694 0.2500000000
180833  35.274  -20.689  84.551 0.2500000000
74865  34.441  -20.120  84.828 0.3750000000
73567  40.322  -21.473  85.022 0.2500000000
73568  39.701  -21.562  85.455 0.2500000000
73569  38.724  -21.448  85.655 0.2500000000
72323  37.279  -21.627  85.073 0.2500000000
73579  35.896  -20.955  84.800 0.2500000000
72329  38.667  -22.517  84.392 0.2500000000
72331  36.983  -21.797  84.407 0.2500000000
171314  36.446  -21.377  84.420 0.2500000000
73587  34.985  -20.642  83.829 0.2500000000
156201  38.187  -22.667  83.740 0.2500000000
72344  37.486  -22.139  83.674 0.2500000000
72332  36.702  -21.537  83.663 0.2500000000
73586  35.960  -20.886  83.262 0.2500000000
72355  37.309  -22.057  82.782 0.2500000000
72356  36.580  -21.297  82.646 0.2500000000
72376  35.454  -20.527  80.243 0.5000000000
73639  34.031  -20.101  78.361 0.5000000000
74955  33.008  -19.857  77.488 0.7500000000
173940  31.426  -19.095  75.218 1.0000000000
75033  31.219  -19.132  73.432 1.0000000000
75053  31.022  -19.456  72.277 1.0000000000
75101  29.412  -19.880  70.467 0.8750000000
75129  31.026  -20.327  68.127 0.5000000000
76323  29.905  -19.620  68.550 0.5000000000
76304  29.486  -19.655  69.708 0.8750000000
75127  33.459  -20.422  68.296 0.1250000000
75128  31.972  -20.270  68.026 0.5000000000
76322  32.812  -19.894  67.968 0.1250000000
76074  40.382  -18.444  86.724 0.2500000000
76090  40.990  -19.422  85.399 0.2500000000
74833  40.096  -19.947  86.006 0.2500000000
76083  40.261  -19.183  86.328 0.2500000000
74852  36.007  -20.243  86.305 0.2500000000
73577  40.051  -22.117  84.803 0.2500000000
72354  37.843  -22.613  83.150 0.2500000000
156001  36.997  -21.664  82.051 0.2500000000
72365  37.074  -21.702  81.332 0.2500000000
72366  36.354  -20.946  81.671 0.2500000000
73598  35.917  -20.663  80.818 0.3750000000
72375  36.089  -20.773  80.078 0.5000000000
74972  32.967  -19.919  76.733 0.8750000000
74989  32.925  -19.856  75.961 1.0000000000
75032  31.995  -19.506  74.071 1.0000000000
75100  30.362  -19.593  70.964 1.0000000000
77465  29.942  -19.043  68.809 0.6250000000
76303  30.066  -19.247  70.269 0.8750000000
76331  32.043  -19.290  67.694 0.3750000000
77474  31.026  -18.405  68.150 0.6250000000
74849  40.821  -20.257  85.064 0.2500000000
73576  40.617  -21.829  84.441 0.2500000000
72343  38.999  -23.039  83.744 0.2500000000
71082  37.501  -22.283  81.897 0.2500000000
73621  34.707  -20.335  78.958 0.5000000000
73638  34.772  -20.500  77.936 0.5000000000
73653  33.730  -20.444  77.129 0.7500000000
73667  33.712  -20.583  76.554 1.0000000000
75052  32.091  -19.538  72.344 1.0000000000
150271  31.976  -19.518  73.206 1.0000000000
75077  31.200  -19.574  71.514 1.0000000000
76302  31.017  -18.824  70.385 1.0000000000
77463  30.806  -17.971  69.093 0.8750000000
77456  30.987  -18.173  69.670 1.0000000000
78621  31.765  -17.156  68.250 0.7500000000
78622  31.154  -17.638  68.620 0.8750000000
71069  38.411  -23.035  83.068 0.2500000000
155688  36.586  -21.166  80.725 0.3750000000
72374  36.737  -21.278  79.889 0.5000000000
72401  35.512  -20.626  78.632 0.5000000000
73666  34.371  -20.638  76.208 1.0000000000
73687  33.294  -20.332  75.562 1.0000000000
73721  32.511  -19.603  73.935 1.0000000000
75010  32.065  -19.461  74.873 1.0000000000
73739  32.684  -19.621  73.376 1.0000000000
76287  31.307  -19.482  71.042 1.0000000000
76286  32.409  -19.332  71.431 1.0000000000
77455  31.695  -18.291  70.334 1.0000000000
78611  31.307  -17.300  69.330 1.0000000000
78604  32.108  -17.591  70.465 1.0000000000
79707  31.707  -16.498  69.397 1.0000000000
71091  37.992  -22.945  81.640 0.2500000000
161869  37.219  -21.795  80.510 0.2500000000
72385  36.159  -20.881  79.262 0.5000000000
72420  35.175  -20.677  77.242 0.5000000000
168638  33.635  -20.588  75.887 1.0000000000
178502  33.615  -20.480  75.453 1.0000000000
73720  33.094  -19.681  74.360 1.0000000000
173545  33.139  -19.848  75.063 1.0000000000
75074  33.728  -19.461  72.830 1.0000000000
75075  33.093  -19.367  72.120 1.0000000000
75051  33.018  -19.596  72.770 1.0000000000
77454  32.460  -18.402  70.789 1.0000000000
76300  32.724  -19.007  71.064 1.0000000000
78603  32.888  -17.720  70.944 1.0000000000
79706  32.046  -15.957  69.518 1.0000000000
79690  31.743  -16.938  69.993 1.0000000000
81848  32.702  -14.837  68.825 0.6250000000
80745  31.849  -15.991  68.998 0.7500000000
80770  33.309  -15.262  67.855 0.3750000000
80756  32.361  -15.550  68.626 0.6250000000
80769  34.709  -15.350  67.302 0.1250000000
81873  34.021  -14.593  67.731 0.3750000000
71116  37.376  -21.903  79.658 0.2500000000
169526  36.392  -21.100  77.759 0.5000000000
72433  35.125  -20.741  76.639 0.5000000000
73716  35.792  -20.236  74.665 1.0000000000
73702  35.518  -20.469  75.199 1.0000000000
73684  35.309  -20.597  75.754 1.0000000000
73686  34.104  -20.547  75.588 1.0000000000
75028  36.739  -19.678  74.611 1.0000000000
75029  36.005  -19.845  74.292 1.0000000000
73718  34.387  -20.212  74.448 1.0000000000
176850  34.704  -20.459  75.182 1.0000000000
170547  37.552  -17.653  74.383 1.0000000000
158832  36.866  -17.756  74.141 1.0000000000
77420  36.482  -18.494  74.092 1.0000000000
75048  36.127  -19.226  74.062 1.0000000000
75031  34.716  -20.029  73.896 1.0000000000
73737  34.056  -19.805  73.895 1.0000000000
77435  35.659  -18.634  73.590 1.0000000000
76263  35.118  -19.209  73.322 1.0000000000
76264  34.442  -19.390  73.047 1.0000000000
78573  37.303  -16.988  74.221 1.0000000000
77434  36.094  -17.788  73.745 1.0000000000
78585  35.260  -17.675  73.246 1.0000000000
166573  34.381  -17.801  72.725 1.0000000000
77446  33.486  -18.517  71.866 1.0000000000
76284  33.807  -19.097  72.379 1.0000000000
79656  36.314  -16.178  73.578 1.0000000000
78592  35.309  -16.816  73.067 1.0000000000
78593  34.656  -16.969  72.764 1.0000000000
164208  33.726  -17.966  72.189 1.0000000000
76285  33.127  -19.040  71.570 1.0000000000
79657  35.623  -16.107  73.235 1.0000000000
79671  35.011  -16.082  72.774 1.0000000000
79672  34.268  -16.147  72.302 1.0000000000
78602  33.272  -17.037  71.246 1.0000000000
167534  33.590  -15.493  71.132 1.0000000000
79688  33.094  -16.039  70.928 1.0000000000
165007  32.471  -16.738  70.618 1.0000000000
81847  34.013  -13.905  69.320 0.8750000000
80743  32.806  -14.820  69.587 0.8750000000
80744  32.322  -15.411  69.251 0.7500000000
81859  34.623  -13.858  67.897 0.3750000000
81860  33.864  -14.004  68.433 0.5000000000
81861  33.234  -14.573  68.324 0.5000000000
81872  35.023  -14.467  67.330 0.1250000000
72448  35.172  -20.722  76.156 0.8750000000
75008  36.536  -20.208  74.865 1.0000000000
73701  36.289  -20.493  75.323 1.0000000000
77419  37.329  -18.322  74.395 1.0000000000
77403  37.864  -18.816  74.704 1.0000000000
79642  37.814  -16.222  74.159 1.0000000000
79643  37.090  -16.246  73.905 1.0000000000
80723  35.482  -15.276  72.780 1.0000000000
80715  36.108  -15.294  73.260 1.0000000000
161270  35.472  -14.590  72.297 1.0000000000
80725  34.082  -15.346  71.663 1.0000000000
81822  35.218  -14.185  71.696 1.0000000000
80730  34.544  -14.489  71.336 1.0000000000
81846  34.845  -13.643  69.739 0.8750000000
153578  34.308  -14.108  70.346 1.0000000000
83108  35.286  -13.414  68.258 0.6250000000
83128  36.204  -13.516  67.235 0.3750000000
78559  40.337  -17.691  75.246 0.7500000000
77402  39.864  -18.262  75.052 0.8750000000
169106  40.169  -17.028  75.227 0.8750000000
78560  39.690  -17.487  75.026 0.8750000000
79619  40.402  -16.302  75.253 0.8750000000
79629  39.714  -16.620  75.002 0.8750000000
80701  39.875  -15.610  74.918 0.8750000000
79630  39.197  -16.190  74.777 0.8750000000
78571  38.931  -17.104  74.750 1.0000000000
177584  38.630  -18.653  74.793 1.0000000000
75027  37.579  -19.543  74.856 0.8750000000
72460  36.044  -20.651  75.814 0.8750000000
80706  39.010  -15.403  74.580 0.8750000000
79641  38.529  -16.204  74.474 0.8750000000
78572  38.053  -17.026  74.480 1.0000000000
162097  38.206  -15.286  74.139 1.0000000000
80707  37.528  -15.606  73.941 1.0000000000
81808  36.712  -14.379  73.195 1.0000000000
81809  36.017  -14.545  72.621 1.0000000000
81820  36.450  -13.742  72.317 1.0000000000
81821  35.832  -13.925  71.986 1.0000000000
83057  36.327  -13.327  71.470 1.0000000000
81834  35.681  -13.534  71.173 1.0000000000
81835  35.000  -13.772  70.815 1.0000000000
83074  36.182  -12.994  70.627 1.0000000000
83075  35.551  -13.286  70.195 0.8750000000
83089  36.137  -12.758  69.612 0.7500000000
83090  35.379  -13.206  69.158 0.6250000000
83127  36.937  -13.195  67.001 0.3750000000
83107  36.525  -12.495  68.841 0.6250000000
175467  35.884  -13.283  67.877 0.6250000000
169996  37.765  -13.102  66.712 0.1250000000
177159  37.223  -13.548  66.629 0.2500000000
81781  39.556  -14.648  74.672 0.8750000000
81793  38.147  -14.193  73.886 1.0000000000
81792  38.839  -14.462  74.265 0.8750000000
84134  38.536  -12.609  73.249 1.0000000000
83041  37.805  -12.964  72.931 1.0000000000
81807  37.509  -13.815  73.415 1.0000000000
83055  37.547  -12.722  72.209 1.0000000000
84174  37.286  -12.189  70.334 1.0000000000
83073  36.809  -12.703  70.977 1.0000000000
84185  36.924  -12.287  69.529 0.7500000000
83088  36.662  -12.597  70.222 1.0000000000
176869  38.038  -12.120  68.075 0.6250000000
84199  37.312  -12.180  68.574 0.6250000000
83147  40.481  -12.432  66.245 0.8750000000
84217  39.643  -12.552  66.402 0.7500000000
84208  39.360  -12.096  67.204 0.3750000000
84209  38.364  -12.352  67.332 0.6250000000
84210  37.461  -12.548  67.549 0.5000000000
83171  41.316  -13.603  64.378 0.3750000000
83160  40.962  -13.089  65.063 0.7500000000
160312  39.826  -13.119  65.753 0.6250000000
84218  38.737  -12.789  66.547 0.5000000000
81936  41.818  -13.971  63.890 0.2500000000
81947  43.127  -13.996  63.363 0.2500000000
83197  43.591  -13.676  63.125 0.2500000000
83185  43.266  -13.468  63.400 0.5000000000
83004  40.023  -13.135  74.714 0.7500000000
83005  39.400  -13.707  74.446 0.8750000000
84123  39.487  -12.804  74.199 0.8750000000
83021  38.749  -13.368  73.946 0.8750000000
84146  38.410  -12.192  72.245 1.0000000000
84160  37.641  -12.226  71.348 1.0000000000
151140  38.780  -11.821  71.214 1.0000000000
84173  38.233  -11.820  70.362 0.8750000000
169049  39.717  -11.787  68.816 0.8750000000
84197  38.942  -11.963  68.229 0.6250000000
173259  38.881  -11.802  69.361 0.7500000000
84184  37.771  -11.920  69.489 0.8750000000
149945  42.379  -12.416  66.916 1.0000000000
83125  41.389  -12.095  67.014 1.0000000000
83126  40.388  -11.958  67.085 0.8750000000
84196  40.071  -11.841  68.029 0.8750000000
155236  41.948  -12.449  65.679 0.8750000000
83146  41.228  -12.419  66.020 0.8750000000
155262  41.803  -12.977  64.716 0.6250000000
152058  42.603  -12.871  64.348 0.6250000000
84233  43.198  -12.998  63.691 0.8750000000
83196  44.143  -13.680  62.803 0.3750000000
84257  44.388  -12.938  62.727 0.5000000000
84246  43.746  -13.026  63.126 0.8750000000
83195  44.927  -13.446  62.521 0.3750000000
82982  40.561  -13.680  75.067 0.7500000000
151578  40.271  -12.402  74.284 0.8750000000
153432  39.882  -12.158  73.600 1.0000000000
84145  39.475  -11.991  72.743 1.0000000000
173115  40.651  -11.971  73.637 1.0000000000
84144  40.575  -11.796  72.853 1.0000000000
84159  39.391  -11.863  71.815 1.0000000000
154105  39.828  -11.751  71.026 1.0000000000
172667  40.190  -11.758  70.288 1.0000000000
81845  43.283  -13.341  69.408 1.0000000000
83086  42.183  -12.354  69.170 1.0000000000
159174  40.953  -11.880  69.770 1.0000000000
152440  39.988  -11.745  69.569 1.0000000000
81844  43.766  -13.960  69.303 1.0000000000
81858  43.437  -13.589  68.592 1.0000000000
153942  42.216  -12.414  67.893 1.0000000000
83087  41.501  -12.064  69.023 1.0000000000
84183  40.607  -11.836  68.880 1.0000000000
83124  43.052  -12.980  67.866 1.0000000000
83105  41.221  -12.036  68.079 1.0000000000
81870  43.713  -13.563  67.686 0.8750000000
83123  43.536  -12.984  66.838 0.8750000000
176634  43.218  -12.639  66.054 0.8750000000
83170  43.396  -12.464  64.322 0.8750000000
84232  43.703  -12.544  63.589 0.8750000000
84256  45.134  -12.555  62.592 0.7500000000
84245  44.274  -12.422  63.129 0.8750000000
84109  41.680  -12.586  75.303 0.6250000000
83003  40.862  -12.692  74.924 0.7500000000
84122  42.338  -12.095  74.721 0.6250000000
174456  41.547  -12.237  74.680 0.6250000000
162719  41.097  -12.055  74.185 0.6250000000
84133  41.525  -11.722  73.186 1.0000000000
84143  41.489  -11.667  72.109 1.0000000000
84158  40.455  -11.714  71.787 1.0000000000
81819  44.307  -13.224  71.248 0.5000000000
83054  42.369  -11.788  71.326 1.0000000000
81832  44.289  -13.851  70.633 0.6250000000
83069  43.723  -12.944  70.758 1.0000000000
83070  42.929  -12.394  70.615 1.0000000000
83071  42.273  -11.983  70.562 1.0000000000
84171  40.790  -11.737  70.716 1.0000000000
171111  44.128  -14.127  69.907 0.6250000000
81833  43.250  -13.028  70.065 1.0000000000
83085  42.520  -12.577  69.800 1.0000000000
179241  41.826  -12.115  69.606 1.0000000000
81843  44.478  -14.271  69.248 0.7500000000
81857  44.064  -14.095  68.486 0.7500000000
81869  44.697  -14.087  67.644 0.7500000000
83122  44.255  -13.327  66.931 0.7500000000
83144  43.833  -12.778  66.153 0.7500000000
83159  43.229  -12.525  65.279 0.8750000000
84231  44.167  -12.067  64.107 1.0000000000
85213  46.572  -11.707  62.679 0.6250000000
85204  45.708  -11.833  62.837 0.7500000000
84244  44.896  -11.910  63.353 1.0000000000
81804  45.701  -13.898  72.659 0.5000000000
172956  42.718  -11.861  73.852 0.7500000000
83020  42.588  -11.677  73.132 0.8750000000
83038  44.050  -12.435  72.563 0.5000000000
83019  43.424  -11.917  73.227 0.5000000000
83040  42.442  -11.701  72.253 0.8750000000
81817  45.405  -14.007  71.649 0.5000000000
81805  45.133  -13.512  72.259 0.5000000000
81806  44.565  -13.015  71.966 0.5000000000
179954  44.900  -14.048  70.931 0.6250000000
83052  43.900  -12.607  71.690 0.7500000000
83053  43.182  -12.168  71.458 0.8750000000
81831  45.533  -14.211  70.738 0.3750000000
161624  44.895  -14.315  70.101 0.5000000000
81842  45.430  -14.429  69.114 0.5000000000
81856  44.821  -14.333  68.511 0.6250000000
153283  45.137  -13.551  66.790 0.7500000000
83143  44.603  -12.935  66.168 0.7500000000
83142  45.388  -13.036  66.070 0.7500000000
84223  46.020  -12.158  65.773 0.8750000000
84224  45.325  -12.286  65.514 0.8750000000
83157  44.837  -12.587  65.642 0.7500000000
83158  44.063  -12.413  65.286 1.0000000000
86213  46.503  -10.652  64.575 0.8750000000
85187  45.899  -11.074  64.264 1.0000000000
84230  44.941  -11.774  64.468 0.8750000000
86230  47.024  -10.600  63.855 1.0000000000
85203  46.129  -11.284  63.367 1.0000000000
85188  45.466  -11.460  63.814 0.8750000000
156331  46.858  -11.143  63.262 0.8750000000
85212  47.425  -11.586  62.740 0.3750000000
156405  46.335  -14.138  72.061 0.3750000000
81802  47.119  -14.158  72.665 0.3750000000
81816  47.289  -14.125  71.784 0.3750000000
159455  46.042  -14.145  71.239 0.3750000000
81830  46.331  -14.229  70.538 0.3750000000
160320  45.852  -14.372  69.925 0.5000000000
160619  46.701  -14.279  69.773 0.3750000000
81841  46.230  -14.372  69.282 0.5000000000
81854  46.209  -14.326  68.627 0.5000000000
81855  45.522  -14.331  68.167 0.6250000000
83102  46.217  -14.225  67.948 0.6250000000
83121  45.744  -14.089  67.374 0.6250000000
84216  46.002  -12.914  65.940 0.6250000000
85169  46.679  -11.868  66.001 0.7500000000
86197  46.945  -10.170  65.967 0.8750000000
85176  46.053  -11.321  65.257 0.8750000000
86236  47.896  -10.336  63.921 0.8750000000
86229  47.219  -10.120  64.547 0.8750000000
83051  48.049  -13.947  71.357 0.3750000000
153721  46.750  -14.157  71.177 0.3750000000
81829  47.142  -14.163  70.419 0.3750000000
83083  47.574  -13.969  69.600 0.3750000000
83101  46.850  -14.105  68.248 0.5000000000
83120  46.574  -13.830  67.518 0.6250000000
83119  47.279  -13.445  67.892 0.6250000000
84207  47.020  -13.190  67.058 0.6250000000
84206  47.354  -12.251  66.816 0.6250000000
84215  46.577  -12.713  66.358 0.6250000000
85168  47.130  -11.210  66.266 0.7500000000
87312  47.167  -9.334  66.054 0.8750000000
87329  47.999  -9.422  64.886 0.8750000000
83068  47.941  -13.983  70.477 0.3750000000
83100  47.456  -13.639  68.705 0.5000000000
84194  48.757  -12.261  68.193 0.3750000000
172875  47.619  -12.840  67.515 0.6250000000
85165  48.646  -11.435  67.652 0.5000000000
84205  48.176  -12.230  67.523 0.6250000000
85166  48.014  -11.397  66.883 0.3750000000
87291  48.033  -9.443  67.866 0.3750000000
86191  48.134  -10.470  67.243 0.6250000000
88301  47.505  -7.886  68.126 0.3750000000
155918  47.135  -9.600  66.472 0.7500000000
86192  47.368  -10.376  66.618 0.7500000000
89326  47.653  -7.637  67.736 0.5000000000
88320  47.406  -8.645  66.574 0.7500000000
88319  47.674  -8.455  66.460 0.7500000000
88325  47.500  -8.904  65.946 0.7500000000
88324  48.163  -8.650  65.988 0.6250000000
87320  48.814  -9.341  65.205 0.8750000000
86188  48.983  -10.583  67.884 0.2500000000
88288  49.149  -7.845  70.089 0.1250000000
88294  48.805  -8.327  69.531 0.1250000000
89294  48.331  -7.446  69.911 0.1250000000
87286  48.457  -8.865  68.714 0.1250000000
88296  47.671  -7.309  68.764 0.2500000000
90357  47.823  -6.976  68.252 0.5000000000
158892  48.149  -7.972  66.729 0.6250000000
85162  49.211  -11.516  68.340 0.2500000000
86187  49.538  -10.818  68.621 0.1250000000
163890  49.823  -10.282  68.892 0.1250000000
87285  49.583  -9.456  69.219 0.1250000000
87290  49.142  -9.919  68.480 0.2500000000
88293  49.974  -8.683  69.936 0.1250000000
173187  50.602  -6.056  70.763 0.1250000000
162085  49.060  -7.113  70.397 0.1250000000
162896  49.696  -5.804  70.535 0.1250000000
90332  49.135  -6.356  70.452 0.1250000000
89331  47.631  -8.058  66.979 0.6250000000
162175  51.286  -4.761  70.645 0.1250000000
91433  48.914  -5.726  70.151 0.2500000000
90342  47.977  -6.292  69.380 0.2500000000
61034  1.445  -32.642  101.796 0.6250000000
57597  0.414  -36.076  99.961 0.3750000000
56510  -0.291  -36.944  99.385 0.2500000000
56511  -1.060  -36.836  99.223 0.3750000000
61033  5.558  -32.564  101.542 0.6250000000
57599  -0.895  -35.293  99.333 0.3750000000
58778  -1.401  -34.416  97.096 0.2500000000
61044  6.869  -32.859  100.411 0.6250000000
59908  -0.780  -33.773  95.701 0.2500000000
157896  -0.370  -33.126  95.108 0.2500000000
161772  6.077  -34.612  98.262 0.8750000000
57608  4.502  -35.930  98.599 0.3750000000
57594  3.091  -36.202  99.619 0.3750000000
58793  -1.208  -34.488  96.174 0.2500000000
57688  7.060  -35.708  93.429 0.1250000000
152005  7.005  -35.041  94.977 0.3750000000
57672  5.928  -36.405  94.461 0.1250000000
57650  5.940  -35.913  95.414 0.1250000000
57649  6.555  -35.323  95.379 0.3750000000
57630  5.084  -36.293  96.847 0.2500000000
58792  6.265  -35.078  96.843 0.5000000000
59921  7.921  -34.170  94.720 0.6250000000
154044  6.805  -34.594  96.451 0.6250000000
59860  7.214  -33.071  99.617 0.7500000000
59871  7.453  -33.149  98.825 0.8750000000
58776  6.577  -34.235  97.897 0.8750000000
59887  7.042  -33.884  97.501 0.8750000000
58777  6.134  -34.852  97.620 0.6250000000
59907  7.386  -34.211  96.068 0.7500000000
59980  9.602  -33.826  91.477 0.5000000000
58864  9.229  -34.389  90.945 0.3750000000
58885  8.935  -35.199  90.396 0.2500000000
61081  9.752  -32.530  97.436 0.7500000000
61090  8.460  -32.863  97.212 0.7500000000
160515  9.206  -32.636  96.926 0.7500000000
181150  8.158  -33.180  96.862 0.8750000000
59919  9.126  -33.352  94.026 0.7500000000
59979  10.213  -33.365  91.554 0.6250000000
58883  9.987  -34.134  89.699 0.5000000000
59893  11.111  -33.128  96.463 0.6250000000
61087  10.326  -32.611  96.192 0.8750000000
60002  11.122  -33.054  90.184 0.7500000000
157203  10.629  -33.219  90.892 0.7500000000
60038  11.033  -33.352  88.362 0.3750000000
61159  12.063  -32.536  87.732 0.3750000000
58821  12.191  -34.017  93.948 0.6250000000
59957  11.522  -33.205  92.047 1.0000000000
59958  10.671  -33.167  92.400 0.8750000000
61180  12.672  -32.461  87.276 0.5000000000
61197  13.135  -32.689  86.741 0.5000000000
60001  12.739  -33.264  90.809 0.8750000000
60037  12.777  -32.447  88.394 0.7500000000
60036  13.452  -32.860  88.191 0.8750000000
61156  13.544  -32.785  87.436 0.8750000000
58861  14.194  -34.979  91.691 0.7500000000
58901  15.122  -34.690  88.911 0.8750000000
58925  14.599  -34.030  88.426 0.8750000000
174779  15.113  -34.077  85.680 0.8750000000
58965  15.296  -34.388  86.395 1.0000000000
62388  20.801  -31.989  80.302 0.3750000000
167314  21.044  -32.068  81.147 0.1250000000
60150  21.034  -33.583  81.154 0.3750000000
59067  20.239  -34.686  80.608 0.5000000000
60179  20.273  -34.050  79.910 0.5000000000
59041  20.572  -34.866  81.718 0.1250000000
60178  20.678  -33.453  80.176 0.5000000000
62401  20.320  -31.094  79.148 0.3750000000
61324  19.891  -31.815  78.787 0.6250000000
61287  18.862  -32.511  79.457 0.7500000000
61304  20.173  -33.318  79.410 0.7500000000
58880  15.099  -34.773  89.687 0.7500000000
58999  15.624  -34.418  84.243 0.7500000000
177992  20.229  -29.373  78.816 0.3750000000
64620  19.899  -28.968  78.523 0.5000000000
64621  19.353  -29.363  78.637 0.6250000000
62416  19.898  -30.760  78.669 0.3750000000
64622  18.797  -29.600  78.967 0.7500000000
63565  18.730  -30.549  79.064 0.7500000000
62403  18.753  -31.462  79.224 0.7500000000
62389  18.475  -31.718  79.947 0.7500000000
57766  16.724  -35.381  86.709 0.8750000000
58980  18.635  -35.436  85.159 0.8750000000
60111  18.674  -34.060  82.513 0.6250000000
181013  18.562  -33.521  81.707 0.7500000000
59043  16.988  -34.617  81.959 0.7500000000
67883  20.560  -25.912  79.061 0.7500000000
66761  19.385  -27.237  79.085 0.8750000000
65705  19.166  -27.953  78.866 0.7500000000
66747  18.853  -27.913  79.667 0.8750000000
152328  18.397  -29.869  80.037 0.7500000000
63537  18.486  -30.141  80.864 0.8750000000
60110  19.353  -33.846  83.388 0.7500000000
61241  19.534  -32.917  83.085 0.7500000000
63509  18.991  -30.279  82.459 0.7500000000
67866  20.330  -25.785  80.077 0.7500000000
175869  20.410  -25.897  81.132 0.8750000000
66746  19.181  -27.022  80.126 0.8750000000
66734  18.800  -27.708  80.743 0.8750000000
65679  18.603  -28.485  81.187 0.8750000000
64474  24.615  -29.932  88.870 0.5000000000
63434  24.429  -30.196  89.626 0.3750000000
157237  23.826  -29.858  89.238 0.6250000000
65569  22.398  -28.447  89.786 0.7500000000
65556  22.717  -28.593  90.600 0.5000000000
64482  27.514  -29.308  88.116 0.7500000000
64483  26.418  -29.347  88.256 0.6250000000
63446  26.072  -30.068  89.044 0.6250000000
64484  24.860  -29.530  88.287 0.7500000000
163147  25.486  -29.259  87.874 0.6250000000
65582  23.152  -29.205  88.244 0.8750000000
156696  21.977  -28.222  89.064 0.8750000000
65583  22.411  -28.600  88.255 1.0000000000
66651  20.873  -26.940  88.643 0.8750000000
66650  21.668  -27.792  88.351 0.8750000000
67721  20.323  -26.389  89.156 0.8750000000
67716  19.932  -26.359  89.658 0.6250000000
67737  19.972  -26.209  88.711 0.8750000000
66640  19.367  -27.032  88.894 0.8750000000
65584  19.210  -27.532  88.127 0.8750000000
65571  19.526  -27.954  89.081 0.7500000000
64488  19.906  -28.660  88.319 0.7500000000
64507  27.468  -29.252  86.344 0.8750000000
64495  27.096  -28.983  87.414 0.7500000000
66660  21.184  -27.253  87.541 1.0000000000
67755  19.523  -26.397  87.385 0.8750000000
65599  19.163  -27.587  87.143 0.8750000000
151486  19.595  -34.814  85.875 0.8750000000
62306  28.043  -31.013  85.998 0.7500000000
63472  27.700  -30.263  85.693 1.0000000000
64508  26.881  -28.651  86.239 0.8750000000
65611  26.461  -28.250  85.721 0.8750000000
65612  25.566  -28.196  86.214 1.0000000000
65614  23.336  -28.524  86.520 1.0000000000
65615  22.169  -28.173  86.736 1.0000000000
66671  21.224  -27.205  86.489 1.0000000000
180051  19.927  -26.206  86.605 0.8750000000
159029  19.513  -26.307  86.581 0.8750000000
64511  19.964  -29.387  85.981 0.8750000000
62312  20.078  -31.322  85.786 0.8750000000
62324  19.810  -31.283  85.008 0.8750000000
60077  20.342  -33.031  85.736 0.8750000000
63483  27.231  -30.439  84.872 1.0000000000
64526  27.067  -29.602  84.765 0.8750000000
64517  27.374  -29.704  85.410 1.0000000000
65630  23.705  -28.161  85.831 1.0000000000
65629  24.727  -28.059  85.753 1.0000000000
66680  22.980  -27.802  85.305 1.0000000000
66670  22.855  -28.214  86.020 1.0000000000
66682  21.250  -27.137  85.642 1.0000000000
67772  19.430  -26.271  85.657 0.8750000000
67784  20.381  -26.342  85.318 1.0000000000
65631  19.248  -27.829  84.896 0.8750000000
170979  19.173  -26.508  86.209 0.8750000000
160988  19.644  -29.620  85.221 0.8750000000
63488  19.569  -30.360  84.611 0.8750000000
60094  19.862  -33.942  84.338 0.8750000000
64539  26.803  -29.254  83.905 1.0000000000
63493  26.633  -30.229  83.191 1.0000000000
63492  26.708  -31.043  83.472 1.0000000000
65643  26.339  -27.975  84.838 0.8750000000
66678  25.033  -27.487  85.016 1.0000000000
66689  24.447  -27.204  84.407 1.0000000000
66691  22.410  -27.341  84.610 1.0000000000
67799  20.416  -26.348  84.410 1.0000000000
67801  19.516  -26.447  83.805 0.8750000000
66683  19.082  -26.717  85.395 0.8750000000
63497  19.329  -29.919  83.858 0.7500000000
163036  19.421  -31.253  83.421 0.7500000000
66701  26.185  -27.648  83.999 1.0000000000
66705  22.761  -27.085  83.780 1.0000000000
67819  19.976  -26.320  83.401 1.0000000000
65652  19.205  -27.969  83.456 0.7500000000
171203  27.272  -31.749  81.145 1.0000000000
62385  28.123  -32.024  80.554 1.0000000000
164762  27.861  -31.725  79.941 1.0000000000
66717  26.131  -27.701  83.131 0.8750000000
65660  26.161  -28.286  82.469 1.0000000000
67815  24.240  -26.577  82.951 0.8750000000
66704  23.835  -26.958  83.731 1.0000000000
67816  23.242  -26.649  83.048 1.0000000000
67837  20.310  -26.297  82.694 0.8750000000
67820  19.731  -26.662  82.914 0.8750000000
65663  19.107  -27.894  82.609 0.7500000000
64562  18.849  -29.466  82.307 0.7500000000
64546  19.163  -29.687  83.074 0.7500000000
62399  26.798  -31.194  79.780 1.0000000000
64575  26.028  -29.565  81.305 0.8750000000
65673  25.924  -28.599  81.544 0.8750000000
65687  25.808  -28.858  80.559 0.8750000000
66732  25.569  -27.197  81.322 0.8750000000
65661  25.836  -27.826  81.752 0.8750000000
67849  25.167  -26.655  81.770 0.8750000000
67833  24.472  -26.364  82.099 0.8750000000
67835  22.122  -26.123  82.093 0.8750000000
165042  23.621  -26.308  82.329 0.8750000000
67834  22.964  -26.074  81.788 0.8750000000
67838  19.813  -26.450  81.866 0.8750000000
66733  19.162  -26.961  81.261 0.8750000000
64591  25.720  -29.082  79.393 0.8750000000
66745  25.487  -27.258  80.239 0.8750000000
67850  24.535  -26.194  81.172 0.8750000000
68883  22.463  -25.289  80.638 0.8750000000
68885  21.052  -25.444  80.558 0.7500000000
62332  27.699  -32.065  84.597 0.8750000000
63546  28.540  -31.063  78.725 1.0000000000
62397  28.119  -31.514  79.361 0.8750000000
157633  28.192  -30.929  77.843 0.8750000000
64655  28.684  -29.461  75.927 0.7500000000
62345  31.113  -32.349  82.561 0.8750000000
64600  30.862  -29.857  79.015 1.0000000000
62344  31.861  -32.218  82.872 0.7500000000
62357  31.609  -31.848  82.116 1.0000000000
63514  32.777  -30.554  81.243 0.8750000000
65685  32.709  -28.894  80.346 0.8750000000
67918  29.500  -26.002  77.465 1.0000000000
154243  27.185  -20.513  72.788 0.7500000000
73705  26.144  -21.539  74.798 0.7500000000
76212  27.594  -19.575  74.783 1.0000000000
74994  27.262  -20.004  75.554 1.0000000000
73602  29.991  -20.653  81.843 0.8750000000
73624  28.381  -21.171  79.446 1.0000000000
74944  28.125  -20.548  78.954 1.0000000000
74945  27.674  -20.670  78.168 1.0000000000
76199  28.539  -18.914  76.358 1.0000000000
169270  27.615  -20.345  72.311 0.8750000000
75056  27.312  -20.966  72.312 0.7500000000
73593  30.993  -21.513  82.810 0.6250000000
76114  31.847  -19.854  83.879 0.7500000000
74898  29.840  -20.015  81.767 0.8750000000
76164  29.455  -19.814  81.081 0.8750000000
153361  29.326  -19.446  80.287 0.8750000000
76170  29.536  -19.131  79.515 0.8750000000
74929  30.671  -18.942  78.868 0.8750000000
76182  28.963  -18.914  78.176 1.0000000000
157375  31.689  -19.062  77.967 0.8750000000
74974  31.293  -18.899  76.514 1.0000000000
74992  29.589  -18.643  75.936 1.0000000000
72325  32.559  -21.839  85.590 0.3750000000
72334  32.019  -21.597  84.862 0.5000000000
73599  34.840  -20.394  81.506 0.3750000000
73600  33.998  -20.227  81.734 0.5000000000
73608  34.651  -20.282  80.006 0.5000000000
74991  30.891  -18.801  75.877 1.0000000000
76313  29.514  -19.758  69.036 0.6250000000
73592  34.593  -20.439  82.276 0.3750000000
74990  32.004  -19.297  75.721 1.0000000000
75011  31.331  -19.082  74.456 1.0000000000
76227  30.246  -18.792  74.000 1.0000000000
75034  30.046  -19.192  72.851 1.0000000000
169874  31.531  -20.874  68.319 0.3750000000
160414  32.735  -20.552  68.275 0.1250000000
77475  30.456  -19.160  68.282 0.6250000000
74854  34.414  -19.987  85.905 0.2500000000
73578  36.536  -21.263  84.973 0.2500000000
72330  37.801  -22.149  84.397 0.2500000000
73654  33.486  -20.080  77.756 0.6250000000
77487  31.171  -19.094  67.849 0.5000000000
77457  30.360  -18.745  69.755 0.8750000000
72386  35.437  -20.543  79.518 0.5000000000
77464  30.327  -18.556  69.183 1.0000000000
77486  31.670  -18.452  67.809 0.5000000000
73652  34.368  -20.591  77.015 0.7500000000
159739  31.943  -19.522  71.626 1.0000000000
73738  33.374  -19.661  73.709 1.0000000000
79689  32.038  -16.325  69.953 1.0000000000
73719  33.741  -19.917  74.470 1.0000000000
75050  34.295  -19.643  73.439 1.0000000000
78595  33.405  -17.874  71.441 1.0000000000
77447  33.108  -18.524  71.168 1.0000000000
80732  33.150  -15.104  70.497 1.0000000000
80771  32.724  -15.881  68.050 0.5000000000
154871  33.243  -14.271  69.028 0.6250000000
154240  33.970  -15.526  67.549 0.3750000000
75049  34.942  -19.716  73.527 1.0000000000
77418  38.237  -17.984  74.595 1.0000000000
77436  34.874  -18.516  73.064 1.0000000000
78583  36.565  -17.016  73.855 1.0000000000
78584  35.909  -16.981  73.371 1.0000000000
78594  33.784  -17.160  72.109 1.0000000000
80724  34.803  -15.104  72.245 1.0000000000
79673  33.656  -16.229  71.596 1.0000000000
80731  33.865  -14.769  70.856 1.0000000000
83091  34.631  -13.625  68.727 0.6250000000
81871  35.877  -14.257  66.933 0.1250000000
80714  36.825  -15.385  73.706 1.0000000000
83106  36.556  -12.798  67.891 0.5000000000
83129  35.461  -13.779  67.547 0.3750000000
78547  40.898  -17.803  75.515 0.6250000000
81794  37.467  -14.763  73.805 1.0000000000
83056  36.934  -12.988  71.830 1.0000000000
83042  37.109  -13.408  72.671 1.0000000000
152348  35.947  -12.956  68.600 0.6250000000
83150  37.520  -13.903  66.345 0.1250000000
83022  38.103  -13.374  73.552 1.0000000000
175242  39.155  -12.496  73.596 0.8750000000
84198  38.182  -11.947  68.759 0.6250000000
153416  40.453  -12.970  65.605 0.7500000000
161384  41.956  -13.412  64.077 0.6250000000
83172  40.681  -13.807  64.635 0.3750000000
81919  41.099  -14.408  64.357 0.3750000000
83148  39.100  -13.333  65.929 0.3750000000
83186  42.595  -13.578  63.679 0.6250000000
81935  42.527  -14.335  63.674 0.2500000000
84172  39.327  -11.752  70.304 1.0000000000
83145  42.866  -12.607  66.401 0.8750000000
152052  42.580  -12.607  65.380 0.7500000000
166361  43.723  -13.693  70.009 1.0000000000
83103  42.734  -12.812  68.772 1.0000000000
83104  42.040  -12.297  68.592 1.0000000000
158011  43.175  -12.956  67.213 0.8750000000
84132  41.942  -11.883  73.991 0.7500000000
81818  44.779  -13.673  71.409 0.5000000000
84157  41.549  -11.712  71.130 1.0000000000
83072  41.706  -11.912  70.235 1.0000000000
83039  43.326  -11.991  72.352 0.8750000000
85177  45.540  -11.596  64.946 0.8750000000
84225  44.643  -12.145  65.052 0.8750000000
175874  46.411  -10.872  63.827 1.0000000000
83084  46.915  -14.203  68.999 0.5000000000
83141  46.115  -13.428  66.671 0.6250000000
85175  46.580  -10.866  65.493 0.8750000000
86212  46.979  -10.084  65.276 0.8750000000
168965  47.740  -9.774  64.560 0.8750000000
87301  47.168  -9.073  66.817 0.7500000000
87322  47.462  -9.522  65.247 0.8750000000
87321  47.918  -9.131  65.427 0.8750000000
86228  48.432  -9.853  64.432 0.8750000000
87300  47.348  -9.534  67.084 0.3750000000
88300  47.669  -8.477  68.257 0.2500000000
87292  47.406  -8.709  67.533 0.3750000000
88295  47.861  -7.842  69.020 0.1250000000
88313  47.450  -8.331  67.254 0.6250000000
89286  49.989  -7.749  70.410 0.1250000000
168266  48.364  -6.499  70.064 0.2500000000
59000  14.654  -34.455  84.204 0.6250000000
56695  20.547  -36.515  84.339 0.1250000000
169785  20.784  -36.182  83.719 0.1250000000
159515  19.710  -36.516  83.866 0.1250000000
55530  16.045  -37.089  84.813 0.1250000000
60079  14.719  -33.750  85.342 0.6250000000
56712  20.000  -36.195  83.205 0.2500000000
56713  19.218  -36.516  82.946 0.2500000000
56717  15.137  -35.620  83.703 0.6250000000
57824  14.905  -34.894  83.695 0.6250000000
60095  14.854  -34.067  84.579 0.6250000000
57849  19.873  -35.445  81.151 0.2500000000
59076  19.726  -34.519  79.897 0.5000000000
67881  24.457  -26.120  79.097 0.7500000000
68897  23.911  -25.564  79.652 0.7500000000
177180  24.062  -26.415  78.414 0.6250000000
67882  23.679  -25.765  78.772 0.7500000000
55469  18.456  -37.496  88.151 0.1250000000
55495  19.451  -37.063  86.213 0.1250000000
55482  18.708  -37.367  86.753 0.1250000000
150815  17.986  -37.540  86.575 0.1250000000
55483  17.345  -37.695  86.931 0.1250000000
56673  19.940  -36.841  85.502 0.1250000000
55512  19.108  -36.988  85.343 0.1250000000
55513  18.397  -37.330  85.092 0.1250000000
55514  17.323  -37.556  85.115 0.1250000000
56682  19.795  -36.689  84.765 0.1250000000
56696  18.856  -36.819  83.566 0.1250000000
55536  18.174  -37.204  83.617 0.1250000000
55537  17.335  -37.275  83.618 0.2500000000
56716  16.639  -37.065  83.591 0.2500000000
58983  15.333  -34.183  85.037 0.6250000000
56724  19.752  -36.088  82.488 0.2500000000
56725  18.960  -36.390  82.031 0.2500000000
56726  18.072  -36.656  82.062 0.2500000000
150582  16.800  -36.836  82.876 0.2500000000
57844  15.920  -35.277  82.661 0.6250000000
57823  15.412  -35.084  83.263 0.6250000000
57842  19.498  -35.973  81.648 0.3750000000
56737  18.419  -36.273  81.319 0.3750000000
56738  17.574  -36.135  81.389 0.2500000000
57853  16.777  -35.029  81.704 0.5000000000
152675  16.506  -34.651  82.804 0.6250000000
59083  18.783  -34.119  79.858 0.6250000000
59078  18.389  -34.669  80.259 0.6250000000
153485  17.929  -34.460  80.670 0.6250000000
68882  23.803  -25.650  80.614 0.7500000000
66778  24.550  -27.796  78.019 0.6250000000
67865  24.559  -26.065  80.153 0.7500000000
65723  24.576  -28.694  77.873 0.6250000000
64466  23.331  -29.403  90.700 0.5000000000
60152  18.403  -33.369  80.734 0.6250000000
60126  17.989  -34.020  80.968 0.6250000000
66777  25.045  -27.757  78.375 0.7500000000
65722  25.058  -28.451  77.976 0.6250000000
66756  25.327  -27.435  79.137 0.7500000000
65700  25.410  -28.285  78.705 0.7500000000
63577  24.840  -30.417  77.733 0.5000000000
151243  25.036  -29.148  77.737 0.3750000000
65688  25.622  -28.099  79.802 0.7500000000
63576  28.031  -31.375  77.588 0.6250000000
63560  27.119  -31.575  78.176 0.6250000000
62430  27.574  -31.832  77.621 0.6250000000
62412  26.713  -31.869  77.910 0.5000000000
175796  25.223  -30.852  77.786 0.5000000000
64617  25.121  -29.924  77.811 0.5000000000
63561  25.963  -31.271  78.133 0.6250000000
62429  28.189  -31.479  77.092 0.5000000000
63547  27.620  -31.386  78.642 0.7500000000
64616  25.484  -30.401  78.155 0.6250000000
64603  25.399  -29.280  78.228 0.7500000000
57713  15.475  -35.251  91.248 0.6250000000
57702  14.331  -35.290  92.495 0.6250000000
164614  15.295  -35.051  90.388 0.6250000000
64487  20.589  -29.681  88.415 0.6250000000
57765  17.518  -35.470  87.235 0.7500000000
64602  25.850  -30.202  79.061 0.6250000000
167971  26.823  -31.259  78.866 0.6250000000
63548  26.107  -31.024  78.521 0.6250000000
57727  15.755  -35.144  89.533 0.6250000000
62284  20.925  -31.408  87.962 0.5000000000
170012  20.106  -34.487  87.418 0.5000000000
57740  16.524  -35.349  88.869 0.7500000000
64476  20.294  -28.908  89.194 0.6250000000
60064  20.299  -33.038  87.064 0.6250000000
58941  19.928  -34.553  86.780 0.6250000000
57781  18.470  -35.366  86.944 0.7500000000
62297  20.549  -31.408  87.289 0.6250000000
61195  20.367  -32.202  86.860 0.6250000000
58962  20.275  -33.780  86.327 0.6250000000
58963  19.249  -35.116  86.630 0.6250000000
63464  20.411  -30.495  87.013 0.7500000000
61196  20.233  -32.147  86.141 0.7500000000
179288  20.307  -32.839  86.460 0.7500000000
62398  27.374  -31.450  79.496 0.7500000000
173781  26.373  -30.878  79.198 0.6250000000
58942  19.375  -35.050  87.397 0.6250000000
57764  18.310  -35.390  87.782 0.6250000000
63502  33.634  -30.206  82.525 0.6250000000
64556  33.367  -30.053  81.705 0.6250000000
64555  33.655  -29.487  82.224 0.6250000000
64573  33.122  -29.859  81.082 0.6250000000
172674  34.015  -30.347  83.557 0.6250000000
64538  34.079  -29.293  83.027 0.6250000000
65658  33.699  -28.734  82.367 0.7500000000
64572  33.407  -29.168  81.542 0.7500000000
65672  33.095  -28.368  81.080 0.7500000000
64587  33.044  -29.320  80.747 0.7500000000
66730  32.676  -27.408  81.209 0.7500000000
66743  32.545  -27.992  80.462 0.7500000000
66731  32.240  -27.107  80.619 0.8750000000
67848  31.672  -26.314  80.964 0.6250000000
67863  31.250  -26.095  80.018 0.7500000000
157537  31.786  -26.804  80.159 0.8750000000
65642  34.267  -28.577  83.837 0.5000000000
65650  33.981  -28.262  83.092 0.5000000000
66715  33.577  -27.895  82.473 0.6250000000
66716  33.176  -27.606  81.823 0.6250000000
67832  32.676  -26.753  81.973 0.6250000000
175916  32.271  -26.724  81.309 0.6250000000
68895  31.108  -25.506  80.912 0.7500000000
72461  26.104  -22.152  74.793 0.6250000000
154968  26.212  -21.762  74.141 0.6250000000
173468  26.923  -21.025  72.894 0.6250000000
73756  28.129  -21.478  71.160 0.5000000000
66687  34.180  -27.728  83.786 0.3750000000
157721  34.012  -27.049  83.734 0.3750000000
66700  33.786  -27.423  83.163 0.6250000000
67831  33.304  -27.063  82.564 0.6250000000
67813  32.812  -26.318  82.808 0.6250000000
160443  32.304  -26.103  82.404 0.6250000000
68863  32.313  -25.555  82.975 0.5000000000
67847  32.054  -26.149  81.773 0.6250000000
68881  31.465  -25.579  81.652 0.7500000000
161620  31.088  -24.944  81.486 0.7500000000
68896  30.685  -25.291  80.304 0.8750000000
72434  26.675  -22.392  76.383 0.7500000000
67796  34.211  -26.434  84.853 0.2500000000
67812  33.423  -26.568  83.430 0.5000000000
69961  33.639  -25.095  84.993 0.1250000000
68853  33.332  -25.835  84.073 0.5000000000
69968  32.994  -25.083  84.034 0.5000000000
69969  32.409  -24.883  83.593 0.5000000000
68872  31.865  -25.484  82.351 0.5000000000
69988  30.751  -24.721  80.944 0.7500000000
170555  39.953  -13.945  74.802 0.7500000000
69954  33.984  -24.878  85.620 0.1250000000
69962  33.146  -24.665  84.628 0.3750000000
69963  32.748  -24.254  84.083 0.5000000000
71070  32.102  -23.854  83.528 0.5000000000
82932  46.157  -13.185  78.029 0.2500000000
81738  44.329  -13.580  78.591 0.2500000000
81739  43.668  -13.764  77.954 0.2500000000
81755  42.891  -13.879  77.186 0.3750000000
167966  42.261  -14.893  76.712 0.3750000000
82933  44.370  -13.039  77.832 0.2500000000
82934  43.691  -13.101  77.403 0.2500000000
82955  42.590  -13.181  76.550 0.3750000000
81771  41.609  -14.119  75.888 0.3750000000
81772  40.986  -14.400  75.375 0.6250000000
164544  45.453  -13.019  77.261 0.2500000000
82953  44.479  -12.776  76.897 0.2500000000
82980  42.014  -13.153  75.959 0.3750000000
81780  40.318  -14.635  74.969 0.6250000000
82979  43.838  -12.303  75.542 0.2500000000
84108  43.094  -12.148  75.134 0.2500000000
69947  34.294  -24.639  86.351 0.1250000000
71053  33.881  -24.052  85.886 0.2500000000
69955  33.485  -24.349  85.234 0.2500000000
71060  32.508  -23.410  84.186 0.3750000000
178774  32.169  -23.147  83.771 0.5000000000
81726  45.220  -13.671  79.587 0.2500000000
81727  44.938  -13.453  79.028 0.2500000000
80673  43.841  -14.705  78.491 0.2500000000
80685  42.303  -15.765  76.800 0.3750000000
82912  45.711  -13.189  78.944 0.2500000000
80674  43.264  -14.867  77.784 0.2500000000
80691  41.833  -15.686  76.227 0.3750000000
79618  41.083  -16.179  75.744 0.6250000000
82951  46.543  -13.681  77.044 0.2500000000
82952  45.383  -13.094  76.098 0.2500000000
167313  41.952  -14.796  76.098 0.3750000000
80692  41.379  -15.121  75.761 0.3750000000
80693  40.733  -15.393  75.244 0.7500000000
82978  44.606  -12.623  75.884 0.2500000000
83001  44.066  -12.280  74.501 0.3750000000
83018  44.136  -12.318  73.488 0.3750000000
83002  43.314  -12.011  74.164 0.5000000000
72318  33.984  -22.489  86.880 0.2500000000
82911  46.637  -13.101  78.605 0.2500000000
82894  46.030  -13.226  79.453 0.2500000000
166939  41.215  -17.143  75.912 0.5000000000
82931  47.063  -13.469  77.734 0.2500000000
168020  40.671  -17.039  75.481 0.6250000000
81753  46.940  -13.989  76.213 0.2500000000
81754  46.102  -13.787  76.207 0.2500000000
81767  46.634  -14.041  75.451 0.3750000000
81768  45.923  -13.810  75.291 0.3750000000
83000  44.854  -12.680  74.834 0.3750000000
81778  45.878  -13.845  74.457 0.3750000000
81779  45.506  -13.249  74.166 0.3750000000
83017  44.900  -12.695  73.818 0.3750000000
81777  46.501  -14.079  74.709 0.3750000000
81791  45.401  -13.298  73.195 0.3750000000
83037  44.802  -12.793  72.832 0.3750000000
176071  47.299  -14.034  75.552 0.3750000000
81790  45.848  -13.859  73.597 0.3750000000
72447  35.873  -20.779  76.200 0.7500000000
73700  37.064  -20.629  75.429 0.7500000000
72432  35.730  -20.852  76.480 0.6250000000
59082  19.326  -34.194  79.650 0.6250000000
57714  14.758  -35.036  91.047 0.6250000000
59045  15.809  -34.701  83.025 0.6250000000
59068  17.487  -34.681  81.179 0.6250000000
63454  20.691  -30.505  87.765 0.6250000000
62331  32.001  -32.421  83.791 0.6250000000
63503  33.073  -30.848  81.989 0.6250000000
73688  26.278  -21.553  75.498 0.7500000000
72491  26.878  -21.631  72.982 0.6250000000
75081  27.733  -20.886  71.671 0.6250000000
83151  36.728  -13.935  66.619 0.1250000000
161795  39.127  -18.110  74.824 0.8750000000
82981  41.266  -13.400  75.466 0.6250000000
81803  46.378  -14.119  73.086 0.3750000000
57841  20.186  -35.563  82.106 0.2500000000
59020  15.272  -34.509  83.693 0.6250000000
59044  16.308  -34.854  82.492 0.6250000000
57843  16.377  -35.384  82.158 0.6250000000
63575  28.384  -30.734  77.057 0.7500000000
172111  42.357  -12.424  75.488 0.3750000000
57804  14.502  -35.071  84.120 0.6250000000
55529  16.845  -37.392  84.417 0.2500000000
55515  16.658  -37.484  85.412 0.1250000000
56729  15.683  -35.809  83.050 0.5000000000
57859  19.464  -35.216  80.361 0.5000000000
66757  24.718  -26.969  78.525 0.6250000000
67880  25.086  -26.650  79.592 0.7500000000
67899  23.939  -27.086  78.093 0.6250000000
151755  22.734  -26.732  78.247 0.6250000000
150816  18.130  -37.546  87.312 0.1250000000
55496  18.399  -37.354  85.902 0.1250000000
175660  17.865  -37.510  85.307 0.1250000000
55497  17.427  -37.585  85.958 0.1250000000
55527  18.825  -37.028  84.399 0.1250000000
55528  17.834  -37.458  84.496 0.1250000000
56715  17.660  -36.976  82.834 0.2500000000
161248  16.152  -36.525  83.192 0.5000000000
56728  16.279  -36.034  82.397 0.5000000000
56727  17.145  -36.451  82.138 0.5000000000
57860  18.627  -35.369  80.319 0.5000000000
57851  18.055  -35.865  80.742 0.6250000000
57852  17.321  -35.392  81.111 0.6250000000
61323  26.398  -32.293  77.965 0.3750000000
62413  25.803  -31.630  78.003 0.5000000000
57750  17.264  -35.488  88.152 0.7500000000
61178  20.645  -32.334  87.584 0.5000000000
62311  20.313  -31.356  86.550 0.7500000000
67797  33.875  -26.484  84.164 0.2500000000
69976  31.395  -24.785  82.156 0.6250000000
69975  31.898  -24.713  82.887 0.6250000000
71059  33.020  -23.812  84.721 0.3750000000
82954  43.485  -12.647  76.633 0.2500000000
81770  42.166  -13.965  76.475 0.3750000000
84092  42.833  -12.503  75.988 0.3750000000
71049  33.812  -23.154  86.308 0.2500000000
71054  33.316  -23.475  85.501 0.2500000000
79610  42.051  -16.489  76.672 0.3750000000
81769  45.483  -13.284  75.085 0.2500000000
153331  -0.888  -37.919  92.928 0.1250000000
55429  -0.697  -37.943  92.397 0.1250000000
163862  -0.480  -38.691  91.897 0.1250000000
54230  0.312  -38.475  91.435 0.1250000000
55428  0.108  -37.863  91.925 0.1250000000
174429  0.803  -38.268  90.833 0.1250000000
54178  -1.151  -38.398  94.771 0.1250000000
179873  -0.982  -37.974  93.489 0.1250000000
55405  -0.784  -37.321  92.994 0.1250000000
55404  -0.115  -37.184  92.460 0.1250000000
164669  0.661  -36.883  91.702 0.1250000000
55427  0.754  -37.692  91.245 0.1250000000
55446  0.964  -37.571  90.428 0.1250000000
153469  -2.126  -38.783  97.199 0.1250000000
156985  -2.067  -38.083  96.800 0.1250000000
55305  -2.137  -37.400  97.221 0.1250000000
157382  -1.725  -38.063  96.048 0.1250000000
55339  -1.479  -37.423  95.684 0.1250000000
56597  -1.310  -36.871  95.212 0.1250000000
177501  -1.216  -37.020  94.738 0.1250000000
56577  -1.259  -36.083  95.362 0.1250000000
56614  -0.906  -36.677  93.749 0.1250000000
161778  0.047  -35.852  92.909 0.1250000000
171267  0.275  -36.295  92.381 0.1250000000
57705  0.287  -35.339  92.317 0.1250000000
57718  0.782  -36.147  90.787 0.1250000000
180958  0.941  -36.990  90.874 0.1250000000
55460  1.032  -37.323  89.529 0.1250000000
54143  -2.179  -38.045  97.638 0.1250000000
176593  -1.875  -35.774  97.850 0.1250000000
56562  -1.987  -36.752  96.917 0.1250000000
158012  -1.591  -35.158  98.223 0.1250000000
57652  -1.433  -35.883  96.153 0.1250000000
57674  -0.929  -35.754  94.311 0.1250000000
57673  -0.315  -35.054  93.920 0.1250000000
58867  0.436  -34.509  91.825 0.1250000000
175023  0.562  -35.888  91.664 0.1250000000
57731  0.756  -34.705  90.962 0.1250000000
181326  0.629  -35.441  91.042 0.1250000000
157625  0.771  -35.987  89.885 0.1250000000
57730  0.757  -35.437  90.286 0.1250000000
159818  0.886  -36.349  89.227 0.1250000000
55284  -1.599  -37.444  99.301 0.2500000000
54134  -2.233  -38.498  99.264 0.1250000000
54133  -1.973  -37.843  99.119 0.1250000000
166400  -1.195  -36.051  98.975 0.2500000000
55293  -2.231  -37.327  97.963 0.2500000000
56529  -2.074  -36.582  98.090 0.2500000000
56546  -2.154  -36.845  97.547 0.2500000000
181177  -1.804  -35.706  97.289 0.1250000000
57619  -1.627  -35.115  97.536 0.1250000000
57631  -1.498  -35.288  96.697 0.1250000000
170465  -0.757  -34.920  94.599 0.1250000000
58853  0.169  -34.448  92.646 0.1250000000
58824  -0.338  -34.273  94.302 0.1250000000
58866  0.761  -33.764  91.364 0.1250000000
60005  1.155  -33.838  90.537 0.1250000000
58907  1.100  -34.687  89.938 0.1250000000
169629  0.868  -35.505  89.213 0.1250000000
58809  -0.545  -33.942  94.929 0.1250000000
59941  -0.170  -33.591  93.789 0.1250000000
178559  -0.662  -34.439  94.772 0.1250000000
59982  0.314  -33.655  92.134 0.1250000000
164326  -0.035  -33.595  92.940 0.1250000000
60006  0.405  -32.926  91.596 0.1250000000
170674  -0.091  -32.279  91.649 0.1250000000
175184  0.797  -32.992  90.855 0.1250000000
176842  1.176  -33.075  90.150 0.1250000000
60025  1.480  -33.755  89.637 0.1250000000
60040  1.452  -33.570  88.721 0.1250000000
58928  1.338  -34.549  88.938 0.1250000000
56659  0.986  -35.955  88.281 0.1250000000
58948  1.356  -34.301  88.024 0.1250000000
57770  1.099  -35.495  87.597 0.1250000000
61104  -0.278  -32.866  94.227 0.1250000000
61111  -0.067  -32.669  92.366 0.1250000000
165680  0.059  -32.342  90.966 0.1250000000
61125  0.409  -32.350  90.103 0.1250000000
61160  0.918  -32.666  88.581 0.1250000000
161560  1.158  -34.898  87.378 0.1250000000
150056  1.283  -34.015  87.218 0.1250000000
58969  1.137  -34.626  86.742 0.1250000000
57786  1.140  -35.284  86.798 0.1250000000
155298  0.962  -34.703  86.111 0.1250000000
179159  0.538  -34.634  84.699 0.1250000000
61084  -0.803  -32.201  97.792 0.1250000000
166823  -0.389  -32.352  94.684 0.1250000000
160079  -0.410  -32.047  96.056 0.1250000000
62220  -0.521  -31.867  93.921 0.1250000000
62209  -0.588  -31.581  94.800 0.1250000000
62200  -0.532  -31.451  95.570 0.1250000000
61112  -0.492  -31.728  92.043 0.1250000000
159259  -1.138  -30.955  90.180 0.1250000000
61119  -0.540  -31.730  91.198 0.1250000000
61126  -0.474  -31.863  90.362 0.1250000000
61139  0.302  -32.158  89.204 0.1250000000
61140  -0.526  -31.744  89.011 0.1250000000
61138  1.127  -32.832  89.403 0.1250000000
61161  0.216  -32.024  88.441 0.1250000000
60053  1.209  -33.337  87.890 0.1250000000
61181  0.303  -32.048  87.640 0.1250000000
60054  0.961  -32.945  87.103 0.1250000000
61198  0.405  -32.170  86.758 0.1250000000
60069  1.068  -33.878  86.444 0.1250000000
61199  0.027  -31.578  86.482 0.1250000000
60070  0.716  -33.039  86.140 0.1250000000
61213  0.370  -32.265  85.835 0.1250000000
60083  0.523  -33.143  85.202 0.1250000000
60082  0.761  -33.961  85.658 0.1250000000
58986  0.495  -34.115  84.923 0.1250000000
163441  0.234  -32.280  84.940 0.1250000000
62193  -0.466  -31.374  96.351 0.1250000000
62229  -0.511  -31.828  92.906 0.1250000000
62210  -1.011  -30.914  94.227 0.1250000000
177251  -1.240  -30.611  92.722 0.1250000000
62259  -0.936  -31.292  90.625 0.1250000000
62271  -0.883  -31.496  89.704 0.1250000000
174851  -0.377  -31.907  89.666 0.1250000000
62285  -0.859  -31.398  88.853 0.1250000000
61162  -0.437  -31.632  88.276 0.1250000000
160748  -1.008  -30.667  88.590 0.1250000000
62298  -0.758  -31.216  87.985 0.1250000000
63455  -0.967  -30.436  87.696 0.1250000000
61182  -0.181  -31.550  87.405 0.1250000000
65605  -0.869  -29.119  87.034 0.1250000000
62313  -0.628  -31.001  87.010 0.1250000000
63466  -0.599  -30.400  86.351 0.1250000000
62325  -0.305  -31.060  86.083 0.1250000000
171957  -0.334  -30.515  85.732 0.1250000000
61214  0.049  -31.597  85.540 0.1250000000
169857  -0.275  -30.966  85.290 0.1250000000
61229  -0.276  -31.522  84.581 0.1250000000
166707  0.285  -32.932  84.514 0.1250000000
159792  -0.680  -32.093  99.787 0.3750000000
62182  -0.570  -31.383  98.037 0.1250000000
167154  -0.760  -31.838  98.834 0.2500000000
63379  -0.629  -30.672  95.844 0.1250000000
63356  -0.458  -30.666  97.668 0.1250000000
63387  -1.161  -30.043  94.605 0.1250000000
63380  -1.018  -29.980  95.405 0.1250000000
63367  -0.504  -30.501  96.719 0.1250000000
176496  -1.344  -30.409  92.267 0.1250000000
63403  -1.462  -29.992  92.946 0.1250000000
63424  -1.275  -30.603  90.885 0.1250000000
63412  -1.432  -30.111  91.590 0.1250000000
63438  -1.097  -30.884  89.473 0.1250000000
152024  -1.044  -29.882  89.244 0.1250000000
153979  -1.037  -29.703  88.262 0.1250000000
157592  13.770  -33.494  85.572 0.5000000000
60067  13.212  -33.143  86.289 0.3750000000
169751  -0.548  -28.990  86.692 0.1250000000
65622  -0.314  -29.026  86.077 0.1250000000
178747  1.958  -32.692  102.070 0.5000000000
62159  -0.018  -31.615  100.969 0.3750000000
62166  -0.395  -31.643  100.337 0.3750000000
62174  -0.501  -31.228  99.614 0.2500000000
160779  -0.417  -30.057  98.047 0.1250000000
63350  -0.473  -30.740  98.648 0.1250000000
64436  -0.771  -29.973  96.065 0.1250000000
151501  -0.612  -29.060  97.133 0.1250000000
171513  -1.270  -29.280  94.986 0.1250000000
64437  -1.082  -29.193  95.864 0.1250000000
177842  -0.820  -28.874  96.494 0.1250000000
57749  18.198  -35.412  88.694 0.5000000000
57739  17.425  -35.430  89.200 0.5000000000
64450  -1.456  -29.421  93.542 0.1250000000
64460  -1.675  -29.277  91.547 0.1250000000
64456  -1.560  -29.219  92.993 0.1250000000
65533  -1.321  -28.921  93.986 0.1250000000
176006  -0.996  -28.656  95.317 0.1250000000
152087  -1.215  -30.068  90.233 0.1250000000
65551  -1.315  -28.657  91.514 0.1250000000
64477  -1.347  -29.064  89.876 0.1250000000
152355  -1.577  -29.135  90.760 0.1250000000
150367  -1.094  -28.967  88.900 0.1250000000
65589  -0.427  -28.629  88.357 0.1250000000
65604  -0.648  -28.909  87.390 0.1250000000
172132  -0.093  -28.794  86.998 0.1250000000
151099  3.235  -32.573  102.126 0.5000000000
164919  1.801  -32.134  102.085 0.5000000000
62149  0.929  -31.235  101.614 0.3750000000
63327  0.425  -30.829  101.233 0.3750000000
64397  -0.046  -29.827  100.191 0.3750000000
174265  -0.150  -29.549  99.513 0.1250000000
57711  17.509  -35.300  91.289 0.2500000000
57700  16.732  -35.303  91.947 0.2500000000
151362  16.283  -35.344  92.874 0.2500000000
64409  -0.307  -29.652  98.733 0.1250000000
152514  16.751  -35.256  90.963 0.3750000000
64413  -0.430  -29.309  97.856 0.1250000000
65473  -0.038  -28.874  99.101 0.1250000000
57738  18.206  -35.400  89.597 0.5000000000
168608  17.587  -35.376  89.971 0.3750000000
154710  16.773  -35.303  89.956 0.3750000000
172550  16.138  -35.294  91.388 0.3750000000
157929  -0.541  -28.226  96.817 0.1250000000
65487  -0.404  -28.371  97.537 0.1250000000
58922  19.107  -35.143  88.322 0.5000000000
65540  -1.229  -28.761  93.181 0.1250000000
65521  -0.904  -28.470  94.809 0.1250000000
160629  -0.571  -28.480  89.225 0.1250000000
65563  -1.188  -28.544  90.541 0.1250000000
151530  0.324  -28.285  89.219 0.1250000000
63534  24.229  -30.585  80.511 0.1250000000
178826  4.304  -31.991  102.019 0.5000000000
157636  3.005  -31.856  102.265 0.5000000000
62139  2.797  -31.244  102.272 0.5000000000
61028  4.519  -32.383  101.764 0.5000000000
62148  1.580  -31.254  101.951 0.3750000000
63323  1.055  -30.627  101.673 0.3750000000
162254  0.767  -30.057  101.428 0.3750000000
64396  0.377  -29.273  100.575 0.2500000000
57699  17.707  -35.338  92.157 0.2500000000
57682  15.467  -35.532  93.127 0.3750000000
57701  15.701  -35.405  92.148 0.3750000000
65480  -0.228  -28.644  98.313 0.1250000000
155466  18.153  -35.367  90.551 0.2500000000
169659  15.004  -35.488  92.575 0.5000000000
151707  14.899  -35.315  91.862 0.5000000000
58899  19.792  -34.908  88.884 0.3750000000
58921  20.026  -34.761  88.043 0.5000000000
65678  21.145  -28.547  80.735 0.1250000000
64593  20.595  -29.258  79.707 0.1250000000
65690  21.574  -27.909  80.349 0.1250000000
65703  21.215  -27.647  79.132 0.1250000000
64592  23.561  -28.852  80.326 0.1250000000
65675  22.801  -28.219  80.708 0.1250000000
65689  22.162  -27.825  80.330 0.1250000000
63549  24.103  -30.894  79.352 0.1250000000
63535  23.967  -29.861  79.835 0.1250000000
60177  25.599  -32.800  79.760 0.2500000000
61303  25.104  -32.217  78.880 0.2500000000
62387  24.468  -31.460  80.151 0.1250000000
60176  26.305  -33.290  79.939 0.1250000000
60201  27.356  -33.449  78.895 0.1250000000
172658  26.027  -33.022  79.153 0.2500000000
60223  27.634  -33.163  78.095 0.1250000000
60224  26.841  -32.995  78.193 0.1250000000
62145  7.253  -31.580  102.077 0.5000000000
162993  5.995  -31.172  102.600 0.3750000000
61023  4.513  -31.389  102.319 0.3750000000
61026  6.058  -32.150  101.840 0.5000000000
57679  18.292  -35.418  93.809 0.2500000000
57681  16.740  -35.340  93.458 0.2500000000
157764  16.076  -35.524  93.747 0.2500000000
150083  15.142  -35.690  94.153 0.2500000000
57666  14.409  -35.511  94.843 0.5000000000
57698  18.582  -35.379  92.369 0.2500000000
57667  14.162  -35.429  94.024 0.5000000000
57709  19.204  -35.308  91.777 0.3750000000
57683  14.640  -35.524  93.264 0.5000000000
57684  13.805  -35.243  93.216 0.5000000000
58877  20.498  -34.518  90.749 0.3750000000
58878  19.751  -35.059  90.339 0.3750000000
58940  20.335  -33.917  87.178 0.5000000000
65704  20.536  -27.684  78.696 0.2500000000
66759  21.909  -27.452  79.192 0.1250000000
174131  23.253  -28.336  79.629 0.1250000000
65702  22.677  -27.816  79.519 0.1250000000
63550  24.031  -30.265  78.825 0.1250000000
62400  24.479  -31.633  79.022 0.1250000000
61301  26.163  -32.747  78.455 0.2500000000
162457  26.589  -33.255  79.026 0.2500000000
61321  28.018  -32.722  77.642 0.2500000000
61346  29.427  -32.249  77.459 0.2500000000
61347  28.455  -32.196  77.303 0.2500000000
62427  29.737  -31.564  76.892 0.2500000000
61030  8.114  -32.097  100.950 0.5000000000
58782  18.146  -34.876  96.742 0.2500000000
58783  17.147  -34.998  97.023 0.2500000000
58802  18.943  -35.219  96.257 0.2500000000
57620  18.137  -35.301  96.135 0.2500000000
57621  17.468  -35.272  96.405 0.2500000000
58784  16.272  -35.095  97.204 0.2500000000
58785  15.339  -35.125  97.334 0.2500000000
150027  20.042  -35.165  94.897 0.2500000000
174174  18.956  -35.417  94.980 0.2500000000
57641  18.489  -35.427  95.376 0.2500000000
57642  17.631  -35.428  95.600 0.2500000000
57643  17.003  -35.436  95.887 0.2500000000
57623  15.778  -35.390  96.457 0.2500000000
57624  14.820  -35.383  96.354 0.2500000000
163988  14.427  -35.433  95.598 0.2500000000
58817  20.720  -34.907  94.355 0.2500000000
57678  19.090  -35.382  93.895 0.2500000000
57664  16.833  -35.472  94.196 0.2500000000
57665  16.084  -35.567  94.692 0.2500000000
57644  15.265  -35.564  95.397 0.2500000000
58819  13.810  -35.297  95.293 0.5000000000
161199  21.022  -34.615  93.026 0.2500000000
58848  19.962  -35.048  92.045 0.2500000000
169327  18.808  -35.403  93.168 0.2500000000
58820  13.306  -35.012  94.879 0.5000000000
58858  20.899  -34.347  91.444 0.3750000000
58859  20.373  -34.693  91.525 0.3750000000
175585  13.766  -35.308  94.625 0.5000000000
58835  13.307  -35.007  94.065 0.5000000000
59999  21.101  -34.002  90.139 0.3750000000
60019  20.975  -33.828  89.233 0.3750000000
154181  20.297  -34.506  89.649 0.3750000000
60033  20.802  -33.609  88.421 0.3750000000
61155  20.947  -32.806  88.232 0.3750000000
58920  20.445  -34.121  87.874 0.3750000000
66780  22.070  -26.751  78.441 0.3750000000
66760  21.136  -26.954  78.636 0.2500000000
66758  22.818  -27.275  78.508 0.2500000000
64604  23.767  -29.236  78.913 0.1250000000
65701  23.491  -28.134  78.675 0.1250000000
63562  24.226  -29.996  78.226 0.1250000000
62415  24.836  -31.575  78.160 0.2500000000
62431  24.769  -30.990  77.743 0.2500000000
61348  27.843  -32.119  77.430 0.3750000000
62428  28.859  -31.595  76.790 0.3750000000
63595  29.613  -30.471  75.840 0.5000000000
62446  29.226  -31.063  76.242 0.3750000000
63594  30.617  -30.256  76.189 0.3750000000
64669  29.620  -29.915  75.474 0.3750000000
63614  29.072  -30.098  75.575 0.5000000000
154438  17.255  -33.678  97.316 0.2500000000
59880  16.589  -33.725  97.717 0.2500000000
59881  15.960  -34.083  98.177 0.2500000000
59879  18.155  -33.491  97.109 0.2500000000
58770  16.627  -34.387  97.413 0.2500000000
165447  15.947  -34.692  97.686 0.2500000000
58758  15.147  -34.233  98.549 0.2500000000
58771  15.447  -34.583  97.991 0.2500000000
58772  14.703  -34.683  97.854 0.2500000000
58786  14.303  -35.041  97.011 0.2500000000
58787  13.414  -34.719  96.592 0.5000000000
58804  13.224  -34.860  95.634 0.5000000000
60018  21.358  -33.105  89.867 0.3750000000
172367  21.399  -32.501  89.388 0.3750000000
61154  21.271  -32.317  88.764 0.3750000000
60048  20.556  -33.301  87.697 0.3750000000
175281  28.717  -30.393  89.792 0.3750000000
63432  26.640  -30.319  89.633 0.3750000000
63430  28.379  -30.024  89.284 0.3750000000
68928  21.887  -25.655  78.573 0.3750000000
179679  21.168  -25.842  78.610 0.5000000000
66779  23.293  -27.056  78.172 0.5000000000
64619  24.038  -28.999  78.054 0.1250000000
64618  24.601  -29.679  77.800 0.2500000000
176538  25.580  -32.077  78.162 0.2500000000
61322  27.254  -32.437  77.717 0.3750000000
62447  28.598  -30.835  76.373 0.5000000000
63596  28.955  -30.602  75.873 0.6250000000
64653  30.949  -29.506  75.819 0.2500000000
64668  30.120  -29.496  75.257 0.2500000000
59866  16.218  -33.266  98.145 0.2500000000
61063  15.910  -32.566  98.559 0.2500000000
59867  15.475  -33.408  98.827 0.2500000000
62258  21.726  -31.175  89.999 0.3750000000
62270  21.433  -31.758  89.356 0.3750000000
158703  21.066  -32.076  88.197 0.3750000000
169116  25.795  -30.416  89.833 0.3750000000
181207  28.610  -30.984  90.331 0.3750000000
62254  29.356  -31.150  90.634 0.3750000000
62282  29.256  -30.203  88.989 0.3750000000
63443  28.794  -29.891  88.320 0.6250000000
175294  29.845  -31.006  89.939 0.3750000000
62281  29.915  -30.577  89.232 0.3750000000
161402  29.865  -30.524  88.214 0.3750000000
62280  30.516  -30.705  88.593 0.3750000000
62293  29.351  -30.426  87.783 0.6250000000
63452  29.142  -30.958  86.888 0.6250000000
62292  29.659  -30.910  87.177 0.3750000000
61206  30.364  -32.653  85.685 0.3750000000
61205  31.239  -32.708  85.228 0.5000000000
68914  22.277  -25.103  79.150 0.6250000000
65769  30.665  -28.861  75.231 0.1250000000
64670  29.290  -29.431  75.178 0.2500000000
63436  21.347  -30.838  89.285 0.3750000000
62283  21.222  -31.504  88.663 0.3750000000
63447  21.066  -30.611  88.518 0.3750000000
157789  31.030  -31.193  90.214 0.3750000000
62267  30.538  -30.996  89.557 0.3750000000
151157  32.965  -31.203  89.783 0.2500000000
61130  31.597  -31.159  89.113 0.2500000000
153759  33.448  -31.262  89.130 0.2500000000
162070  31.863  -31.243  87.992 0.2500000000
61171  30.674  -31.185  87.129 0.2500000000
62304  29.220  -31.710  86.533 0.5000000000
61145  32.457  -31.206  88.007 0.2500000000
156650  31.046  -31.547  86.823 0.2500000000
61189  30.471  -31.900  86.491 0.3750000000
157679  31.264  -32.179  86.237 0.3750000000
162815  32.695  -31.841  83.314 0.6250000000
62343  33.330  -31.075  82.879 0.5000000000
161218  28.590  -28.086  75.417 0.5000000000
63423  20.787  -29.103  90.130 0.3750000000
153774  22.189  -27.762  90.567 0.5000000000
63437  21.049  -29.862  89.215 0.3750000000
62251  32.348  -31.151  90.319 0.2500000000
159582  31.183  -31.109  89.507 0.2500000000
63482  34.025  -30.773  84.591 0.3750000000
65544  22.482  -27.625  91.364 0.3750000000
66627  21.789  -26.794  91.135 0.3750000000
66630  19.867  -26.713  90.109 0.5000000000
65570  19.974  -28.151  89.915 0.5000000000
65641  34.449  -28.807  84.533 0.2500000000
64525  34.288  -29.412  84.019 0.2500000000
67714  20.739  -26.366  90.554 0.5000000000
66629  20.346  -26.768  90.861 0.5000000000
66628  21.179  -26.530  90.423 0.3750000000
68975  27.812  -25.270  76.266 0.5000000000
71156  27.371  -23.747  76.528 0.5000000000
71196  26.956  -23.906  75.584 0.6250000000
71175  26.697  -23.102  76.046 0.6250000000
71197  26.497  -23.228  75.217 0.6250000000
72324  33.120  -22.534  85.877 0.2500000000
72319  33.015  -21.559  86.282 0.2500000000
76226  38.457  -19.329  74.970 0.7500000000
81916  47.133  -14.553  63.736 0.1250000000
81932  46.195  -14.596  63.353 0.1250000000
168750  45.897  -14.201  62.688 0.1250000000
81931  47.543  -14.042  62.808 0.1250000000
81943  46.651  -14.103  62.681 0.1250000000
83184  48.368  -13.976  62.926 0.1250000000
81929  49.814  -14.308  63.440 0.1250000000
83193  47.044  -13.272  62.167 0.2500000000
83194  45.868  -13.398  62.253 0.2500000000
83183  49.185  -13.904  62.952 0.1250000000
83192  47.890  -13.518  62.463 0.2500000000
81928  50.709  -14.373  63.449 0.1250000000
83182  50.115  -13.771  62.928 0.1250000000
84255  46.225  -12.453  62.261 0.6250000000
84254  47.212  -12.319  62.271 0.2500000000
176427  48.574  -13.414  62.549 0.1250000000
164066  47.915  -12.905  62.253 0.1250000000
83191  49.307  -13.238  62.670 0.1250000000
83181  51.085  -13.828  63.070 0.1250000000
165191  51.967  -13.718  63.321 0.1250000000
85202  47.646  -11.017  63.316 0.6250000000
85211  48.053  -12.126  62.484 0.2500000000
84252  49.299  -12.549  62.706 0.1250000000
84253  48.679  -12.667  62.515 0.2500000000
83190  49.920  -12.908  62.773 0.1250000000
84241  51.565  -12.930  63.129 0.1250000000
84242  50.685  -13.078  62.888 0.2500000000
84240  52.606  -12.854  63.417 0.1250000000
176444  48.118  -11.501  62.893 0.2500000000
85210  48.851  -11.853  62.780 0.3750000000
179968  50.308  -12.419  63.039 0.3750000000
83179  53.412  -13.562  63.595 0.1250000000
86227  49.459  -10.094  64.491 0.7500000000
86235  48.943  -10.480  63.815 0.5000000000
85201  48.493  -11.049  63.310 0.3750000000
86226  50.523  -10.413  64.543 0.6250000000
85186  49.935  -10.873  63.924 0.5000000000
85200  49.381  -11.308  63.331 0.3750000000
161457  50.977  -11.261  63.938 0.1250000000
85199  50.229  -11.692  63.417 0.3750000000
85198  51.951  -11.911  63.605 0.1250000000
162315  50.958  -12.218  63.308 0.3750000000
61228  -0.073  -32.415  84.105 0.1250000000
61029  3.839  -32.506  101.828 0.5000000000
55292  -1.948  -37.335  98.582 0.2500000000
61025  6.865  -32.066  101.703 0.5000000000
61027  5.282  -32.229  101.847 0.5000000000
58852  7.857  -35.210  92.498 0.1250000000
175489  8.271  -32.483  99.635 0.5000000000
58967  12.703  -33.469  86.585 0.1250000000
60066  13.642  -33.132  86.284 0.5000000000
64605  20.310  -28.550  78.755 0.2500000000
66781  20.301  -27.244  78.611 0.3750000000
65724  19.992  -28.089  78.403 0.3750000000
63431  27.500  -30.161  89.491 0.3750000000
68898  23.380  -25.237  80.015 0.6250000000
68900  21.763  -25.101  79.989 0.6250000000
61190  29.634  -32.210  86.127 0.5000000000
65772  28.756  -28.865  75.255 0.5000000000
73550  34.388  -21.233  87.400 0.1250000000
61098  -0.406  -32.249  95.388 0.1250000000
68901  20.965  -25.412  79.729 0.6250000000
65557  20.009  -27.373  90.426 0.5000000000
60081  13.953  -33.798  84.887 0.5000000000
56697  16.125  -36.870  83.963 0.1250000000
68927  22.782  -25.625  78.601 0.5000000000
67901  22.359  -26.198  78.293 0.3750000000
150077  23.850  -27.852  78.120 0.5000000000
57712  16.027  -35.248  90.580 0.5000000000
55382  -1.065  -37.809  94.136 0.1250000000
55361  -1.244  -37.502  94.878 0.1250000000
55360  -1.141  -37.159  94.275 0.1250000000
55381  -0.978  -37.492  93.580 0.1250000000
56623  -0.348  -36.544  93.012 0.1250000000
56643  0.894  -36.717  90.108 0.1250000000
55323  -1.864  -37.398  96.446 0.1250000000
56578  -1.525  -36.648  96.101 0.1250000000
56596  -1.156  -36.513  94.636 0.1250000000
178100  -1.150  -35.931  94.815 0.1250000000
56613  -0.402  -35.849  93.526 0.1250000000
57691  0.026  -35.165  93.157 0.1250000000
57719  0.448  -35.166  91.540 0.1250000000
162334  -2.140  -37.977  98.448 0.2500000000
57611  -2.021  -36.260  97.425 0.1250000000
57632  -1.795  -36.072  96.782 0.1250000000
151954  -1.130  -35.415  94.983 0.1250000000
57651  -1.249  -35.289  95.756 0.1250000000
58839  -0.067  -34.369  93.471 0.1250000000
53048  -2.261  -39.475  98.834 0.1250000000
58810  -0.984  -34.594  95.249 0.1250000000
57755  1.021  -35.211  88.195 0.1250000000
59922  -0.326  -33.573  94.486 0.1250000000
61108  -0.238  -32.715  93.362 0.1250000000
172606  0.722  -32.553  87.924 0.1250000000
58985  0.735  -34.786  85.248 0.1250000000
57799  1.022  -35.287  85.896 0.1250000000
167063  0.363  -33.574  84.531 0.1250000000
63386  -0.851  -30.794  95.075 0.1250000000
62221  -1.074  -30.923  93.266 0.1250000000
62245  -1.084  -31.046  91.575 0.1250000000
62189  -0.490  -31.403  97.230 0.1250000000
62230  -1.015  -31.107  92.464 0.1250000000
63395  -1.266  -30.082  93.772 0.1250000000
155707  -0.492  -29.873  97.333 0.1250000000
64422  -0.680  -29.575  96.594 0.1250000000
157059  -1.604  -29.569  92.253 0.1250000000
58984  13.658  -34.053  85.222 0.3750000000
165320  2.482  -32.525  102.191 0.5000000000
62157  1.140  -31.879  101.708 0.5000000000
62158  0.566  -31.576  101.372 0.3750000000
63334  -0.185  -30.770  100.482 0.3750000000
63343  -0.318  -30.295  99.550 0.1250000000
158998  -1.364  -29.344  94.236 0.1250000000
64423  -0.708  -28.294  96.085 0.1250000000
58900  18.963  -35.221  89.176 0.5000000000
151484  -1.262  -28.935  94.640 0.1250000000
152997  -1.599  -28.988  92.275 0.1250000000
65575  -0.976  -28.479  89.775 0.1250000000
153967  0.250  -28.598  87.636 0.1250000000
62147  2.320  -31.653  102.214 0.5000000000
63333  0.233  -30.017  100.917 0.3750000000
57726  17.357  -35.304  90.552 0.2500000000
57710  18.376  -35.366  91.510 0.2500000000
58879  18.952  -35.256  90.021 0.3750000000
63520  23.985  -29.507  81.134 0.1250000000
61022  4.935  -31.796  102.107 0.5000000000
61024  3.754  -31.781  102.154 0.5000000000
62137  4.025  -30.936  102.534 0.3750000000
161435  2.292  -30.791  102.185 0.5000000000
62146  5.688  -31.657  102.211 0.5000000000
152150  17.129  -35.259  92.840 0.2500000000
65479  0.159  -27.978  98.644 0.1250000000
174005  19.591  -35.064  89.593 0.3750000000
65691  20.887  -28.138  79.587 0.1250000000
61284  24.925  -32.174  79.925 0.2500000000
61302  25.673  -32.620  78.820 0.2500000000
157686  6.541  -31.502  102.277 0.5000000000
62136  5.291  -31.152  102.557 0.3750000000
170890  4.761  -30.783  102.801 0.3750000000
57680  17.445  -35.378  93.645 0.2500000000
57663  17.759  -35.468  94.605 0.2500000000
168176  16.926  -35.482  95.093 0.2500000000
57725  19.059  -35.320  90.900 0.3750000000
58898  20.395  -34.261  88.674 0.3750000000
67903  20.777  -26.446  78.642 0.3750000000
67902  21.534  -26.254  78.417 0.3750000000
160911  24.266  -30.946  78.279 0.1250000000
58769  17.641  -34.319  97.101 0.2500000000
57622  16.678  -35.333  96.529 0.2500000000
167615  16.283  -35.488  95.666 0.2500000000
57661  19.342  -35.359  94.605 0.2500000000
57662  18.655  -35.435  94.540 0.2500000000
58803  13.950  -35.226  96.104 0.3750000000
58833  20.661  -34.929  93.603 0.2500000000
58834  20.192  -35.059  92.957 0.2500000000
58847  20.749  -34.575  92.191 0.2500000000
61136  21.215  -33.076  88.944 0.3750000000
172514  24.517  -30.477  77.858 0.1250000000
62414  25.196  -31.406  77.881 0.2500000000
61075  17.743  -32.893  97.129 0.2500000000
59868  14.648  -33.811  99.051 0.2500000000
62268  29.278  -30.698  89.859 0.3750000000
62269  27.993  -30.581  90.027 0.3750000000
61048  15.330  -32.550  99.236 0.2500000000
61148  30.934  -30.928  88.019 0.2500000000
61131  31.071  -30.950  88.884 0.2500000000
61172  29.968  -31.415  86.763 0.3750000000
61146  32.030  -31.265  88.639 0.2500000000
61147  31.486  -31.103  88.392 0.2500000000
61169  31.991  -31.394  87.339 0.2500000000
61203  32.796  -31.569  86.367 0.2500000000
158990  45.360  -14.615  63.132 0.1250000000
84243  49.687  -12.108  62.955 0.3750000000
162363  2.100  -30.105  102.212 0.2500000000
64387  1.619  -29.724  102.039 0.2500000000
178836  1.200  -30.045  101.764 0.2500000000
63315  2.925  -30.746  102.375 0.2500000000
63322  1.614  -30.414  101.974 0.2500000000
64381  3.820  -28.868  103.238 0.2500000000
64386  2.245  -29.488  102.422 0.2500000000
64388  1.114  -29.476  101.703 0.2500000000
63311  6.603  -30.225  103.241 0.2500000000
63312  5.205  -30.179  103.151 0.2500000000
171010  3.849  -29.652  103.092 0.2500000000
62134  7.302  -31.120  102.593 0.2500000000
177389  5.278  -30.718  102.991 0.2500000000
62156  7.638  -31.854  101.578 0.3750000000
64408  14.803  -29.774  97.670 0.1250000000
177853  14.025  -28.689  99.725 0.1250000000
67619  12.392  -26.768  100.822 0.1250000000
67607  12.167  -26.653  101.711 0.1250000000
67599  11.419  -26.625  103.016 0.1250000000
166640  17.385  -32.384  97.194 0.1250000000
62188  16.375  -31.558  97.357 0.1250000000
63348  15.783  -31.130  97.951 0.1250000000
63349  15.197  -30.372  98.303 0.1250000000
158461  14.685  -29.720  98.759 0.1250000000
64403  14.539  -30.000  99.788 0.1250000000
65462  13.670  -28.667  100.319 0.1250000000
64395  13.696  -29.381  100.923 0.1250000000
64383  13.027  -29.163  102.020 0.1250000000
65450  12.470  -28.519  102.325 0.1250000000
65441  11.382  -28.133  103.048 0.1250000000
66521  9.894  -27.788  103.368 0.1250000000
65435  8.277  -28.267  103.669 0.2500000000
66515  7.170  -27.600  103.876 0.2500000000
65446  4.531  -28.402  103.439 0.2500000000
65448  3.079  -28.378  103.116 0.2500000000
62186  17.300  -31.617  97.081 0.1250000000
61076  16.976  -33.026  97.522 0.1250000000
62181  15.635  -31.797  98.795 0.1250000000
63341  15.358  -31.000  98.979 0.1250000000
164659  14.917  -30.902  99.792 0.1250000000
63324  13.920  -30.265  101.210 0.1250000000
64389  13.426  -29.772  101.611 0.1250000000
63326  12.809  -30.865  101.964 0.1250000000
64384  12.388  -29.321  102.242 0.1250000000
63306  10.830  -29.746  102.784 0.1250000000
64376  9.424  -29.441  103.218 0.2500000000
64370  7.910  -29.099  103.575 0.2500000000
64372  6.189  -28.701  103.733 0.2500000000
62172  15.167  -31.749  99.578 0.1250000000
62173  14.591  -31.675  100.295 0.1250000000
164474  12.730  -31.566  101.325 0.2500000000
167251  12.006  -31.301  101.726 0.2500000000
62140  11.964  -30.776  102.088 0.1250000000
62143  9.365  -31.122  102.259 0.3750000000
62144  8.111  -30.922  102.729 0.3750000000
59858  14.905  -33.180  99.386 0.1250000000
62164  9.967  -31.938  100.945 0.3750000000
167508  9.040  -31.403  101.733 0.3750000000
61042  8.581  -32.269  100.249 0.3750000000
62238  29.045  -31.379  91.522 0.2500000000
62256  27.718  -31.194  90.835 0.2500000000
63332  14.340  -30.774  100.607 0.1250000000
62150  13.975  -30.901  101.296 0.1250000000
62151  13.476  -31.219  101.402 0.1250000000
62141  11.157  -31.087  102.081 0.3750000000
63319  10.534  -30.464  102.485 0.2500000000
62185  18.080  -32.086  97.333 0.1250000000
61049  14.632  -32.614  99.895 0.1250000000
61036  13.983  -32.301  100.482 0.1250000000
167385  13.854  -32.970  100.036 0.1250000000
61037  13.107  -32.620  100.269 0.2500000000
62162  11.827  -32.002  101.006 0.2500000000
62153  10.522  -31.530  101.539 0.3750000000
61074  18.545  -32.696  97.323 0.1250000000
59869  13.728  -33.774  98.836 0.1250000000
61050  13.200  -33.279  99.415 0.2500000000
61064  12.315  -33.208  98.813 0.3750000000
61052  11.437  -32.601  99.433 0.3750000000
61039  11.165  -32.385  100.215 0.3750000000
61041  9.426  -32.234  100.236 0.3750000000
61062  19.248  -32.503  97.906 0.1250000000
59878  19.011  -33.287  97.317 0.1250000000
59882  14.228  -34.275  98.395 0.1250000000
59883  13.304  -34.063  97.993 0.3750000000
59870  12.809  -33.588  98.428 0.3750000000
61065  11.617  -32.873  98.708 0.3750000000
61053  10.588  -32.480  99.434 0.3750000000
63381  33.039  -29.821  93.600 0.1250000000
62201  31.741  -30.491  93.804 0.1250000000
63369  31.384  -30.456  94.490 0.1250000000
59865  19.861  -33.034  97.803 0.1250000000
58767  19.462  -33.947  97.220 0.1250000000
58768  18.584  -34.143  97.095 0.1250000000
59891  12.923  -34.234  97.107 0.3750000000
158845  11.053  -32.852  97.957 0.3750000000
61066  10.856  -32.619  98.681 0.3750000000
63390  32.305  -30.127  93.322 0.1250000000
171301  31.496  -30.894  93.679 0.1250000000
59864  20.657  -33.158  97.687 0.1250000000
58766  20.032  -34.264  97.047 0.1250000000
158976  19.075  -34.644  96.874 0.1250000000
61079  11.222  -33.127  97.316 0.3750000000
63388  33.780  -29.645  92.871 0.1250000000
63389  32.919  -29.844  92.791 0.1250000000
62211  32.426  -30.229  92.681 0.1250000000
62212  31.954  -30.689  93.109 0.1250000000
62214  30.083  -31.286  93.476 0.1250000000
150808  29.274  -31.425  93.110 0.1250000000
59877  20.782  -33.873  97.063 0.1250000000
152046  20.453  -34.752  96.138 0.1250000000
62235  32.404  -31.054  91.267 0.1250000000
150807  31.550  -31.145  92.588 0.1250000000
150809  29.982  -31.388  92.751 0.2500000000
58799  21.623  -34.197  95.431 0.1250000000
62252  31.671  -31.187  90.760 0.1250000000
150806  30.303  -31.365  92.108 0.2500000000
150805  29.526  -31.443  92.202 0.2500000000
156642  28.252  -31.456  93.154 0.1250000000
62215  27.423  -31.402  93.163 0.1250000000
58816  21.390  -34.369  94.604 0.1250000000
58832  21.244  -34.483  93.782 0.1250000000
62253  30.256  -31.181  90.482 0.2500000000
62225  27.769  -31.495  92.442 0.2500000000
63391  26.159  -31.091  93.736 0.1250000000
63392  25.503  -30.577  93.707 0.1250000000
156299  21.366  -34.019  91.846 0.1250000000
62240  27.182  -31.410  91.769 0.2500000000
62241  26.428  -31.300  91.661 0.2500000000
62217  25.733  -31.122  92.942 0.2500000000
63417  27.143  -30.752  90.232 0.2500000000
62242  25.955  -31.071  91.166 0.2500000000
63408  25.059  -30.942  91.492 0.2500000000
63419  25.448  -30.695  90.593 0.2500000000
61046  20.401  -31.729  98.876 0.1250000000
61061  19.903  -32.165  98.450 0.1250000000
59884  12.498  -33.751  97.537 0.3750000000
61078  11.858  -33.346  97.978 0.3750000000
168091  20.660  -31.357  99.093 0.1250000000
61060  20.624  -32.400  98.329 0.1250000000
168535  12.294  -33.873  96.804 0.3750000000
59885  11.779  -33.503  97.048 0.3750000000
64451  34.939  -28.962  91.969 0.1250000000
62194  30.749  -30.894  94.598 0.1250000000
180121  21.186  -32.788  97.995 0.1250000000
58788  12.509  -34.305  96.093 0.3750000000
63396  34.473  -29.387  91.622 0.1250000000
63397  33.902  -29.627  92.015 0.1250000000
62223  32.858  -30.085  92.044 0.1250000000
63357  30.064  -30.242  95.262 0.1250000000
160238  30.089  -31.125  94.348 0.1250000000
62204  29.501  -31.269  93.934 0.1250000000
59890  21.559  -33.596  96.695 0.1250000000
179843  22.082  -33.748  95.452 0.1250000000
63416  34.181  -30.253  90.476 0.1250000000
173211  33.185  -30.313  91.414 0.1250000000
63359  28.547  -30.051  95.779 0.1250000000
62195  29.237  -31.110  94.699 0.1250000000
62205  28.687  -31.297  93.949 0.1250000000
58798  22.056  -33.936  94.798 0.1250000000
152043  34.122  -31.107  89.246 0.1250000000
62264  33.874  -31.101  90.082 0.1250000000
62250  33.150  -30.957  90.843 0.1250000000
63373  28.046  -30.290  95.491 0.1250000000
177264  28.187  -30.667  95.279 0.1250000000
62198  27.316  -30.991  94.575 0.1250000000
63383  26.522  -30.830  94.350 0.1250000000
59915  22.257  -33.349  94.262 0.1250000000
59933  22.096  -33.517  93.417 0.1250000000
63374  27.313  -30.039  95.405 0.1250000000
64428  26.523  -29.558  95.225 0.1250000000
158222  25.015  -30.543  93.186 0.2500000000
59955  21.879  -33.619  92.510 0.2500000000
62277  34.012  -31.161  88.347 0.1250000000
64429  25.664  -28.762  95.025 0.2500000000
63393  24.823  -29.666  93.820 0.2500000000
63400  24.430  -30.009  92.914 0.2500000000
59976  21.718  -33.268  91.503 0.2500000000
58876  21.262  -34.012  91.019 0.2500000000
61187  32.584  -31.312  87.116 0.1250000000
64441  25.090  -28.807  94.538 0.2500000000
63409  24.214  -30.243  91.854 0.2500000000
61204  32.031  -32.347  85.679 0.3750000000
65525  24.107  -27.689  93.507 0.2500000000
64458  23.565  -29.430  91.595 0.2500000000
63421  23.865  -30.146  90.876 0.2500000000
64453  23.851  -29.047  92.617 0.2500000000
154923  23.043  -28.573  91.429 0.2500000000
62177  21.485  -31.553  98.649 0.1250000000
61058  21.984  -31.919  98.084 0.1250000000
63406  34.585  -29.653  90.835 0.1250000000
64465  35.125  -29.329  90.393 0.1250000000
59875  22.053  -33.022  97.075 0.1250000000
61086  22.608  -32.682  96.430 0.1250000000
63415  34.765  -30.008  90.085 0.1250000000
154718  22.319  -33.266  95.822 0.1250000000
153005  34.519  -30.533  88.861 0.1250000000
63451  34.526  -30.282  87.824 0.1250000000
61100  22.815  -32.657  94.594 0.1250000000
162855  22.503  -32.820  93.670 0.1250000000
62290  33.994  -31.014  87.356 0.1250000000
163292  27.963  -29.216  96.002 0.1250000000
64416  27.181  -28.867  95.912 0.1250000000
59954  22.263  -33.023  92.957 0.1250000000
62302  33.896  -30.796  86.462 0.1250000000
62317  33.981  -30.801  85.537 0.1250000000
65494  26.351  -27.892  95.629 0.1250000000
61124  21.769  -32.642  90.720 0.2500000000
62318  33.025  -31.832  85.703 0.1250000000
153102  33.408  -31.535  85.014 0.2500000000
65503  26.129  -28.153  95.445 0.1250000000
62329  33.466  -31.326  83.899 0.5000000000
65513  25.255  -27.196  94.963 0.1250000000
65536  23.532  -27.673  92.860 0.1250000000
66622  22.398  -26.760  92.223 0.2500000000
65543  23.365  -28.515  92.133 0.2500000000
61072  22.415  -32.227  97.333 0.1250000000
63442  35.097  -29.806  88.649 0.1250000000
63346  22.560  -30.540  98.237 0.1250000000
61071  22.981  -31.963  96.864 0.1250000000
64472  35.173  -29.585  89.565 0.1250000000
64493  34.659  -29.703  86.967 0.1250000000
63352  23.348  -30.363  97.483 0.1250000000
62199  23.397  -31.333  95.695 0.1250000000
61106  22.911  -32.108  93.840 0.1250000000
63351  23.918  -29.761  97.101 0.1250000000
62208  23.303  -31.244  94.865 0.1250000000
61109  22.592  -32.262  92.965 0.1250000000
63471  34.273  -30.016  86.156 0.1250000000
177046  26.105  -26.287  95.816 0.1250000000
64443  23.398  -29.268  95.172 0.1250000000
171072  23.009  -30.666  93.685 0.1250000000
61118  22.131  -32.324  91.526 0.2500000000
65495  25.379  -26.438  95.460 0.1250000000
64448  22.114  -28.745  93.423 0.2500000000
64454  22.275  -29.625  92.787 0.2500000000
62243  22.258  -31.460  91.802 0.2500000000
66573  24.923  -25.481  95.772 0.1250000000
64449  21.535  -28.269  92.993 0.2500000000
64455  21.688  -29.031  92.446 0.2500000000
175570  21.740  -29.977  91.309 0.2500000000
176522  24.970  -26.088  94.787 0.1250000000
65526  23.783  -26.513  93.678 0.1250000000
66615  21.101  -26.649  92.271 0.2500000000
65546  20.704  -28.012  91.670 0.2500000000
166959  20.897  -28.820  91.022 0.2500000000
67706  21.780  -26.364  91.783 0.1250000000
174990  35.372  -28.699  87.444 0.1250000000
65581  35.474  -28.992  88.271 0.1250000000
64506  34.907  -28.852  86.127 0.1250000000
64505  35.065  -29.118  86.848 0.1250000000
179263  34.685  -29.388  86.356 0.1250000000
64516  34.560  -29.372  85.654 0.1250000000
63481  34.257  -30.053  85.197 0.1250000000
64417  24.096  -28.953  96.741 0.1250000000
65627  34.717  -28.644  85.308 0.1250000000
165594  34.247  -30.013  84.427 0.1250000000
167204  24.642  -26.218  96.315 0.1250000000
64430  23.935  -27.769  96.391 0.1250000000
64432  23.106  -27.844  95.129 0.1250000000
66574  23.984  -26.099  95.975 0.1250000000
66585  23.942  -25.416  95.515 0.1250000000
65506  23.296  -25.918  95.268 0.1250000000
65528  21.902  -27.626  93.833 0.2500000000
66593  23.824  -25.130  94.982 0.1250000000
66605  23.273  -25.614  94.333 0.1250000000
164848  21.574  -27.485  93.162 0.2500000000
160863  21.500  -26.481  92.343 0.1250000000
71247  28.742  -23.311  72.725 0.1250000000
71228  28.494  -23.513  73.510 0.1250000000
71230  26.906  -22.894  73.825 0.2500000000
71215  26.617  -23.157  74.526 0.3750000000
71248  28.037  -23.013  72.817 0.1250000000
71231  26.395  -22.491  74.269 0.3750000000
72489  27.747  -22.461  72.237 0.2500000000
72490  27.195  -22.038  72.660 0.3750000000
72548  30.149  -22.341  69.452 0.2500000000
72549  29.419  -22.259  69.747 0.2500000000
72505  28.651  -22.618  70.853 0.2500000000
72506  28.079  -22.246  71.377 0.2500000000
72550  29.132  -21.709  69.764 0.2500000000
180568  26.276  -22.716  74.863 0.5000000000
72507  27.579  -21.658  71.946 0.5000000000
78630  34.294  -17.222  67.501 0.2500000000
79736  34.474  -16.288  67.415 0.2500000000
79617  41.578  -16.546  76.215 0.3750000000
78545  41.810  -17.263  76.362 0.3750000000
77388  40.500  -18.376  75.267 0.5000000000
82910  47.403  -13.034  78.391 0.1250000000
82930  47.841  -13.339  77.616 0.1250000000
80684  42.793  -15.311  77.155 0.2500000000
78546  41.482  -17.930  75.959 0.5000000000
76224  40.053  -18.848  75.148 0.6250000000
174825  46.195  -13.024  80.638 0.1250000000
81703  45.851  -13.497  80.331 0.1250000000
84053  46.544  -12.117  80.562 0.1250000000
81714  46.105  -13.264  79.843 0.1250000000
80654  44.837  -14.635  79.941 0.1250000000
79586  43.964  -15.831  79.036 0.1250000000
78532  43.117  -16.981  77.721 0.1250000000
79597  43.511  -15.880  78.141 0.1250000000
78533  42.480  -17.293  76.937 0.2500000000
82878  47.262  -12.318  79.247 0.1250000000
79598  43.077  -15.909  77.543 0.1250000000
78534  42.080  -18.046  76.472 0.3750000000
151819  48.109  -13.495  76.983 0.1250000000
79609  42.699  -16.307  77.096 0.2500000000
77387  41.060  -18.522  75.629 0.5000000000
76208  40.544  -19.069  75.390 0.5000000000
82977  47.870  -13.932  75.248 0.2500000000
82998  48.539  -13.628  74.109 0.2500000000
169253  48.394  -13.695  74.883 0.2500000000
76225  39.331  -18.951  74.983 0.6250000000
75006  38.194  -20.114  75.187 0.6250000000
83016  47.761  -14.055  73.808 0.2500000000
81789  46.425  -14.136  73.940 0.2500000000
153028  45.300  -14.415  80.750 0.1250000000
79575  44.409  -16.370  79.713 0.1250000000
78521  43.706  -16.727  78.474 0.1250000000
156719  44.620  -15.619  80.143 0.1250000000
179111  42.921  -17.690  77.252 0.1250000000
163856  42.695  -18.184  76.986 0.1250000000
77374  42.247  -18.848  76.644 0.3750000000
77375  41.686  -18.710  76.075 0.5000000000
76207  41.139  -19.289  75.833 0.5000000000
155800  40.502  -19.835  75.629 0.5000000000
74987  39.767  -20.330  75.496 0.6250000000
72446  37.131  -21.370  76.232 0.6250000000
74988  38.864  -20.821  75.457 0.6250000000
76209  39.906  -19.506  75.243 0.6250000000
73699  37.871  -20.792  75.433 0.6250000000
75005  39.096  -19.858  75.214 0.6250000000
75007  37.326  -20.213  75.036 0.6250000000
169849  48.273  -13.800  73.229 0.2500000000
179754  47.648  -14.067  73.135 0.2500000000
83050  48.709  -13.669  71.740 0.2500000000
83036  48.004  -13.992  72.368 0.2500000000
78522  43.142  -18.197  77.711 0.1250000000
76197  41.795  -19.517  76.283 0.1250000000
74970  41.791  -20.309  76.628 0.1250000000
73663  40.430  -21.532  76.396 0.3750000000
73665  39.189  -22.223  76.264 0.5000000000
74985  41.182  -20.102  76.083 0.5000000000
173257  38.594  -22.075  75.954 0.6250000000
72445  37.863  -21.992  76.120 0.6250000000
73680  39.719  -21.148  75.835 0.6250000000
72431  36.525  -21.212  76.573 0.6250000000
74986  40.473  -20.654  75.941 0.5000000000
73682  37.514  -21.234  75.806 0.6250000000
83067  48.748  -13.526  70.768 0.2500000000
83082  48.383  -13.454  69.888 0.2500000000
177564  44.375  -15.802  82.559 0.1250000000
72429  38.509  -22.408  76.549 0.5000000000
72430  37.344  -21.868  76.705 0.5000000000
72399  36.930  -21.528  78.247 0.3750000000
72418  36.945  -21.594  77.362 0.3750000000
72419  35.973  -20.920  77.054 0.3750000000
83099  48.180  -13.296  69.084 0.2500000000
84195  48.120  -13.006  68.195 0.2500000000
72400  36.275  -20.979  78.448 0.3750000000
72416  38.386  -22.885  77.312 0.3750000000
72417  37.689  -22.334  77.378 0.3750000000
87311  49.117  -8.838  65.886 0.6250000000
87319  50.667  -9.436  65.705 0.5000000000
86210  51.048  -10.025  65.200 0.5000000000
86211  50.069  -9.803  65.169 0.6250000000
62176  22.164  -31.173  98.334 0.1250000000
63336  21.981  -30.528  98.534 0.1250000000
61055  8.927  -32.395  99.544 0.3750000000
177728  24.316  -30.269  90.305 0.2500000000
72475  27.346  -22.606  73.085 0.2500000000
78632  32.082  -17.735  67.838 0.2500000000
79738  32.545  -16.905  67.815 0.3750000000
79737  33.485  -16.334  67.604 0.2500000000
83035  48.785  -13.608  72.567 0.2500000000
156757  34.482  -27.988  84.626 0.1250000000
168382  28.376  -21.976  70.677 0.3750000000
80664  44.426  -14.397  79.313 0.1250000000
82893  46.908  -12.706  79.221 0.1250000000
81713  46.462  -12.936  79.924 0.1250000000
82950  47.861  -13.805  76.151 0.1250000000
81776  47.211  -14.053  74.935 0.2500000000
62330  32.843  -32.131  84.287 0.5000000000
81788  47.148  -14.163  74.247 0.2500000000
62138  3.340  -31.147  102.313 0.2500000000
62135  6.624  -30.923  102.953 0.3750000000
156829  7.888  -31.335  102.128 0.3750000000
157841  5.846  -30.658  103.047 0.2500000000
62155  8.399  -31.574  101.573 0.3750000000
62165  9.043  -31.825  101.006 0.3750000000
161514  20.020  -35.118  95.757 0.1250000000
58800  20.795  -34.746  95.350 0.1250000000
59934  21.668  -34.121  93.187 0.1250000000
61077  16.507  -32.492  97.806 0.1250000000
58773  13.785  -34.549  97.530 0.1250000000
61135  21.622  -32.138  90.028 0.2500000000
167435  16.104  -31.884  98.127 0.1250000000
62244  22.053  -31.582  90.842 0.2500000000
63411  21.781  -30.554  90.719 0.2500000000
63422  21.435  -30.178  89.994 0.2500000000
62237  29.876  -31.328  91.381 0.2500000000
62319  32.742  -32.189  85.215 0.3750000000
62236  30.845  -31.268  91.235 0.1250000000
64459  20.395  -28.154  90.748 0.2500000000
66621  22.922  -27.631  92.229 0.2500000000
174674  20.368  -27.401  91.127 0.3750000000
67708  20.966  -26.222  92.003 0.2500000000
59859  14.184  -33.347  99.513 0.1250000000
62257  26.771  -31.157  90.974 0.2500000000
62303  33.255  -31.124  86.814 0.1250000000
64382  3.037  -29.389  102.952 0.2500000000
158557  2.688  -30.140  102.471 0.2500000000
63314  3.451  -30.331  102.688 0.2500000000
65451  2.360  -28.665  102.657 0.2500000000
64371  7.017  -28.948  103.717 0.2500000000
174388  7.231  -29.693  103.436 0.2500000000
64379  5.627  -29.393  103.397 0.2500000000
63310  7.462  -30.495  103.105 0.2500000000
63313  4.310  -30.231  103.030 0.2500000000
64380  4.668  -29.348  103.268 0.2500000000
173306  7.919  -29.878  103.344 0.2500000000
65461  14.140  -29.258  100.135 0.1250000000
65471  13.632  -28.179  99.688 0.1250000000
66528  12.989  -27.940  101.081 0.1250000000
66529  12.583  -27.406  101.543 0.1250000000
161918  11.913  -26.551  102.420 0.1250000000
66524  12.413  -27.724  102.286 0.1250000000
66518  12.013  -27.192  102.696 0.1250000000
66519  11.597  -27.437  103.011 0.1250000000
62187  16.847  -31.920  97.194 0.1250000000
62192  16.448  -31.145  96.562 0.1250000000
63342  15.005  -30.338  99.154 0.1250000000
166306  13.276  -29.082  101.545 0.1250000000
63316  12.972  -30.014  102.015 0.1250000000
64373  11.868  -28.707  102.697 0.1250000000
64385  11.638  -29.504  102.477 0.1250000000
65442  10.532  -28.350  103.176 0.1250000000
66520  10.786  -27.399  103.197 0.1250000000
65434  9.069  -28.052  103.538 0.2500000000
65443  9.668  -28.610  103.302 0.2500000000
164602  7.870  -27.752  103.811 0.2500000000
66514  8.511  -27.518  103.728 0.2500000000
65444  8.820  -28.854  103.467 0.2500000000
65436  7.513  -28.330  103.781 0.2500000000
65437  6.368  -27.899  103.898 0.2500000000
176912  6.847  -28.301  103.842 0.2500000000
65445  5.314  -28.653  103.537 0.2500000000
66522  4.461  -27.606  103.495 0.2500000000
62161  13.408  -31.966  100.973 0.1250000000
64375  10.285  -29.207  103.116 0.2500000000
63318  11.382  -30.291  102.308 0.2500000000
64377  8.602  -29.654  103.300 0.2500000000
63320  9.686  -30.599  102.630 0.3750000000
63321  8.886  -30.753  102.700 0.3750000000
169697  12.665  -32.157  100.802 0.2500000000
62152  11.270  -31.576  101.451 0.2500000000
62142  10.184  -31.116  102.198 0.3750000000
62154  9.695  -31.469  101.623 0.3750000000
151232  8.620  -31.174  102.237 0.3750000000
62239  28.112  -31.445  91.652 0.2500000000
61051  12.283  -32.828  99.475 0.3750000000
61038  12.092  -32.460  100.217 0.3750000000
62163  10.829  -32.031  100.931 0.3750000000
61040  10.271  -32.299  100.205 0.3750000000
164442  20.146  -33.645  97.349 0.1250000000
62203  30.868  -31.082  93.816 0.1250000000
62213  30.719  -31.250  92.881 0.1250000000
63398  33.362  -29.774  92.265 0.1250000000
150804  28.614  -31.497  92.356 0.1250000000
58779  21.136  -34.287  96.244 0.1250000000
62206  27.803  -31.280  93.927 0.1250000000
170929  27.095  -31.440  92.556 0.2500000000
62207  26.944  -31.208  93.830 0.1250000000
62216  26.624  -31.303  93.098 0.2500000000
58831  21.881  -34.028  93.991 0.1250000000
158192  25.949  -30.643  94.189 0.1250000000
153020  25.501  -29.848  94.344 0.2500000000
63399  24.947  -30.817  92.420 0.2500000000
63418  26.305  -30.740  90.401 0.2500000000
63420  24.619  -30.491  90.854 0.2500000000
61059  21.327  -32.190  98.325 0.1250000000
63370  30.689  -30.515  95.024 0.1250000000
62249  33.610  -30.374  90.952 0.1250000000
63371  29.868  -30.727  95.043 0.1250000000
63372  28.785  -30.636  95.332 0.1250000000
59889  22.092  -33.284  96.406 0.1250000000
59902  22.399  -33.282  95.081 0.1250000000
62196  28.249  -31.030  94.835 0.1250000000
63360  27.601  -29.664  95.748 0.1250000000
62197  27.690  -30.630  95.149 0.1250000000
172849  26.916  -30.427  94.951 0.1250000000
63375  26.155  -30.137  94.697 0.1250000000
63361  26.878  -29.158  95.654 0.1250000000
61110  22.173  -32.790  92.272 0.1250000000
158318  24.355  -28.935  93.408 0.2500000000
64442  24.666  -27.878  94.250 0.1250000000
61092  23.118  -32.094  96.062 0.1250000000
61099  23.151  -32.065  95.213 0.1250000000
63460  34.165  -30.292  86.974 0.1250000000
61105  23.103  -31.927  94.513 0.1250000000
65493  26.939  -27.775  95.986 0.1250000000
61117  22.334  -32.060  92.225 0.1250000000
65504  25.444  -26.678  95.335 0.1250000000
172426  24.511  -26.194  94.284 0.1250000000
66583  25.015  -25.655  95.145 0.1250000000
66613  23.120  -26.835  93.068 0.1250000000
67696  22.093  -26.547  92.592 0.1250000000
62175  22.879  -30.887  97.953 0.1250000000
64400  22.267  -29.655  98.513 0.1250000000
63345  23.086  -30.104  98.004 0.1250000000
62190  23.326  -31.344  96.513 0.1250000000
62183  23.111  -31.261  97.300 0.1250000000
64406  23.433  -29.325  98.202 0.1250000000
63344  23.742  -29.538  97.677 0.1250000000
63362  23.546  -30.566  96.861 0.1250000000
156700  23.603  -30.546  96.177 0.1250000000
62218  23.101  -31.300  94.095 0.1250000000
172736  23.816  -29.915  96.593 0.1250000000
63376  23.475  -30.383  95.375 0.1250000000
63384  23.235  -30.265  94.440 0.1250000000
62228  22.580  -31.412  92.574 0.1250000000
66558  24.953  -26.155  96.692 0.1250000000
66557  26.209  -25.835  96.015 0.1250000000
65481  25.679  -26.463  95.582 0.1250000000
177594  23.027  -29.136  94.506 0.2500000000
64431  23.530  -28.240  95.782 0.1250000000
64418  23.687  -29.376  96.052 0.1250000000
63385  22.718  -29.650  93.716 0.2500000000
63394  22.703  -30.581  93.025 0.1250000000
65527  22.492  -28.367  94.245 0.2500000000
164190  21.891  -28.916  92.920 0.2500000000
63402  21.973  -29.846  91.960 0.2500000000
63401  22.364  -30.613  92.240 0.2500000000
63410  22.091  -30.694  91.453 0.2500000000
65545  21.252  -28.407  92.263 0.2500000000
64467  21.380  -29.621  90.793 0.2500000000
66604  23.981  -25.524  94.395 0.1250000000
66592  24.606  -25.273  94.883 0.1250000000
67686  22.750  -26.605  93.214 0.1250000000
160298  23.356  -25.984  93.701 0.1250000000
66614  21.534  -26.945  92.846 0.2500000000
65496  24.332  -27.370  96.806 0.1250000000
64410  24.202  -28.717  97.263 0.1250000000
65505  23.645  -26.677  95.887 0.1250000000
66584  24.473  -25.171  95.379 0.1250000000
65514  22.573  -26.980  94.649 0.2500000000
66594  22.926  -25.768  94.640 0.1250000000
66606  21.838  -26.910  93.649 0.2500000000
67687  22.761  -26.284  93.603 0.1250000000
71271  28.493  -23.003  71.832 0.1250000000
71229  27.597  -23.207  73.562 0.1250000000
80655  44.417  -15.416  79.678 0.1250000000
78501  44.134  -17.016  79.104 0.1250000000
71151  37.534  -22.172  78.054 0.3750000000
160103  49.758  -9.243  65.621 0.6250000000
64401  21.558  -30.205  98.698 0.1250000000
89324  48.994  -7.218  67.676 0.5000000000
88318  49.017  -8.289  66.515 0.5000000000
87310  50.045  -8.803  66.212 0.5000000000
87318  51.620  -9.577  65.782 0.3750000000
63573  31.122  -30.597  76.898 0.2500000000
179953  49.857  -8.352  66.687 0.3750000000
65452  1.600  -28.864  102.126 0.1250000000
65447  3.805  -28.009  103.346 0.1250000000
65439  5.138  -27.893  103.694 0.1250000000
66525  1.861  -28.061  102.344 0.1250000000
65454  1.008  -28.737  101.483 0.1250000000
162333  3.858  -27.266  103.282 0.1250000000
65463  0.538  -28.445  100.232 0.1250000000
64390  0.677  -29.396  101.210 0.1250000000
66516  6.506  -27.152  103.869 0.1250000000
64404  0.172  -29.062  99.850 0.1250000000
151303  2.452  -27.737  102.739 0.1250000000
66531  1.396  -28.015  101.750 0.1250000000
165749  7.899  -27.068  103.874 0.1250000000
57797  14.213  -35.308  84.828 0.1250000000
57783  14.091  -35.466  85.757 0.2500000000
161547  28.835  -32.860  77.825 0.1250000000
60199  29.212  -33.344  78.838 0.1250000000
60222  28.364  -33.197  78.159 0.1250000000
57805  14.095  -34.435  84.650 0.3750000000
62411  30.305  -31.910  77.520 0.1250000000
62426  30.707  -31.329  77.224 0.1250000000
67935  28.056  -26.807  75.182 0.3750000000
67936  27.717  -26.094  75.329 0.3750000000
178269  27.796  -25.848  75.934 0.3750000000
67948  27.945  -26.228  74.745 0.3750000000
155938  28.469  -26.199  74.443 0.1250000000
68998  27.597  -25.532  74.890 0.2500000000
68988  27.537  -25.387  75.571 0.3750000000
68996  28.644  -25.324  74.333 0.1250000000
68997  27.941  -25.541  74.445 0.1250000000
70093  28.105  -24.610  74.281 0.1250000000
70080  26.851  -23.884  74.801 0.3750000000
72533  29.268  -22.777  70.339 0.1250000000
76075  39.599  -18.657  87.072 0.1250000000
74836  37.437  -19.886  86.829 0.1250000000
78383  40.749  -17.344  87.100 0.1250000000
74834  39.226  -19.889  86.380 0.1250000000
79478  40.769  -16.898  87.177 0.1250000000
78406  41.130  -17.283  85.466 0.1250000000
77285  41.284  -18.982  85.074 0.1250000000
72327  40.338  -22.486  84.032 0.1250000000
167466  37.764  -22.468  80.255 0.1250000000
72384  36.843  -21.400  79.058 0.2500000000
71130  37.489  -22.017  78.821 0.1250000000
170464  39.185  -22.706  76.920 0.2500000000
81905  40.302  -14.415  64.767 0.1250000000
84262  56.833  -13.514  61.557 0.1250000000
85209  56.540  -12.222  62.919 0.1250000000
84249  56.824  -12.625  61.937 0.1250000000
83211  58.069  -13.137  60.521 0.1250000000
86224  52.615  -10.325  64.863 0.1250000000
86209  51.854  -10.149  65.113 0.1250000000
85183  54.149  -11.155  64.239 0.1250000000
173747  52.044  -10.699  64.619 0.1250000000
85194  56.248  -11.584  63.546 0.1250000000
157149  56.950  -11.302  63.292 0.1250000000
174423  57.097  -11.827  62.718 0.1250000000
84261  57.397  -12.789  61.054 0.1250000000
83210  58.870  -13.313  60.334 0.1250000000
84260  57.978  -12.425  60.582 0.1250000000
87299  52.349  -8.732  66.558 0.2500000000
172792  51.823  -9.054  66.273 0.2500000000
160335  51.127  -9.002  66.242 0.2500000000
86194  54.819  -9.278  65.441 0.1250000000
86195  53.996  -9.175  65.607 0.1250000000
86205  55.442  -9.349  65.232 0.1250000000
174311  54.931  -9.847  65.052 0.1250000000
86223  53.542  -10.580  64.605 0.1250000000
86225  51.391  -10.610  64.610 0.1250000000
85181  55.888  -10.858  64.074 0.1250000000
83209  59.587  -13.112  60.111 0.1250000000
84269  58.677  -12.481  60.197 0.1250000000
88311  51.408  -8.057  67.215 0.1250000000
89322  51.174  -7.352  67.761 0.1250000000
88310  52.395  -8.203  67.076 0.2500000000
88317  50.652  -8.406  66.834 0.2500000000
88312  49.697  -7.887  67.166 0.2500000000
87309  51.649  -8.652  66.727 0.2500000000
87295  55.527  -8.018  66.247 0.1250000000
87296  55.201  -8.113  66.458 0.1250000000
87307  53.815  -8.642  66.345 0.1250000000
180867  55.277  -8.895  65.674 0.1250000000
154661  55.977  -9.357  64.957 0.1250000000
86220  56.261  -10.018  64.348 0.1250000000
164621  56.712  -9.976  63.944 0.1250000000
85193  57.501  -10.406  63.107 0.1250000000
153441  57.509  -11.034  62.844 0.1250000000
162458  57.992  -11.018  61.926 0.1250000000
85216  57.755  -11.893  61.178 0.1250000000
84268  59.278  -12.146  59.949 0.1250000000
163083  52.337  -5.979  68.142 0.1250000000
90376  49.182  -5.843  68.588 0.3750000000
89308  53.683  -7.290  67.818 0.1250000000
90374  51.545  -6.525  68.090 0.1250000000
89323  50.119  -7.282  67.750 0.2500000000
89307  54.792  -7.228  67.597 0.1250000000
87297  54.088  -8.185  66.943 0.1250000000
89321  52.677  -7.571  67.617 0.1250000000
88299  55.130  -7.565  67.080 0.1250000000
175402  54.608  -8.291  66.607 0.1250000000
87298  53.167  -8.412  66.789 0.1250000000
88330  56.706  -7.950  64.247 0.1250000000
88323  56.278  -8.243  64.934 0.1250000000
87332  57.598  -9.491  62.918 0.1250000000
87328  56.776  -9.407  63.865 0.1250000000
87316  56.026  -8.800  65.178 0.1250000000
171661  58.803  -9.528  61.119 0.1250000000
86242  58.750  -10.038  61.210 0.1250000000
86234  57.819  -10.176  62.620 0.1250000000
86203  56.598  -9.537  64.070 0.1250000000
86247  59.471  -10.831  59.748 0.1250000000
154064  58.937  -10.689  60.508 0.1250000000
86218  57.323  -9.864  63.281 0.1250000000
85206  58.537  -10.673  61.331 0.1250000000
90355  54.367  -6.604  67.989 0.1250000000
90353  55.492  -6.649  67.168 0.1250000000
89317  55.681  -6.912  66.508 0.1250000000
89305  55.464  -7.042  66.969 0.1250000000
155854  57.244  -7.233  63.335 0.1250000000
89333  56.168  -7.362  65.473 0.1250000000
88305  55.676  -7.421  66.265 0.1250000000
88335  58.413  -8.971  61.878 0.1250000000
161076  57.900  -8.885  62.523 0.1250000000
86233  58.159  -9.671  62.206 0.1250000000
161235  58.723  -8.991  61.322 0.1250000000
87334  58.578  -9.570  61.586 0.1250000000
155221  56.266  -6.817  65.519 0.1250000000
89335  56.751  -7.291  64.177 0.1250000000
89332  56.448  -7.335  64.925 0.1250000000
89341  57.692  -7.954  62.779 0.1250000000
87340  59.252  -9.344  60.138 0.1250000000
67929  28.051  -26.454  75.869 0.3750000000
74837  35.626  -20.238  86.880 0.1250000000
74835  38.272  -19.728  86.674 0.1250000000
83149  38.306  -13.660  66.115 0.2500000000
89325  48.010  -7.405  67.484 0.3750000000
83161  40.086  -13.643  65.099 0.1250000000
56698  15.465  -36.462  84.243 0.2500000000
56699  14.775  -35.892  84.480 0.1250000000
70057  27.379  -24.643  75.951 0.3750000000
150405  49.537  -6.592  68.149 0.2500000000
171183  0.683  -28.763  100.914 0.1250000000
154529  29.645  -32.825  78.205 0.1250000000
61320  30.368  -32.394  78.140 0.1250000000
67947  28.404  -26.955  74.629 0.2500000000
70079  27.224  -24.719  75.083 0.3750000000
152662  27.600  -24.979  74.591 0.3750000000
70094  27.398  -24.292  74.466 0.3750000000
74816  38.533  -19.294  87.057 0.1250000000
77244  40.195  -17.362  87.365 0.1250000000
174467  37.851  -19.596  86.929 0.1250000000
83201  57.520  -13.629  61.099 0.1250000000
86208  52.425  -9.742  65.510 0.1250000000
86207  53.286  -9.809  65.228 0.1250000000
86206  54.189  -9.855  65.079 0.1250000000
86222  54.552  -10.423  64.637 0.1250000000
85185  51.799  -11.139  64.189 0.1250000000
85180  56.653  -10.688  63.823 0.1250000000
85208  57.407  -11.839  61.946 0.1250000000
87308  52.320  -9.172  66.030 0.1250000000
165653  52.912  -8.763  66.297 0.1250000000
86221  55.494  -10.111  64.673 0.1250000000
85182  55.012  -11.015  64.247 0.1250000000
85215  58.273  -11.574  60.804 0.1250000000
159573  51.974  -7.212  67.848 0.1250000000
87304  55.714  -8.278  65.753 0.1250000000
86204  56.337  -9.380  64.520 0.1250000000
175995  57.152  -10.555  63.479 0.1250000000
86219  57.033  -9.991  63.615 0.1250000000
85192  57.833  -10.572  62.590 0.1250000000
85222  58.801  -11.440  60.365 0.1250000000
90373  52.571  -6.872  68.025 0.1250000000
174075  57.074  -7.832  63.584 0.1250000000
87327  57.086  -9.263  63.534 0.1250000000
87314  56.629  -8.643  64.250 0.1250000000
87303  56.018  -8.274  65.420 0.1250000000
86239  58.438  -10.099  61.818 0.1250000000
86252  60.036  -10.567  59.014 0.1250000000
89329  55.965  -7.003  65.978 0.1250000000
57618  3.908  -36.712  98.105 0.2500000000
56543  4.268  -36.874  97.288 0.2500000000
58905  9.505  -34.954  89.252 0.1250000000
60039  10.517  -34.032  88.418 0.1250000000
58966  13.312  -33.723  85.969 0.1250000000
165316  28.629  -28.189  74.935 0.2500000000
66826  28.361  -27.566  74.991 0.2500000000
64652  31.708  -29.204  76.318 0.1250000000
65770  29.839  -28.930  74.795 0.1250000000
71214  27.120  -23.579  74.173 0.1250000000
73794  30.511  -21.645  68.894 0.1250000000
71150  37.954  -22.939  77.980 0.1250000000
77485  32.453  -18.434  67.660 0.1250000000
76330  33.012  -19.098  67.743 0.1250000000
76329  33.844  -18.935  67.789 0.1250000000
76321  33.641  -19.676  68.022 0.1250000000
77483  34.107  -18.147  67.618 0.1250000000
77484  33.264  -18.305  67.611 0.1250000000
169392  33.396  -17.433  67.535 0.1250000000
78631  32.722  -17.741  67.635 0.1250000000
82975  49.441  -13.047  76.130 0.1250000000
82997  49.237  -13.254  75.024 0.1250000000
83049  49.364  -13.410  72.031 0.1250000000
83066  49.306  -13.378  71.333 0.1250000000
84169  49.707  -13.025  70.604 0.1250000000
84170  49.127  -13.147  70.008 0.1250000000
90356  48.552  -5.871  68.817 0.2500000000
57617  4.828  -36.075  97.717 0.2500000000
58884  9.384  -34.614  90.082 0.1250000000
58904  10.025  -34.459  88.787 0.1250000000
63574  30.155  -30.948  76.482 0.1250000000
64633  31.474  -29.853  76.569 0.1250000000
65771  29.191  -28.853  74.801 0.2500000000
57798  13.824  -34.772  85.186 0.1250000000
160476  -0.262  -37.892  100.214 0.1250000000
55271  -1.784  -37.762  100.085 0.1250000000
55282  0.205  -37.446  99.675 0.1250000000
55280  1.508  -37.542  99.708 0.1250000000
56508  1.255  -37.214  99.498 0.1250000000
56507  1.801  -37.573  99.313 0.1250000000
56506  2.417  -37.124  99.039 0.1250000000
56545  2.608  -38.144  98.109 0.1250000000
56526  2.881  -37.408  98.402 0.1250000000
56559  5.244  -36.515  95.946 0.1250000000
60149  25.946  -33.243  80.837 0.1250000000
66841  28.864  -27.747  74.588 0.1250000000
80781  38.339  -15.642  66.156 0.1250000000
81886  38.093  -14.646  66.042 0.1250000000
80799  38.874  -15.127  65.616 0.1250000000
83162  39.444  -13.780  65.488 0.1250000000
176795  44.198  -14.331  63.005 0.1250000000
81944  45.351  -13.982  62.555 0.1250000000
56560  4.541  -37.082  96.456 0.1250000000
57822  20.488  -35.820  82.956 0.1250000000
81907  38.870  -14.213  65.692 0.1250000000
55283  -0.825  -37.462  99.680 0.1250000000
56544  3.375  -37.512  97.696 0.1250000000
55281  0.898  -37.409  99.666 0.1250000000
56527  2.136  -37.945  98.758 0.1250000000
56561  3.770  -37.639  96.941 0.1250000000
66840  29.659  -27.526  74.467 0.1250000000
80780  39.119  -15.990  65.964 0.1250000000
81906  39.555  -14.516  65.202 0.1250000000
56714  18.440  -36.839  82.917 0.2500000000
56739  16.799  -35.722  81.709 0.5000000000
57697  19.378  -35.301  92.607 0.2500000000
57850  19.034  -35.957  80.844 0.3750000000
57861  17.838  -35.078  80.597 0.6250000000
58780  20.431  -34.423  96.632 0.1250000000
58781  19.763  -34.832  96.521 0.1250000000
58801  19.337  -35.341  95.426 0.2500000000
58818  19.951  -35.226  93.941 0.2500000000
58822  7.429  -34.712  94.665 0.3750000000
58846  21.365  -34.181  92.533 0.1250000000
58860  19.832  -35.071  91.212 0.3750000000
59077  19.028  -34.767  79.898 0.6250000000
59876  21.336  -33.185  97.398 0.1250000000
59998  21.395  -33.399  90.655 0.2500000000
60050  14.109  -33.241  87.131 0.8750000000
60051  12.170  -32.802  87.251 0.3750000000
60080  14.279  -33.680  85.084 0.6250000000
60096  14.310  -33.977  84.628 0.5000000000
60151  20.646  -34.047  80.557 0.5000000000
60202  19.796  -33.884  79.497 0.7500000000
60203  19.214  -33.500  79.441 0.6250000000
61045  20.918  -31.720  98.830 0.1250000000
61073  21.725  -32.620  97.756 0.1250000000
61093  22.830  -32.728  95.536 0.1250000000
61149  30.315  -30.824  87.583 0.2500000000
61170  31.364  -31.203  87.498 0.2500000000
61188  32.153  -31.918  86.543 0.2500000000
61219  32.062  -32.497  84.748 0.3750000000
61305  19.603  -32.762  79.080 0.7500000000
62160  14.049  -31.523  100.949 0.1250000000
62167  21.549  -31.098  98.788 0.1250000000
62168  21.042  -31.263  99.044 0.1250000000
62184  22.601  -31.557  97.752 0.1250000000
62202  31.307  -30.793  94.145 0.1250000000
62219  22.949  -31.419  93.315 0.1250000000
62222  33.405  -29.914  91.607 0.1250000000
62224  32.364  -30.867  92.209 0.1250000000
62226  26.464  -31.359  92.340 0.2500000000
62227  25.741  -31.214  92.021 0.2500000000
62234  32.843  -30.567  91.588 0.1250000000
62255  28.616  -31.268  90.974 0.3750000000
62265  32.198  -31.243  89.405 0.2500000000
62266  31.660  -31.195  89.863 0.2500000000
62278  33.105  -31.200  88.397 0.2500000000
62279  32.665  -31.242  88.872 0.2500000000
62291  33.181  -31.096  87.670 0.1250000000
63307  10.028  -30.013  103.049 0.2500000000
63308  9.191  -30.205  103.062 0.2500000000
63309  8.374  -30.363  103.076 0.2500000000
63317  12.219  -30.148  102.152 0.1250000000
63325  13.479  -30.539  101.629 0.1250000000
63407  33.976  -29.805  91.216 0.1250000000
63428  34.823  -30.152  89.386 0.1250000000
63429  34.393  -30.567  89.708 0.1250000000
63433  25.210  -30.200  89.309 0.5000000000
63551  20.312  -30.166  78.995 0.5000000000
63552  18.462  -30.700  79.808 0.7500000000
63564  19.245  -30.238  78.652 0.7500000000
64374  11.142  -28.962  103.013 0.1250000000
64378  6.444  -29.487  103.473 0.2500000000
64492  35.110  -29.482  87.655 0.1250000000
64498  23.751  -29.213  87.705 0.7500000000
64501  -1.015  -29.601  87.394 0.1250000000
64512  -0.778  -29.622  86.665 0.1250000000
64524  34.424  -29.388  84.866 0.1250000000
64606  18.530  -30.018  79.471 0.8750000000
64654  30.206  -29.975  75.655 0.3750000000
65438  5.751  -28.134  103.794 0.2500000000
65440  12.029  -27.942  102.784 0.1250000000
65449  12.898  -28.344  101.760 0.1250000000
65453  13.273  -28.597  101.001 0.1250000000
65537  21.135  -27.520  92.453 0.2500000000
65558  19.617  -27.301  89.672 0.5000000000
65590  -1.044  -29.045  87.827 0.1250000000
65603  0.771  -28.572  86.930 0.1250000000
65613  24.159  -28.399  86.322 1.0000000000
65623  -0.519  -29.194  86.340 0.1250000000
65659  33.424  -28.344  81.838 0.7500000000
65692  18.584  -28.684  79.850 0.8750000000
65725  19.426  -28.518  78.641 0.5000000000
65781  29.426  -28.321  74.608 0.1250000000
65782  28.902  -28.444  74.757 0.2500000000
66517  5.790  -27.473  103.830 0.1250000000
66595  22.321  -26.703  94.201 0.2500000000
66623  20.624  -26.798  91.800 0.2500000000
66639  20.993  -26.727  89.554 0.6250000000
67588  6.597  -26.518  103.760 0.1250000000
67598  12.273  -27.073  102.217 0.1250000000
67608  11.803  -26.126  101.925 0.1250000000
67675  22.523  -26.269  94.010 0.2500000000
67697  22.093  -26.586  93.183 0.1250000000
67707  21.357  -26.233  91.873 0.1250000000
67715  20.298  -26.399  90.409 0.5000000000
67722  20.003  -26.225  89.235 0.8750000000
67754  19.868  -26.180  87.275 0.8750000000
67771  19.838  -26.127  85.892 0.8750000000
67785  19.776  -26.071  85.044 1.0000000000
67852  22.297  -25.689  81.344 0.8750000000
67867  19.800  -26.446  79.526 0.8750000000
67884  20.027  -26.773  78.746 0.7500000000
67900  23.260  -26.424  78.289 0.6250000000
68673  11.384  -25.850  102.526 0.1250000000
68852  33.732  -25.803  84.656 0.2500000000
68862  32.867  -25.709  83.506 0.5000000000
68884  21.767  -25.405  80.818 0.7500000000
68899  22.717  -25.027  79.934 0.6250000000
68913  23.174  -25.206  79.303 0.5000000000
68915  21.395  -25.413  79.116 0.6250000000
71048  34.476  -23.200  87.095 0.2500000000
71081  37.873  -22.793  82.463 0.2500000000
71104  37.630  -22.380  81.096 0.1250000000
71129  37.794  -22.658  78.578 0.3750000000
72321  39.205  -22.151  85.021 0.2500000000
72322  38.222  -21.972  85.103 0.2500000000
72328  39.572  -22.669  84.307 0.2500000000
72345  32.156  -22.575  84.146 0.5000000000
72450  26.090  -21.926  75.151 0.7500000000
72534  28.798  -22.145  70.166 0.3750000000
73559  37.979  -20.319  86.276 0.1250000000
73560  37.210  -20.283  86.398 0.2500000000
73562  33.310  -21.003  86.736 0.2500000000
73566  40.673  -21.083  84.745 0.2500000000
73572  35.944  -20.582  85.527 0.2500000000
73573  32.376  -20.984  85.665 0.3750000000
73588  31.232  -21.210  83.518 0.6250000000
73664  39.719  -21.854  76.072 0.5000000000
73668  33.387  -20.334  76.946 0.8750000000
73681  38.290  -21.489  75.704 0.6250000000
73683  36.810  -20.810  75.899 0.6250000000
73685  34.722  -20.614  75.772 1.0000000000
73703  33.966  -20.345  75.053 1.0000000000
73704  32.627  -19.644  74.603 1.0000000000
73717  35.088  -20.319  74.486 1.0000000000
73740  27.182  -21.476  72.548 0.6250000000
74815  39.339  -19.217  86.827 0.1250000000
74832  40.638  -19.779  85.641 0.2500000000
74838  34.741  -20.179  86.776 0.1250000000
74853  35.306  -20.107  86.225 0.2500000000
74856  32.835  -20.322  85.855 0.3750000000
74867  32.303  -20.348  85.120 0.6250000000
74879  30.833  -20.748  83.029 0.7500000000
74914  31.734  -19.525  80.999 0.5000000000
75009  32.807  -19.705  75.290 1.0000000000
75030  35.366  -20.038  73.999 1.0000000000
75035  26.830  -20.445  73.496 0.7500000000
75076  32.513  -19.507  72.010 1.0000000000
75130  30.296  -20.070  68.294 0.5000000000
75131  29.755  -20.194  68.605 0.5000000000
76091  32.907  -19.909  85.180 0.7500000000
76101  32.621  -19.889  84.282 0.7500000000
76129  32.195  -19.696  82.570 0.3750000000
76130  31.395  -19.622  82.724 0.7500000000
76150  30.687  -19.437  81.499 0.8750000000
76151  30.333  -19.755  82.140 0.8750000000
76245  37.002  -19.030  74.464 1.0000000000
76265  29.004  -19.298  73.018 1.0000000000
76283  34.534  -19.023  72.822 1.0000000000
76301  31.981  -19.012  70.848 1.0000000000
76312  29.789  -19.109  69.393 0.8750000000
76332  31.389  -19.730  67.888 0.5000000000
76333  30.830  -19.667  68.033 0.6250000000
77256  40.477  -17.823  87.060 0.1250000000
77257  39.772  -18.043  87.456 0.1250000000
77445  34.127  -18.522  72.542 1.0000000000
78394  41.113  -17.264  86.714 0.2500000000
78405  41.293  -17.730  86.043 0.2500000000
78605  31.544  -17.631  69.930 1.0000000000
78623  30.554  -18.424  68.675 0.8750000000
78633  31.517  -17.861  68.106 0.6250000000
79504  40.730  -16.708  85.903 0.2500000000
79530  44.427  -16.397  82.338 0.1250000000
79721  32.044  -16.312  68.417 0.6250000000
79722  31.515  -16.726  68.847 1.0000000000
80644  45.234  -14.369  80.457 0.1250000000
80653  45.232  -14.087  79.787 0.1250000000
80733  32.483  -15.696  70.114 1.0000000000
80755  32.812  -15.140  68.302 0.5000000000
81690  46.340  -12.985  80.289 0.1250000000
81836  33.515  -14.387  69.928 1.0000000000
81946  43.693  -14.180  63.160 0.2500000000
82851  46.209  -12.694  80.872 0.1250000000
82866  46.532  -12.601  80.293 0.1250000000
82879  46.761  -12.578  79.789 0.1250000000
82892  47.737  -12.526  78.592 0.1250000000
82909  48.306  -12.872  78.063 0.1250000000
82913  45.110  -13.043  78.367 0.2500000000
82949  48.817  -13.279  76.680 0.1250000000
82976  48.602  -13.532  75.654 0.2500000000
82999  47.827  -14.010  74.531 0.2500000000
84060  46.952  -12.244  79.875 0.1250000000
84142  49.975  -13.177  72.371 0.1250000000
84156  49.967  -13.151  71.534 0.1250000000
85207  58.162  -10.426  62.141 0.1250000000
86196  53.089  -9.156  65.778 0.1250000000
87305  55.467  -8.365  65.964 0.1250000000
87306  54.800  -8.657  66.053 0.1250000000
87315  56.350  -8.913  64.645 0.1250000000
87317  55.581  -8.831  65.514 0.1250000000
87337  58.971  -9.157  60.757 0.1250000000
88306  55.529  -7.606  66.462 0.1250000000
88307  55.317  -7.786  66.714 0.1250000000
88308  54.881  -7.942  66.895 0.1250000000
88309  53.436  -7.956  67.278 0.1250000000
88315  55.948  -7.753  65.649 0.1250000000
88316  55.683  -7.933  65.977 0.1250000000
88322  56.343  -7.899  64.975 0.1250000000
88333  57.215  -8.609  63.398 0.1250000000
89295  47.794  -7.014  69.429 0.2500000000
89306  55.345  -7.138  67.193 0.1250000000
89309  47.659  -7.287  68.358 0.2500000000
89318  55.551  -7.219  66.633 0.1250000000
89319  55.389  -7.434  66.872 0.1250000000
89320  54.404  -7.756  67.312 0.1250000000
89330  48.614  -7.710  67.088 0.5000000000
90343  47.726  -6.814  68.821 0.2500000000
90352  55.566  -6.763  66.824 0.1250000000
90371  55.791  -6.534  66.368 0.1250000000
90372  55.665  -6.346  66.711 0.1250000000
90377  48.471  -6.587  68.322 0.3750000000
91432  50.448  -5.267  70.540 0.1250000000
91434  48.434  -5.864  69.745 0.2500000000
91443  48.420  -5.753  69.233 0.2500000000
150593  20.441  -31.938  79.393 0.3750000000
150810  31.365  -31.073  93.244 0.1250000000
150891  -1.485  -29.799  91.014 0.1250000000
151057  1.523  -28.521  87.739 0.1250000000
151413  58.214  -8.332  62.149 0.1250000000
151728  20.773  -26.283  91.316 0.5000000000
152045  5.961  -29.997  103.298 0.2500000000
152339  19.161  -27.620  85.656 0.8750000000
154490  33.694  -19.614  73.333 1.0000000000
155323  20.275  -26.313  89.820 0.6250000000
156649  31.556  -31.598  86.884 0.2500000000
156920  47.433  -14.068  71.037 0.3750000000
156992  -0.956  -30.231  86.989 0.1250000000
156994  17.973  -35.357  92.994 0.2500000000
156997  51.926  -7.683  67.490 0.1250000000
157004  -0.377  -29.836  85.775 0.1250000000
157276  46.708  -12.992  79.091 0.2500000000
158410  33.325  -20.435  76.230 1.0000000000
158494  47.386  -13.755  76.960 0.2500000000
158860  39.078  -21.651  75.804 0.6250000000
159152  33.475  -20.120  75.081 1.0000000000
159396  33.339  -31.197  85.965 0.1250000000
160624  21.276  -26.351  91.243 0.5000000000
160840  33.317  -25.304  84.526 0.3750000000
161319  20.601  -26.110  81.963 0.8750000000
161885  37.924  -22.358  76.805 0.5000000000
162164  22.849  -31.791  97.343 0.1250000000
162546  18.271  -34.009  80.348 0.6250000000
163399  23.096  -25.607  81.098 0.8750000000
164520  11.596  -32.768  88.218 0.6250000000
164990  21.370  -29.122  91.645 0.2500000000
165705  44.949  -14.864  80.330 0.1250000000
165726  19.741  -26.245  88.068 0.8750000000
166264  47.088  -14.186  73.499 0.2500000000
168769  48.044  -6.299  68.787 0.2500000000
168778  23.362  -29.411  88.928 0.8750000000
169850  34.044  -20.342  77.596 0.5000000000
169851  35.685  -20.741  77.813 0.5000000000
170653  32.590  -32.058  85.924 0.1250000000
170720  20.196  -32.553  79.142 0.6250000000
171393  31.678  -31.216  91.701 0.1250000000
171953  19.666  -26.707  89.438 0.8750000000
172040  40.116  -21.193  85.313 0.2500000000
173232  32.502  -19.470  77.932 0.5000000000
173319  35.530  -19.575  73.771 1.0000000000
173453  50.625  -7.826  67.373 0.2500000000
173743  13.185  -32.468  87.147 0.8750000000
174002  25.777  -27.557  84.740 1.0000000000
175043  18.976  -36.208  81.402 0.3750000000
175241  15.660  -36.297  83.579 0.5000000000
175519  21.902  -33.871  96.046 0.1250000000
175589  50.069  -6.784  70.718 0.1250000000
175604  19.491  -35.320  93.314 0.2500000000
176080  20.679  -26.415  89.923 0.8750000000
176284  36.520  -20.901  76.209 0.7500000000
176398  59.094  -9.893  60.487 0.1250000000
177080  30.990  -31.274  92.137 0.2500000000
177216  31.389  -21.944  83.206 0.6250000000
177230  16.076  -34.583  82.877 0.6250000000
177461  19.577  -34.463  96.974 0.1250000000
177926  19.529  -35.234  96.036 0.2500000000
178296  19.038  -29.032  78.786 0.6250000000
178490  58.157  -10.135  62.202 0.1250000000
178644  18.683  -36.630  82.491 0.2500000000
178679  35.614  -19.200  73.659 1.0000000000
178863  31.388  -19.796  83.257 0.8750000000
178967  3.266  -33.760  102.007 0.6250000000
180164  14.182  -29.940  100.575 0.1250000000
181021  19.012  -27.046  87.624 0.8750000000
