
Tue Mar 10 00:32:51 CET 2026
cd /out/sourcedata/freesurfer/sub-v1s2x0051480_ses-1
setenv SUBJECTS_DIR /out/sourcedata/freesurfer
/opt/freesurfer/bin/recon-all -autorecon-hemi rh -noparcstats -noparcstats2 -noparcstats3 -nohyporelabel -nobalabels -rh-only -openmp 16 -subjid sub-v1s2x0051480_ses-1 -sd /out/sourcedata/freesurfer

subjid sub-v1s2x0051480_ses-1
setenv SUBJECTS_DIR /out/sourcedata/freesurfer
FREESURFER_HOME /opt/freesurfer
Actual FREESURFER_HOME /opt/freesurfer
build-stamp.txt: freesurfer-linux-ubuntu22_x86_64-7.3.2-20220804-6354275
Linux dna056 5.14.0-427.37.1.el9_4.x86_64 #1 SMP PREEMPT_DYNAMIC Fri Sep 13 12:41:50 EDT 2024 x86_64 x86_64 x86_64 GNU/Linux
cputime      unlimited
filesize     unlimited
datasize     unlimited
stacksize    8192 kbytes
coredumpsize 0 kbytes
memoryuse    67108864 kbytes
vmemoryuse   unlimited
descriptors  1024 
memorylocked unlimited
maxproc      2061970 
maxlocks     unlimited
maxsignal    2061970 
maxmessage   819200 
maxnice      0 
maxrtprio    0 
maxrttime    unlimited

               total        used        free      shared  buff/cache   available
Mem:           503Gi        60Gi       408Gi        11Gi        34Gi       429Gi
Swap:             0B          0B          0B

########################################
program versions used
7.3.2 (freesurfer-linux-ubuntu22_x86_64-7.3.2-20220804-6354275)
7.3.2

ProgramName: lta_convert  ProgramArguments: lta_convert -all-info  ProgramVersion: 7.3.2  TimeStamp: 2026/03/09-23:32:51-GMT  BuildTime: Aug  4 2022 06:17:15  BuildStamp: freesurfer-linux-ubuntu22_x86_64-7.3.2-20220804-6354275  User: oesteban  Machine: dna056  Platform: Linux  PlatformVersion: 5.14.0-427.37.1.el9_4.x86_64  CompilerName: GCC  CompilerVersion: 8.4.0
ProgramName: mri_and  ProgramArguments: mri_and -all-info  ProgramVersion: 7.3.2  TimeStamp: 2026/03/09-23:32:51-GMT  BuildTime: Aug  4 2022 06:17:15  BuildStamp: freesurfer-linux-ubuntu22_x86_64-7.3.2-20220804-6354275  User: oesteban  Machine: dna056  Platform: Linux  PlatformVersion: 5.14.0-427.37.1.el9_4.x86_64  CompilerName: GCC  CompilerVersion: 8.4.0
ProgramName: mri_annotation2label  ProgramArguments: mri_annotation2label -all-info  ProgramVersion: 7.3.2  TimeStamp: 2026/03/09-23:32:51-GMT  BuildTime: Aug  4 2022 06:17:15  BuildStamp: freesurfer-linux-ubuntu22_x86_64-7.3.2-20220804-6354275  User: oesteban  Machine: dna056  Platform: Linux  PlatformVersion: 5.14.0-427.37.1.el9_4.x86_64  CompilerName: GCC  CompilerVersion: 8.4.0
ProgramName: mri_aparc2aseg  ProgramArguments: mri_aparc2aseg -all-info  ProgramVersion: 7.3.2  TimeStamp: 2026/03/09-23:32:51-GMT  BuildTime: Aug  4 2022 06:17:15  BuildStamp: freesurfer-linux-ubuntu22_x86_64-7.3.2-20220804-6354275  User: oesteban  Machine: dna056  Platform: Linux  PlatformVersion: 5.14.0-427.37.1.el9_4.x86_64  CompilerName: GCC  CompilerVersion: 8.4.0
ProgramName: mri_surf2volseg  ProgramArguments: mri_surf2volseg -all-info  ProgramVersion: 7.3.2  TimeStamp: 2026/03/09-23:32:51-GMT  BuildTime: Aug  4 2022 06:17:15  BuildStamp: freesurfer-linux-ubuntu22_x86_64-7.3.2-20220804-6354275  User: oesteban  Machine: dna056  Platform: Linux  PlatformVersion: 5.14.0-427.37.1.el9_4.x86_64  CompilerName: GCC  CompilerVersion: 8.4.0
ProgramName: mri_binarize  ProgramArguments: mri_binarize -all-info  ProgramVersion: 7.3.2  TimeStamp: 2026/03/09-23:32:51-GMT  BuildTime: Aug  4 2022 06:17:15  BuildStamp: freesurfer-linux-ubuntu22_x86_64-7.3.2-20220804-6354275  User: oesteban  Machine: dna056  Platform: Linux  PlatformVersion: 5.14.0-427.37.1.el9_4.x86_64  CompilerName: GCC  CompilerVersion: 8.4.0
ProgramName: mri_ca_label  ProgramArguments: mri_ca_label -all-info  ProgramVersion: 7.3.2  TimeStamp: 2026/03/09-23:32:51-GMT  BuildTime: Aug  4 2022 06:17:15  BuildStamp: freesurfer-linux-ubuntu22_x86_64-7.3.2-20220804-6354275  User: oesteban  Machine: dna056  Platform: Linux  PlatformVersion: 5.14.0-427.37.1.el9_4.x86_64  CompilerName: GCC  CompilerVersion: 8.4.0
ProgramName: mri_ca_normalize  ProgramArguments: mri_ca_normalize -all-info  ProgramVersion: 7.3.2  TimeStamp: 2026/03/09-23:32:51-GMT  BuildTime: Aug  4 2022 06:17:15  BuildStamp: freesurfer-linux-ubuntu22_x86_64-7.3.2-20220804-6354275  User: oesteban  Machine: dna056  Platform: Linux  PlatformVersion: 5.14.0-427.37.1.el9_4.x86_64  CompilerName: GCC  CompilerVersion: 8.4.0
ProgramName: mri_ca_register  ProgramArguments: mri_ca_register -all-info  ProgramVersion: 7.3.2  TimeStamp: 2026/03/09-23:32:51-GMT  BuildTime: Aug  4 2022 06:17:15  BuildStamp: freesurfer-linux-ubuntu22_x86_64-7.3.2-20220804-6354275  User: oesteban  Machine: dna056  Platform: Linux  PlatformVersion: 5.14.0-427.37.1.el9_4.x86_64  CompilerName: GCC  CompilerVersion: 8.4.0
ProgramName: mri_cc  ProgramArguments: mri_cc -all-info  ProgramVersion: 7.3.2  TimeStamp: 2026/03/09-23:32:51-GMT  BuildTime: Aug  4 2022 06:17:15  BuildStamp: freesurfer-linux-ubuntu22_x86_64-7.3.2-20220804-6354275  User: oesteban  Machine: dna056  Platform: Linux  PlatformVersion: 5.14.0-427.37.1.el9_4.x86_64  CompilerName: GCC  CompilerVersion: 8.4.0
ProgramName: mri_compute_overlap  ProgramArguments: mri_compute_overlap -all-info  ProgramVersion: 7.3.2  TimeStamp: 2026/03/09-23:32:51-GMT  BuildTime: Aug  4 2022 06:17:15  BuildStamp: freesurfer-linux-ubuntu22_x86_64-7.3.2-20220804-6354275  User: oesteban  Machine: dna056  Platform: Linux  PlatformVersion: 5.14.0-427.37.1.el9_4.x86_64  CompilerName: GCC  CompilerVersion: 8.4.0
ProgramName: mri_compute_seg_overlap  ProgramArguments: mri_compute_seg_overlap -all-info  ProgramVersion: 7.3.2  TimeStamp: 2026/03/09-23:32:51-GMT  BuildTime: Aug  4 2022 06:17:15  BuildStamp: freesurfer-linux-ubuntu22_x86_64-7.3.2-20220804-6354275  User: oesteban  Machine: dna056  Platform: Linux  PlatformVersion: 5.14.0-427.37.1.el9_4.x86_64  CompilerName: GCC  CompilerVersion: 8.4.0
ProgramName: mri_concat  ProgramArguments: mri_concat -all-info  ProgramVersion: 7.3.2  TimeStamp: 2026/03/09-23:32:51-GMT  BuildTime: Aug  4 2022 06:17:15  BuildStamp: freesurfer-linux-ubuntu22_x86_64-7.3.2-20220804-6354275  User: oesteban  Machine: dna056  Platform: Linux  PlatformVersion: 5.14.0-427.37.1.el9_4.x86_64  CompilerName: GCC  CompilerVersion: 8.4.0
ProgramName: mri_concatenate_lta  ProgramArguments: mri_concatenate_lta -all-info  ProgramVersion: 7.3.2  TimeStamp: 2026/03/09-23:32:51-GMT  BuildTime: Aug  4 2022 06:17:15  BuildStamp: freesurfer-linux-ubuntu22_x86_64-7.3.2-20220804-6354275  User: oesteban  Machine: dna056  Platform: Linux  PlatformVersion: 5.14.0-427.37.1.el9_4.x86_64  CompilerName: GCC  CompilerVersion: 8.4.0
mri_convert -all-info 
ProgramName: mri_convert  ProgramArguments: mri_convert -all-info  ProgramVersion: 7.3.2  TimeStamp: 2026/03/09-23:32:51-GMT  BuildTime: Aug  4 2022 06:17:15  BuildStamp: freesurfer-linux-ubuntu22_x86_64-7.3.2-20220804-6354275  User: oesteban  Machine: dna056  Platform: Linux  PlatformVersion: 5.14.0-427.37.1.el9_4.x86_64  CompilerName: GCC  CompilerVersion: 8.4.0
ProgramName: mri_diff  ProgramArguments: mri_diff -all-info  ProgramVersion: 7.3.2  TimeStamp: 2026/03/09-23:32:51-GMT  BuildTime: Aug  4 2022 06:17:15  BuildStamp: freesurfer-linux-ubuntu22_x86_64-7.3.2-20220804-6354275  User: oesteban  Machine: dna056  Platform: Linux  PlatformVersion: 5.14.0-427.37.1.el9_4.x86_64  CompilerName: GCC  CompilerVersion: 8.4.0
ProgramName: mri_edit_wm_with_aseg  ProgramArguments: mri_edit_wm_with_aseg -all-info  ProgramVersion: 7.3.2  TimeStamp: 2026/03/09-23:32:51-GMT  BuildTime: Aug  4 2022 06:17:15  BuildStamp: freesurfer-linux-ubuntu22_x86_64-7.3.2-20220804-6354275  User: oesteban  Machine: dna056  Platform: Linux  PlatformVersion: 5.14.0-427.37.1.el9_4.x86_64  CompilerName: GCC  CompilerVersion: 8.4.0
ProgramName: mri_em_register  ProgramArguments: mri_em_register -all-info  ProgramVersion: 7.3.2  TimeStamp: 2026/03/09-23:32:51-GMT  BuildTime: Aug  4 2022 06:17:15  BuildStamp: freesurfer-linux-ubuntu22_x86_64-7.3.2-20220804-6354275  User: oesteban  Machine: dna056  Platform: Linux  PlatformVersion: 5.14.0-427.37.1.el9_4.x86_64  CompilerName: GCC  CompilerVersion: 8.4.0
ProgramName: mri_fill  ProgramArguments: mri_fill -all-info  ProgramVersion: 7.3.2  TimeStamp: 2026/03/09-23:32:51-GMT  BuildTime: Aug  4 2022 06:17:15  BuildStamp: freesurfer-linux-ubuntu22_x86_64-7.3.2-20220804-6354275  User: oesteban  Machine: dna056  Platform: Linux  PlatformVersion: 5.14.0-427.37.1.el9_4.x86_64  CompilerName: GCC  CompilerVersion: 8.4.0
ProgramName: mri_fuse_segmentations  ProgramArguments: mri_fuse_segmentations -all-info  ProgramVersion: 7.3.2  TimeStamp: 2026/03/09-23:32:51-GMT  BuildTime: Aug  4 2022 06:17:15  BuildStamp: freesurfer-linux-ubuntu22_x86_64-7.3.2-20220804-6354275  User: oesteban  Machine: dna056  Platform: Linux  PlatformVersion: 5.14.0-427.37.1.el9_4.x86_64  CompilerName: GCC  CompilerVersion: 8.4.0
ProgramName: mri_fwhm  ProgramArguments: mri_fwhm -all-info  ProgramVersion: 7.3.2  TimeStamp: 2026/03/09-23:32:51-GMT  BuildTime: Aug  4 2022 06:17:15  BuildStamp: freesurfer-linux-ubuntu22_x86_64-7.3.2-20220804-6354275  User: oesteban  Machine: dna056  Platform: Linux  PlatformVersion: 5.14.0-427.37.1.el9_4.x86_64  CompilerName: GCC  CompilerVersion: 8.4.0
ProgramName: mri_gcut  ProgramArguments: mri_gcut -all-info  ProgramVersion: 7.3.2  TimeStamp: 2026/03/09-23:32:51-GMT  BuildTime: Aug  4 2022 06:17:15  BuildStamp: freesurfer-linux-ubuntu22_x86_64-7.3.2-20220804-6354275  User: oesteban  Machine: dna056  Platform: Linux  PlatformVersion: 5.14.0-427.37.1.el9_4.x86_64  CompilerName: GCC  CompilerVersion: 8.4.0
ProgramName: mri_info  ProgramArguments: mri_info -all-info  ProgramVersion: 7.3.2  TimeStamp: 2026/03/09-23:32:51-GMT  BuildTime: Aug  4 2022 06:17:15  BuildStamp: freesurfer-linux-ubuntu22_x86_64-7.3.2-20220804-6354275  User: oesteban  Machine: dna056  Platform: Linux  PlatformVersion: 5.14.0-427.37.1.el9_4.x86_64  CompilerName: GCC  CompilerVersion: 8.4.0
ProgramName: mri_label2label  ProgramArguments: mri_label2label -all-info  ProgramVersion: 7.3.2  TimeStamp: 2026/03/09-23:32:51-GMT  BuildTime: Aug  4 2022 06:17:15  BuildStamp: freesurfer-linux-ubuntu22_x86_64-7.3.2-20220804-6354275  User: oesteban  Machine: dna056  Platform: Linux  PlatformVersion: 5.14.0-427.37.1.el9_4.x86_64  CompilerName: GCC  CompilerVersion: 8.4.0
ProgramName: mri_label2vol  ProgramArguments: mri_label2vol -all-info  ProgramVersion: 7.3.2  TimeStamp: 2026/03/09-23:32:51-GMT  BuildTime: Aug  4 2022 06:17:15  BuildStamp: freesurfer-linux-ubuntu22_x86_64-7.3.2-20220804-6354275  User: oesteban  Machine: dna056  Platform: Linux  PlatformVersion: 5.14.0-427.37.1.el9_4.x86_64  CompilerName: GCC  CompilerVersion: 8.4.0
ProgramName: mri_log_likelihood  ProgramArguments: mri_log_likelihood -all-info  ProgramVersion: 7.3.2  TimeStamp: 2026/03/09-23:32:51-GMT  BuildTime: Aug  4 2022 06:17:15  BuildStamp: freesurfer-linux-ubuntu22_x86_64-7.3.2-20220804-6354275  User: oesteban  Machine: dna056  Platform: Linux  PlatformVersion: 5.14.0-427.37.1.el9_4.x86_64  CompilerName: GCC  CompilerVersion: 8.4.0
ProgramName: mri_mask  ProgramArguments: mri_mask -all-info  ProgramVersion: 7.3.2  TimeStamp: 2026/03/09-23:32:51-GMT  BuildTime: Aug  4 2022 06:17:15  BuildStamp: freesurfer-linux-ubuntu22_x86_64-7.3.2-20220804-6354275  User: oesteban  Machine: dna056  Platform: Linux  PlatformVersion: 5.14.0-427.37.1.el9_4.x86_64  CompilerName: GCC  CompilerVersion: 8.4.0
ProgramName: mri_matrix_multiply  ProgramArguments: mri_matrix_multiply -all-info  ProgramVersion: 7.3.2  TimeStamp: 2026/03/09-23:32:51-GMT  BuildTime: Aug  4 2022 06:17:15  BuildStamp: freesurfer-linux-ubuntu22_x86_64-7.3.2-20220804-6354275  User: oesteban  Machine: dna056  Platform: Linux  PlatformVersion: 5.14.0-427.37.1.el9_4.x86_64  CompilerName: GCC  CompilerVersion: 8.4.0
ProgramName: mri_normalize  ProgramArguments: mri_normalize -all-info  ProgramVersion: 7.3.2  TimeStamp: 2026/03/09-23:32:51-GMT  BuildTime: Aug  4 2022 06:17:15  BuildStamp: freesurfer-linux-ubuntu22_x86_64-7.3.2-20220804-6354275  User: oesteban  Machine: dna056  Platform: Linux  PlatformVersion: 5.14.0-427.37.1.el9_4.x86_64  CompilerName: GCC  CompilerVersion: 8.4.0
ProgramName: mri_normalize_tp2  ProgramArguments: mri_normalize_tp2 -all-info  ProgramVersion: 7.3.2  TimeStamp: 2026/03/09-23:32:51-GMT  BuildTime: Aug  4 2022 06:17:15  BuildStamp: freesurfer-linux-ubuntu22_x86_64-7.3.2-20220804-6354275  User: oesteban  Machine: dna056  Platform: Linux  PlatformVersion: 5.14.0-427.37.1.el9_4.x86_64  CompilerName: GCC  CompilerVersion: 8.4.0
ProgramName: mri_or  ProgramArguments: mri_or -all-info  ProgramVersion: 7.3.2  TimeStamp: 2026/03/09-23:32:51-GMT  BuildTime: Aug  4 2022 06:17:15  BuildStamp: freesurfer-linux-ubuntu22_x86_64-7.3.2-20220804-6354275  User: oesteban  Machine: dna056  Platform: Linux  PlatformVersion: 5.14.0-427.37.1.el9_4.x86_64  CompilerName: GCC  CompilerVersion: 8.4.0
ProgramName: mri_relabel_hypointensities  ProgramArguments: mri_relabel_hypointensities -all-info  ProgramVersion: 7.3.2  TimeStamp: 2026/03/09-23:32:51-GMT  BuildTime: Aug  4 2022 06:17:15  BuildStamp: freesurfer-linux-ubuntu22_x86_64-7.3.2-20220804-6354275  User: oesteban  Machine: dna056  Platform: Linux  PlatformVersion: 5.14.0-427.37.1.el9_4.x86_64  CompilerName: GCC  CompilerVersion: 8.4.0
ProgramName: mri_relabel_nonwm_hypos  ProgramArguments: mri_relabel_nonwm_hypos -all-info  ProgramVersion: 7.3.2  TimeStamp: 2026/03/09-23:32:51-GMT  BuildTime: Aug  4 2022 06:17:15  BuildStamp: freesurfer-linux-ubuntu22_x86_64-7.3.2-20220804-6354275  User: oesteban  Machine: dna056  Platform: Linux  PlatformVersion: 5.14.0-427.37.1.el9_4.x86_64  CompilerName: GCC  CompilerVersion: 8.4.0
ProgramName: mri_remove_neck  ProgramArguments: mri_remove_neck -all-info  ProgramVersion: 7.3.2  TimeStamp: 2026/03/09-23:32:51-GMT  BuildTime: Aug  4 2022 06:17:15  BuildStamp: freesurfer-linux-ubuntu22_x86_64-7.3.2-20220804-6354275  User: oesteban  Machine: dna056  Platform: Linux  PlatformVersion: 5.14.0-427.37.1.el9_4.x86_64  CompilerName: GCC  CompilerVersion: 8.4.0
7.3.2

ProgramName: mri_robust_register  ProgramArguments: mri_robust_register -all-info  ProgramVersion: 7.3.2  TimeStamp: 2026/03/09-23:32:51-GMT  BuildTime: Aug  4 2022 06:17:15  BuildStamp: freesurfer-linux-ubuntu22_x86_64-7.3.2-20220804-6354275  User: oesteban  Machine: dna056  Platform: Linux  PlatformVersion: 5.14.0-427.37.1.el9_4.x86_64  CompilerName: GCC  CompilerVersion: 8.4.0
7.3.2

ProgramName: mri_robust_template  ProgramArguments: mri_robust_template -all-info  ProgramVersion: 7.3.2  TimeStamp: 2026/03/09-23:32:51-GMT  BuildTime: Aug  4 2022 06:17:15  BuildStamp: freesurfer-linux-ubuntu22_x86_64-7.3.2-20220804-6354275  User: oesteban  Machine: dna056  Platform: Linux  PlatformVersion: 5.14.0-427.37.1.el9_4.x86_64  CompilerName: GCC  CompilerVersion: 8.4.0
ProgramName: mris_anatomical_stats  ProgramArguments: mris_anatomical_stats -all-info  ProgramVersion: 7.3.2  TimeStamp: 2026/03/09-23:32:51-GMT  BuildTime: Aug  4 2022 06:17:15  BuildStamp: freesurfer-linux-ubuntu22_x86_64-7.3.2-20220804-6354275  User: oesteban  Machine: dna056  Platform: Linux  PlatformVersion: 5.14.0-427.37.1.el9_4.x86_64  CompilerName: GCC  CompilerVersion: 8.4.0
ProgramName: mris_ca_label  ProgramArguments: mris_ca_label -all-info  ProgramVersion: 7.3.2  TimeStamp: 2026/03/09-23:32:51-GMT  BuildTime: Aug  4 2022 06:17:15  BuildStamp: freesurfer-linux-ubuntu22_x86_64-7.3.2-20220804-6354275  User: oesteban  Machine: dna056  Platform: Linux  PlatformVersion: 5.14.0-427.37.1.el9_4.x86_64  CompilerName: GCC  CompilerVersion: 8.4.0
ProgramName: mris_calc  ProgramArguments: mris_calc -all-info  ProgramVersion: 7.3.2  TimeStamp: 2026/03/09-23:32:51-GMT  BuildTime: Aug  4 2022 06:17:15  BuildStamp: freesurfer-linux-ubuntu22_x86_64-7.3.2-20220804-6354275  User: oesteban  Machine: dna056  Platform: Linux  PlatformVersion: 5.14.0-427.37.1.el9_4.x86_64  CompilerName: GCC  CompilerVersion: 8.4.0
ProgramName: mris_convert  ProgramArguments: mris_convert -all-info  ProgramVersion: 7.3.2  TimeStamp: 2026/03/09-23:32:51-GMT  BuildTime: Aug  4 2022 06:17:15  BuildStamp: freesurfer-linux-ubuntu22_x86_64-7.3.2-20220804-6354275  User: oesteban  Machine: dna056  Platform: Linux  PlatformVersion: 5.14.0-427.37.1.el9_4.x86_64  CompilerName: GCC  CompilerVersion: 8.4.0
ProgramName: mris_curvature  ProgramArguments: mris_curvature -all-info  ProgramVersion: 7.3.2  TimeStamp: 2026/03/09-23:32:51-GMT  BuildTime: Aug  4 2022 06:17:15  BuildStamp: freesurfer-linux-ubuntu22_x86_64-7.3.2-20220804-6354275  User: oesteban  Machine: dna056  Platform: Linux  PlatformVersion: 5.14.0-427.37.1.el9_4.x86_64  CompilerName: GCC  CompilerVersion: 8.4.0
ProgramName: mris_curvature_stats  ProgramArguments: mris_curvature_stats -all-info  ProgramVersion: 7.3.2  TimeStamp: 2026/03/09-23:32:51-GMT  BuildTime: Aug  4 2022 06:17:15  BuildStamp: freesurfer-linux-ubuntu22_x86_64-7.3.2-20220804-6354275  User: oesteban  Machine: dna056  Platform: Linux  PlatformVersion: 5.14.0-427.37.1.el9_4.x86_64  CompilerName: GCC  CompilerVersion: 8.4.0
ProgramName: mris_diff  ProgramArguments: mris_diff -all-info  ProgramVersion: 7.3.2  TimeStamp: 2026/03/09-23:32:51-GMT  BuildTime: Aug  4 2022 06:17:15  BuildStamp: freesurfer-linux-ubuntu22_x86_64-7.3.2-20220804-6354275  User: oesteban  Machine: dna056  Platform: Linux  PlatformVersion: 5.14.0-427.37.1.el9_4.x86_64  CompilerName: GCC  CompilerVersion: 8.4.0
ProgramName: mris_divide_parcellation  ProgramArguments: mris_divide_parcellation -all-info  ProgramVersion: 7.3.2  TimeStamp: 2026/03/09-23:32:51-GMT  BuildTime: Aug  4 2022 06:17:15  BuildStamp: freesurfer-linux-ubuntu22_x86_64-7.3.2-20220804-6354275  User: oesteban  Machine: dna056  Platform: Linux  PlatformVersion: 5.14.0-427.37.1.el9_4.x86_64  CompilerName: GCC  CompilerVersion: 8.4.0
ProgramName: mri_segment  ProgramArguments: mri_segment -all-info  ProgramVersion: 7.3.2  TimeStamp: 2026/03/09-23:32:51-GMT  BuildTime: Aug  4 2022 06:17:15  BuildStamp: freesurfer-linux-ubuntu22_x86_64-7.3.2-20220804-6354275  User: oesteban  Machine: dna056  Platform: Linux  PlatformVersion: 5.14.0-427.37.1.el9_4.x86_64  CompilerName: GCC  CompilerVersion: 8.4.0
ProgramName: mri_segstats  ProgramArguments: mri_segstats -all-info  ProgramVersion: 7.3.2  TimeStamp: 2026/03/09-23:32:51-GMT  BuildTime: Aug  4 2022 06:17:15  BuildStamp: freesurfer-linux-ubuntu22_x86_64-7.3.2-20220804-6354275  User: oesteban  Machine: dna056  Platform: Linux  PlatformVersion: 5.14.0-427.37.1.el9_4.x86_64  CompilerName: GCC  CompilerVersion: 8.4.0
ProgramName: mris_euler_number  ProgramArguments: mris_euler_number -all-info  ProgramVersion: 7.3.2  TimeStamp: 2026/03/09-23:32:51-GMT  BuildTime: Aug  4 2022 06:17:15  BuildStamp: freesurfer-linux-ubuntu22_x86_64-7.3.2-20220804-6354275  User: oesteban  Machine: dna056  Platform: Linux  PlatformVersion: 5.14.0-427.37.1.el9_4.x86_64  CompilerName: GCC  CompilerVersion: 8.4.0
ProgramName: mris_fix_topology  ProgramArguments: mris_fix_topology -all-info  ProgramVersion: 7.3.2  TimeStamp: 2026/03/09-23:32:51-GMT  BuildTime: Aug  4 2022 06:17:15  BuildStamp: freesurfer-linux-ubuntu22_x86_64-7.3.2-20220804-6354275  User: oesteban  Machine: dna056  Platform: Linux  PlatformVersion: 5.14.0-427.37.1.el9_4.x86_64  CompilerName: GCC  CompilerVersion: 8.4.0
ProgramName: mris_topo_fixer  ProgramArguments: mris_topo_fixer -all-info  ProgramVersion: 7.3.2  TimeStamp: 2026/03/09-23:32:51-GMT  BuildTime: Aug  4 2022 06:17:15  BuildStamp: freesurfer-linux-ubuntu22_x86_64-7.3.2-20220804-6354275  User: oesteban  Machine: dna056  Platform: Linux  PlatformVersion: 5.14.0-427.37.1.el9_4.x86_64  CompilerName: GCC  CompilerVersion: 8.4.0
ProgramName: mris_jacobian  ProgramArguments: mris_jacobian -all-info  ProgramVersion: 7.3.2  TimeStamp: 2026/03/09-23:32:52-GMT  BuildTime: Aug  4 2022 06:17:15  BuildStamp: freesurfer-linux-ubuntu22_x86_64-7.3.2-20220804-6354275  User: oesteban  Machine: dna056  Platform: Linux  PlatformVersion: 5.14.0-427.37.1.el9_4.x86_64  CompilerName: GCC  CompilerVersion: 8.4.0
ProgramName: mris_label2annot  ProgramArguments: mris_label2annot -all-info  ProgramVersion: 7.3.2  TimeStamp: 2026/03/09-23:32:52-GMT  BuildTime: Aug  4 2022 06:17:15  BuildStamp: freesurfer-linux-ubuntu22_x86_64-7.3.2-20220804-6354275  User: oesteban  Machine: dna056  Platform: Linux  PlatformVersion: 5.14.0-427.37.1.el9_4.x86_64  CompilerName: GCC  CompilerVersion: 8.4.0
ProgramName: mris_left_right_register  ProgramArguments: mris_left_right_register -all-info  ProgramVersion: 7.3.2  TimeStamp: 2026/03/09-23:32:52-GMT  BuildTime: Aug  4 2022 06:17:15  BuildStamp: freesurfer-linux-ubuntu22_x86_64-7.3.2-20220804-6354275  User: oesteban  Machine: dna056  Platform: Linux  PlatformVersion: 5.14.0-427.37.1.el9_4.x86_64  CompilerName: GCC  CompilerVersion: 8.4.0
ProgramName: mris_place_surface  ProgramArguments: mris_place_surface -all-info  ProgramVersion: 7.3.2  TimeStamp: 2026/03/09-23:32:52-GMT  BuildTime: Aug  4 2022 06:17:15  BuildStamp: freesurfer-linux-ubuntu22_x86_64-7.3.2-20220804-6354275  User: oesteban  Machine: dna056  Platform: Linux  PlatformVersion: 5.14.0-427.37.1.el9_4.x86_64  CompilerName: GCC  CompilerVersion: 8.4.0
ProgramName: mrisp_paint  ProgramArguments: mrisp_paint -all-info  ProgramVersion: 7.3.2  TimeStamp: 2026/03/09-23:32:52-GMT  BuildTime: Aug  4 2022 06:17:15  BuildStamp: freesurfer-linux-ubuntu22_x86_64-7.3.2-20220804-6354275  User: oesteban  Machine: dna056  Platform: Linux  PlatformVersion: 5.14.0-427.37.1.el9_4.x86_64  CompilerName: GCC  CompilerVersion: 8.4.0
ProgramName: mris_register  ProgramArguments: mris_register -all-info  ProgramVersion: 7.3.2  TimeStamp: 2026/03/09-23:32:52-GMT  BuildTime: Aug  4 2022 06:17:15  BuildStamp: freesurfer-linux-ubuntu22_x86_64-7.3.2-20220804-6354275  User: oesteban  Machine: dna056  Platform: Linux  PlatformVersion: 5.14.0-427.37.1.el9_4.x86_64  CompilerName: GCC  CompilerVersion: 8.4.0
ProgramName: mris_smooth  ProgramArguments: mris_smooth -all-info  ProgramVersion: 7.3.2  TimeStamp: 2026/03/09-23:32:52-GMT  BuildTime: Aug  4 2022 06:17:15  BuildStamp: freesurfer-linux-ubuntu22_x86_64-7.3.2-20220804-6354275  User: oesteban  Machine: dna056  Platform: Linux  PlatformVersion: 5.14.0-427.37.1.el9_4.x86_64  CompilerName: GCC  CompilerVersion: 8.4.0
ProgramName: mris_sphere  ProgramArguments: mris_sphere -all-info  ProgramVersion: 7.3.2  TimeStamp: 2026/03/09-23:32:52-GMT  BuildTime: Aug  4 2022 06:17:15  BuildStamp: freesurfer-linux-ubuntu22_x86_64-7.3.2-20220804-6354275  User: oesteban  Machine: dna056  Platform: Linux  PlatformVersion: 5.14.0-427.37.1.el9_4.x86_64  CompilerName: GCC  CompilerVersion: 8.4.0
ProgramName: mris_surface_stats  ProgramArguments: mris_surface_stats -all-info  ProgramVersion: 7.3.2  TimeStamp: 2026/03/09-23:32:52-GMT  BuildTime: Aug  4 2022 06:17:15  BuildStamp: freesurfer-linux-ubuntu22_x86_64-7.3.2-20220804-6354275  User: oesteban  Machine: dna056  Platform: Linux  PlatformVersion: 5.14.0-427.37.1.el9_4.x86_64  CompilerName: GCC  CompilerVersion: 8.4.0
ProgramName: mri_stats2seg  ProgramArguments: mri_stats2seg -all-info  ProgramVersion: 7.3.2  TimeStamp: 2026/03/09-23:32:52-GMT  BuildTime: Aug  4 2022 06:17:15  BuildStamp: freesurfer-linux-ubuntu22_x86_64-7.3.2-20220804-6354275  User: oesteban  Machine: dna056  Platform: Linux  PlatformVersion: 5.14.0-427.37.1.el9_4.x86_64  CompilerName: GCC  CompilerVersion: 8.4.0
ProgramName: mris_thickness  ProgramArguments: mris_thickness -all-info  ProgramVersion: 7.3.2  TimeStamp: 2026/03/09-23:32:52-GMT  BuildTime: Aug  4 2022 06:17:15  BuildStamp: freesurfer-linux-ubuntu22_x86_64-7.3.2-20220804-6354275  User: oesteban  Machine: dna056  Platform: Linux  PlatformVersion: 5.14.0-427.37.1.el9_4.x86_64  CompilerName: GCC  CompilerVersion: 8.4.0
ProgramName: mris_thickness_diff  ProgramArguments: mris_thickness_diff -all-info  ProgramVersion: 7.3.2  TimeStamp: 2026/03/09-23:32:52-GMT  BuildTime: Aug  4 2022 06:17:15  BuildStamp: freesurfer-linux-ubuntu22_x86_64-7.3.2-20220804-6354275  User: oesteban  Machine: dna056  Platform: Linux  PlatformVersion: 5.14.0-427.37.1.el9_4.x86_64  CompilerName: GCC  CompilerVersion: 8.4.0
ProgramName: mris_topo_fixer  ProgramArguments: mris_topo_fixer -all-info  ProgramVersion: 7.3.2  TimeStamp: 2026/03/09-23:32:52-GMT  BuildTime: Aug  4 2022 06:17:15  BuildStamp: freesurfer-linux-ubuntu22_x86_64-7.3.2-20220804-6354275  User: oesteban  Machine: dna056  Platform: Linux  PlatformVersion: 5.14.0-427.37.1.el9_4.x86_64  CompilerName: GCC  CompilerVersion: 8.4.0
ProgramName: mri_surf2surf  ProgramArguments: mri_surf2surf -all-info  ProgramVersion: 7.3.2  TimeStamp: 2026/03/09-23:32:52-GMT  BuildTime: Aug  4 2022 06:17:15  BuildStamp: freesurfer-linux-ubuntu22_x86_64-7.3.2-20220804-6354275  User: oesteban  Machine: dna056  Platform: Linux  PlatformVersion: 5.14.0-427.37.1.el9_4.x86_64  CompilerName: GCC  CompilerVersion: 8.4.0
ProgramName: mri_surf2vol  ProgramArguments: mri_surf2vol -all-info  ProgramVersion: 7.3.2  TimeStamp: 2026/03/09-23:32:52-GMT  BuildTime: Aug  4 2022 06:17:15  BuildStamp: freesurfer-linux-ubuntu22_x86_64-7.3.2-20220804-6354275  User: oesteban  Machine: dna056  Platform: Linux  PlatformVersion: 5.14.0-427.37.1.el9_4.x86_64  CompilerName: GCC  CompilerVersion: 8.4.0
ProgramName: mri_surfcluster  ProgramArguments: mri_surfcluster -all-info  ProgramVersion: 7.3.2  TimeStamp: 2026/03/09-23:32:52-GMT  BuildTime: Aug  4 2022 06:17:15  BuildStamp: freesurfer-linux-ubuntu22_x86_64-7.3.2-20220804-6354275  User: oesteban  Machine: dna056  Platform: Linux  PlatformVersion: 5.14.0-427.37.1.el9_4.x86_64  CompilerName: GCC  CompilerVersion: 8.4.0
ProgramName: mris_volmask  ProgramArguments: mris_volmask -all-info  ProgramVersion: 7.3.2  TimeStamp: 2026/03/09-23:32:52-GMT  BuildTime: Aug  4 2022 06:17:15  BuildStamp: freesurfer-linux-ubuntu22_x86_64-7.3.2-20220804-6354275  User: oesteban  Machine: dna056  Platform: Linux  PlatformVersion: 5.14.0-427.37.1.el9_4.x86_64  CompilerName: GCC  CompilerVersion: 8.4.0
ProgramName: mri_tessellate  ProgramArguments: mri_tessellate -all-info  ProgramVersion: 7.3.2  TimeStamp: 2026/03/09-23:32:52-GMT  BuildTime: Aug  4 2022 06:17:15  BuildStamp: freesurfer-linux-ubuntu22_x86_64-7.3.2-20220804-6354275  User: oesteban  Machine: dna056  Platform: Linux  PlatformVersion: 5.14.0-427.37.1.el9_4.x86_64  CompilerName: GCC  CompilerVersion: 8.4.0
ProgramName: mri_vol2surf  ProgramArguments: mri_vol2surf -all-info  ProgramVersion: 7.3.2  TimeStamp: 2026/03/09-23:32:52-GMT  BuildTime: Aug  4 2022 06:17:15  BuildStamp: freesurfer-linux-ubuntu22_x86_64-7.3.2-20220804-6354275  User: oesteban  Machine: dna056  Platform: Linux  PlatformVersion: 5.14.0-427.37.1.el9_4.x86_64  CompilerName: GCC  CompilerVersion: 8.4.0
ProgramName: mri_vol2vol  ProgramArguments: mri_vol2vol -all-info  ProgramVersion: 7.3.2  TimeStamp: 2026/03/09-23:32:52-GMT  BuildTime: Aug  4 2022 06:17:15  BuildStamp: freesurfer-linux-ubuntu22_x86_64-7.3.2-20220804-6354275  User: oesteban  Machine: dna056  Platform: Linux  PlatformVersion: 5.14.0-427.37.1.el9_4.x86_64  CompilerName: GCC  CompilerVersion: 8.4.0
ProgramName: mri_voldiff  ProgramArguments: mri_voldiff -all-info  ProgramVersion: 7.3.2  TimeStamp: 2026/03/09-23:32:52-GMT  BuildTime: Aug  4 2022 06:17:15  BuildStamp: freesurfer-linux-ubuntu22_x86_64-7.3.2-20220804-6354275  User: oesteban  Machine: dna056  Platform: Linux  PlatformVersion: 5.14.0-427.37.1.el9_4.x86_64  CompilerName: GCC  CompilerVersion: 8.4.0
ProgramName: mri_watershed  ProgramArguments: mri_watershed -all-info  ProgramVersion: 7.3.2  TimeStamp: 2026/03/09-23:32:52-GMT  BuildTime: Aug  4 2022 06:17:15  BuildStamp: freesurfer-linux-ubuntu22_x86_64-7.3.2-20220804-6354275  User: oesteban  Machine: dna056  Platform: Linux  PlatformVersion: 5.14.0-427.37.1.el9_4.x86_64  CompilerName: GCC  CompilerVersion: 8.4.0
ProgramName: tkregister2  ProgramArguments: tkregister2_cmdl -all-info  ProgramVersion: 7.3.2  TimeStamp: 2026/03/09-23:32:52-GMT  BuildTime: Aug  4 2022 06:17:15  BuildStamp: freesurfer-linux-ubuntu22_x86_64-7.3.2-20220804-6354275  User: oesteban  Machine: dna056  Platform: Linux  PlatformVersion: 5.14.0-427.37.1.el9_4.x86_64  CompilerName: GCC  CompilerVersion: 8.4.0
mri_motion_correct.fsl 7.3.2
mri_convert -all-info 
ProgramName: mri_convert  ProgramArguments: mri_convert -all-info  ProgramVersion: 7.3.2  TimeStamp: 2026/03/09-23:32:52-GMT  BuildTime: Aug  4 2022 06:17:15  BuildStamp: freesurfer-linux-ubuntu22_x86_64-7.3.2-20220804-6354275  User: oesteban  Machine: dna056  Platform: Linux  PlatformVersion: 5.14.0-427.37.1.el9_4.x86_64  CompilerName: GCC  CompilerVersion: 8.4.0
Program nu_correct, built from:
Package MNI N3, version 1.12.0, compiled by nicks@terrier (x86_64-unknown-linux-gnu) on 2015-06-19 at 01:25:34
#######################################
GCADIR /opt/freesurfer/average
GCA RB_all_2020-01-02.gca
GCASkull RB_all_withskull_2020_01_02.gca
AvgCurvTif folding.atlas.acfb40.noaparc.i12.2016-08-02.tif
GCSDIR /opt/freesurfer/average
GCS DKaparc.atlas.acfb40.noaparc.i12.2016-08-02.gcs
#######################################
#--------------------------------------------
#@# Tessellate rh Tue Mar 10 00:32:52 CET 2026
/out/sourcedata/freesurfer/sub-v1s2x0051480_ses-1/scripts

 mri_pretess ../mri/filled.mgz 127 ../mri/norm.mgz ../mri/filled-pretess127.mgz 


Iteration Number : 1
pass   1 (xy+):   1 found -   1 modified     |    TOTAL:   1
pass   2 (xy+):   0 found -   1 modified     |    TOTAL:   1
pass   1 (xy-):   0 found -   0 modified     |    TOTAL:   1
pass   1 (yz+):   3 found -   3 modified     |    TOTAL:   4
pass   2 (yz+):   0 found -   3 modified     |    TOTAL:   4
pass   1 (yz-):   3 found -   3 modified     |    TOTAL:   7
pass   2 (yz-):   0 found -   3 modified     |    TOTAL:   7
pass   1 (xz+):   1 found -   1 modified     |    TOTAL:   8
pass   2 (xz+):   0 found -   1 modified     |    TOTAL:   8
pass   1 (xz-):   0 found -   0 modified     |    TOTAL:   8
Iteration Number : 1
pass   1 (+++):   0 found -   0 modified     |    TOTAL:   0
pass   1 (+++):   0 found -   0 modified     |    TOTAL:   0
pass   1 (+++):   0 found -   0 modified     |    TOTAL:   0
pass   1 (+++):   0 found -   0 modified     |    TOTAL:   0
Iteration Number : 1
pass   1 (++):   0 found -   0 modified     |    TOTAL:   0
pass   1 (+-):   0 found -   0 modified     |    TOTAL:   0
pass   1 (--):   1 found -   1 modified     |    TOTAL:   1
pass   2 (--):   0 found -   1 modified     |    TOTAL:   1
pass   1 (-+):   1 found -   1 modified     |    TOTAL:   2
pass   2 (-+):   0 found -   1 modified     |    TOTAL:   2
Iteration Number : 2
pass   1 (xy+):   0 found -   0 modified     |    TOTAL:   0
pass   1 (xy-):   0 found -   0 modified     |    TOTAL:   0
pass   1 (yz+):   0 found -   0 modified     |    TOTAL:   0
pass   1 (yz-):   0 found -   0 modified     |    TOTAL:   0
pass   1 (xz+):   0 found -   0 modified     |    TOTAL:   0
pass   1 (xz-):   0 found -   0 modified     |    TOTAL:   0
Iteration Number : 2
pass   1 (+++):   0 found -   0 modified     |    TOTAL:   0
pass   1 (+++):   0 found -   0 modified     |    TOTAL:   0
pass   1 (+++):   0 found -   0 modified     |    TOTAL:   0
pass   1 (+++):   0 found -   0 modified     |    TOTAL:   0
Iteration Number : 2
pass   1 (++):   0 found -   0 modified     |    TOTAL:   0
pass   1 (+-):   0 found -   0 modified     |    TOTAL:   0
pass   1 (--):   0 found -   0 modified     |    TOTAL:   0
pass   1 (-+):   0 found -   0 modified     |    TOTAL:   0

Total Number of Modified Voxels = 10 (out of 241360: 0.004143)
Ambiguous edge configurations... 

mri_pretess done


 mri_tessellate ../mri/filled-pretess127.mgz 127 ../surf/rh.orig.nofix 

7.3.2
  7.3.2
slice 30: 772 vertices, 831 faces
slice 40: 6071 vertices, 6291 faces
slice 50: 14515 vertices, 14848 faces
slice 60: 24727 vertices, 25097 faces
slice 70: 35847 vertices, 36231 faces
slice 80: 46507 vertices, 46880 faces
slice 90: 57710 vertices, 58103 faces
slice 100: 68015 vertices, 68371 faces
slice 110: 77748 vertices, 78099 faces
slice 120: 87477 vertices, 87844 faces
slice 130: 97436 vertices, 97749 faces
slice 140: 105819 vertices, 106082 faces
slice 150: 113645 vertices, 113886 faces
slice 160: 119455 vertices, 119630 faces
slice 170: 124290 vertices, 124456 faces
slice 180: 127731 vertices, 127833 faces
slice 190: 128518 vertices, 128528 faces
slice 200: 128518 vertices, 128528 faces
slice 210: 128518 vertices, 128528 faces
slice 220: 128518 vertices, 128528 faces
slice 230: 128518 vertices, 128528 faces
slice 240: 128518 vertices, 128528 faces
slice 250: 128518 vertices, 128528 faces
using the conformed surface RAS to save vertex points...
writing ../surf/rh.orig.nofix
using vox2ras matrix:
-1.00000   0.00000   0.00000   128.00000;
 0.00000   0.00000   1.00000  -128.00000;
 0.00000  -1.00000   0.00000   128.00000;
 0.00000   0.00000   0.00000   1.00000;

 rm -f ../mri/filled-pretess127.mgz 


 mris_extract_main_component ../surf/rh.orig.nofix ../surf/rh.orig.nofix 


counting number of connected components...
   128510 voxel in cpt #1: X=-12 [v=128510,e=385566,f=257044] located at (26.453732, -30.194344, 51.530098)
   8 voxel in cpt #2: X=2 [v=8,e=18,f=12] located at (1.000000, -7.000000, 56.000000)
For the whole surface: X=-10 [v=128518,e=385584,f=257056]
2 components have been found
keeping component #1 with 128510 vertices
done

#--------------------------------------------
#@# Smooth1 rh Tue Mar 10 00:32:55 CET 2026
/out/sourcedata/freesurfer/sub-v1s2x0051480_ses-1/scripts

 mris_smooth -nw -seed 1234 ../surf/rh.orig.nofix ../surf/rh.smoothwm.nofix 

setting seed for random number generator to 1234
smoothing surface tessellation for 10 iterations...
smoothing complete - recomputing first and second fundamental forms...
#--------------------------------------------
#@# Inflation1 rh Tue Mar 10 00:32:58 CET 2026
/out/sourcedata/freesurfer/sub-v1s2x0051480_ses-1/scripts

 mris_inflate -no-save-sulc ../surf/rh.smoothwm.nofix ../surf/rh.inflated.nofix 

Not saving sulc
Reading ../surf/rh.smoothwm.nofix
avg radius = 45.4 mm, total surface area = 69509 mm^2
step 000: RMS=0.145 (target=0.015)   step 005: RMS=0.109 (target=0.015)   step 010: RMS=0.079 (target=0.015)   step 015: RMS=0.065 (target=0.015)   step 020: RMS=0.056 (target=0.015)   step 025: RMS=0.048 (target=0.015)   step 030: RMS=0.041 (target=0.015)   step 035: RMS=0.036 (target=0.015)   step 040: RMS=0.033 (target=0.015)   step 045: RMS=0.030 (target=0.015)   step 050: RMS=0.029 (target=0.015)   step 055: RMS=0.028 (target=0.015)   step 060: RMS=0.027 (target=0.015)   writing inflated surface to ../surf/rh.inflated.nofix
inflation took 0.3 minutes

inflation complete.
Not saving sulc
mris_inflate utimesec    84.233166
mris_inflate stimesec    1.681852
mris_inflate ru_maxrss   203208
mris_inflate ru_ixrss    0
mris_inflate ru_idrss    0
mris_inflate ru_isrss    0
mris_inflate ru_minflt   468561
mris_inflate ru_majflt   9
mris_inflate ru_nswap    0
mris_inflate ru_inblock  0
mris_inflate ru_oublock  9040
mris_inflate ru_msgsnd   0
mris_inflate ru_msgrcv   0
mris_inflate ru_nsignals 0
mris_inflate ru_nvcsw    9483
mris_inflate ru_nivcsw   520
#--------------------------------------------
#@# QSphere rh Tue Mar 10 00:33:14 CET 2026
/out/sourcedata/freesurfer/sub-v1s2x0051480_ses-1/scripts

 mris_sphere -q -p 6 -a 128 -seed 1234 ../surf/rh.inflated.nofix ../surf/rh.qsphere.nofix 

doing quick spherical unfolding.
limitting unfolding to 6 passes
using n_averages = 128
setting seed for random number genererator to 1234
version: 7.3.2
available threads: 16
scaling brain by 0.311...
inflating...
projecting onto sphere...
surface projected - minimizing metric distortion...
vertex spacing 1.02 +- 0.58 (0.00-->7.27) (max @ vno 50541 --> 51719)
face area 0.03 +- 0.03 (-0.04-->0.76)
Entering MRISinflateToSphere()
inflating to sphere (rms error < 2.00)
000: dt: 0.0000, rms radial error=176.886, avgs=0
005/300: dt: 0.9000, rms radial error=176.626, avgs=0
010/300: dt: 0.9000, rms radial error=176.068, avgs=0
015/300: dt: 0.9000, rms radial error=175.333, avgs=0
020/300: dt: 0.9000, rms radial error=174.496, avgs=0
025/300: dt: 0.9000, rms radial error=173.602, avgs=0
030/300: dt: 0.9000, rms radial error=172.676, avgs=0
035/300: dt: 0.9000, rms radial error=171.733, avgs=0
040/300: dt: 0.9000, rms radial error=170.782, avgs=0
045/300: dt: 0.9000, rms radial error=169.836, avgs=0
050/300: dt: 0.9000, rms radial error=168.891, avgs=0
055/300: dt: 0.9000, rms radial error=167.949, avgs=0
060/300: dt: 0.9000, rms radial error=167.010, avgs=0
065/300: dt: 0.9000, rms radial error=166.076, avgs=0
070/300: dt: 0.9000, rms radial error=165.146, avgs=0
075/300: dt: 0.9000, rms radial error=164.222, avgs=0
080/300: dt: 0.9000, rms radial error=163.302, avgs=0
085/300: dt: 0.9000, rms radial error=162.387, avgs=0
090/300: dt: 0.9000, rms radial error=161.476, avgs=0
095/300: dt: 0.9000, rms radial error=160.571, avgs=0
100/300: dt: 0.9000, rms radial error=159.670, avgs=0
105/300: dt: 0.9000, rms radial error=158.775, avgs=0
110/300: dt: 0.9000, rms radial error=157.884, avgs=0
115/300: dt: 0.9000, rms radial error=156.999, avgs=0
120/300: dt: 0.9000, rms radial error=156.117, avgs=0
125/300: dt: 0.9000, rms radial error=155.241, avgs=0
130/300: dt: 0.9000, rms radial error=154.370, avgs=0
135/300: dt: 0.9000, rms radial error=153.503, avgs=0
140/300: dt: 0.9000, rms radial error=152.641, avgs=0
145/300: dt: 0.9000, rms radial error=151.784, avgs=0
150/300: dt: 0.9000, rms radial error=150.931, avgs=0
155/300: dt: 0.9000, rms radial error=150.083, avgs=0
160/300: dt: 0.9000, rms radial error=149.239, avgs=0
165/300: dt: 0.9000, rms radial error=148.400, avgs=0
170/300: dt: 0.9000, rms radial error=147.566, avgs=0
175/300: dt: 0.9000, rms radial error=146.737, avgs=0
180/300: dt: 0.9000, rms radial error=145.912, avgs=0
185/300: dt: 0.9000, rms radial error=145.091, avgs=0
190/300: dt: 0.9000, rms radial error=144.276, avgs=0
195/300: dt: 0.9000, rms radial error=143.464, avgs=0
200/300: dt: 0.9000, rms radial error=142.658, avgs=0
205/300: dt: 0.9000, rms radial error=141.856, avgs=0
210/300: dt: 0.9000, rms radial error=141.058, avgs=0
215/300: dt: 0.9000, rms radial error=140.265, avgs=0
220/300: dt: 0.9000, rms radial error=139.476, avgs=0
225/300: dt: 0.9000, rms radial error=138.691, avgs=0
230/300: dt: 0.9000, rms radial error=137.911, avgs=0
235/300: dt: 0.9000, rms radial error=137.136, avgs=0
240/300: dt: 0.9000, rms radial error=136.364, avgs=0
245/300: dt: 0.9000, rms radial error=135.597, avgs=0
250/300: dt: 0.9000, rms radial error=134.835, avgs=0
255/300: dt: 0.9000, rms radial error=134.076, avgs=0
260/300: dt: 0.9000, rms radial error=133.322, avgs=0
265/300: dt: 0.9000, rms radial error=132.572, avgs=0
270/300: dt: 0.9000, rms radial error=131.826, avgs=0
275/300: dt: 0.9000, rms radial error=131.085, avgs=0
280/300: dt: 0.9000, rms radial error=130.347, avgs=0
285/300: dt: 0.9000, rms radial error=129.614, avgs=0
290/300: dt: 0.9000, rms radial error=128.885, avgs=0
295/300: dt: 0.9000, rms radial error=128.159, avgs=0
300/300: dt: 0.9000, rms radial error=127.438, avgs=0

spherical inflation complete.
epoch 1 (K=10.0), pass 1, starting sse = 14952.01
taking momentum steps...
taking momentum steps...
taking momentum steps...
taking momentum steps...
pass 1 complete, delta sse/iter = 0.01/13 = 0.00039
epoch 2 (K=40.0), pass 1, starting sse = 2389.40
taking momentum steps...
taking momentum steps...
taking momentum steps...
taking momentum steps...
pass 1 complete, delta sse/iter = 0.01/13 = 0.00038
epoch 3 (K=160.0), pass 1, starting sse = 213.06
taking momentum steps...
taking momentum steps...
taking momentum steps...
taking momentum steps...
pass 1 complete, delta sse/iter = 0.17/17 = 0.01009
epoch 4 (K=640.0), pass 1, starting sse = 7.52
taking momentum steps...
taking momentum steps...
taking momentum steps...
taking momentum steps...
pass 1 complete, delta sse/iter = 0.12/25 = 0.00488
final distance error %100000.00
writing spherical brain to ../surf/rh.qsphere.nofix
spherical transformation took 0.0216 hours
FSRUNTIME@ mris_sphere  0.0216 hours 16 threads
#VMPC# mris_sphere VmPeak  1861508
mris_sphere done
#@# Fix Topology rh Tue Mar 10 00:34:31 CET 2026

 mris_fix_topology -mgz -sphere qsphere.nofix -inflated inflated.nofix -orig orig.nofix -out orig.premesh -ga -seed 1234 sub-v1s2x0051480_ses-1 rh 

reading spherical homeomorphism from 'qsphere.nofix'
reading inflated coordinates from 'inflated.nofix'
reading original coordinates from 'orig.nofix'
using genetic algorithm with optimized parameters
setting seed for random number genererator to 1234

*************************************************************
Topology Correction Parameters
retessellation mode:           genetic search
number of patches/generation : 10
number of generations :        10
surface mri loglikelihood coefficient :         1.0
volume mri loglikelihood coefficient :          10.0
normal dot loglikelihood coefficient :          1.0
quadratic curvature loglikelihood coefficient : 1.0
volume resolution :                             2
eliminate vertices during search :              1
initial patch selection :                       1
select all defect vertices :                    0
ordering dependant retessellation:              0
use precomputed edge table :                    0
smooth retessellated patch :                    2
match retessellated patch :                     1
verbose mode :                                  0

*************************************************************
INFO: assuming .mgz format
writing corrected surface to 'orig.premesh'
7.3.2
  7.3.2
before topology correction, eno=-12 (nv=128510, nf=257044, ne=385566, g=7)
using quasi-homeomorphic spherical map to tessellate cortical surface...

Correction of the Topology
Finding true center and radius of Spherical Surface...done
Surface centered at (0,0,0) with radius 100.0 in 8 iterations
marking ambiguous vertices...
2242 ambiguous faces found in tessellation
segmenting defects...
13 defects found, arbitrating ambiguous regions...
analyzing neighboring defects...
13 defects to be corrected 
0 vertices coincident
reading input surface /out/sourcedata/freesurfer/sub-v1s2x0051480_ses-1/surf/rh.qsphere.nofix...
reading brain volume from brain...
reading wm segmentation from wm...
Reading original properties of orig.nofix
Reading vertex positions of inflated.nofix
Computing Initial Surface Statistics
      -face       loglikelihood: -9.3883  (-4.6942)
      -vertex     loglikelihood: -5.9124  (-2.9562)
      -normal dot loglikelihood: -3.6852  (-3.6852)
      -quad curv  loglikelihood: -6.1191  (-3.0595)
      Total Loglikelihood : -25.1051
CORRECTING DEFECT 0 (vertices=8, convex hull=16, v0=622)
After retessellation of defect 0 (v0=622), euler #=-9 (127204,381252,254039) : difference with theory (-10) = -1 
CORRECTING DEFECT 1 (vertices=612, convex hull=134, v0=924)
After retessellation of defect 1 (v0=924), euler #=-9 (127315,381655,254331) : difference with theory (-9) = 0 
CORRECTING DEFECT 2 (vertices=340, convex hull=204, v0=11374)
After retessellation of defect 2 (v0=11374), euler #=-8 (127397,382006,254601) : difference with theory (-8) = 0 
CORRECTING DEFECT 3 (vertices=5, convex hull=13, v0=12979)
After retessellation of defect 3 (v0=12979), euler #=-7 (127398,382012,254607) : difference with theory (-7) = 0 
CORRECTING DEFECT 4 (vertices=63, convex hull=42, v0=30935)
After retessellation of defect 4 (v0=30935), euler #=-6 (127410,382065,254649) : difference with theory (-6) = 0 
CORRECTING DEFECT 5 (vertices=16, convex hull=27, v0=55192)
After retessellation of defect 5 (v0=55192), euler #=-5 (127413,382082,254664) : difference with theory (-5) = 0 
CORRECTING DEFECT 6 (vertices=33, convex hull=53, v0=75510)
After retessellation of defect 6 (v0=75510), euler #=-4 (127430,382155,254721) : difference with theory (-4) = 0 
CORRECTING DEFECT 7 (vertices=16, convex hull=18, v0=80442)
After retessellation of defect 7 (v0=80442), euler #=-3 (127433,382167,254731) : difference with theory (-3) = 0 
CORRECTING DEFECT 8 (vertices=29, convex hull=55, v0=83722)
After retessellation of defect 8 (v0=83722), euler #=-2 (127445,382224,254777) : difference with theory (-2) = 0 
CORRECTING DEFECT 9 (vertices=107, convex hull=115, v0=103067)
After retessellation of defect 9 (v0=103067), euler #=-1 (127486,382394,254907) : difference with theory (-1) = 0 
CORRECTING DEFECT 10 (vertices=30, convex hull=70, v0=103260)
After retessellation of defect 10 (v0=103260), euler #=0 (127501,382467,254966) : difference with theory (0) = 0 
CORRECTING DEFECT 11 (vertices=28, convex hull=46, v0=120645)
After retessellation of defect 11 (v0=120645), euler #=1 (127515,382525,255011) : difference with theory (1) = 0 
CORRECTING DEFECT 12 (vertices=20, convex hull=33, v0=123557)
After retessellation of defect 12 (v0=123557), euler #=2 (127521,382557,255038) : difference with theory (2) = 0 
computing original vertex metric properties...
storing new metric properties...
computing tessellation statistics...
vertex spacing 0.89 +- 0.22 (0.00-->18.43) (max @ vno 1636 --> 8184)
face area -nan +- -nan (1000.00-->-1.00)
performing soap bubble on retessellated vertices for 0 iterations...
vertex spacing 0.89 +- 0.22 (0.00-->18.43) (max @ vno 1636 --> 8184)
face area -nan +- -nan (1000.00-->-1.00)
tessellation finished, orienting corrected surface...
45 mutations (41.7%), 63 crossovers (58.3%), 41 vertices were eliminated
building final representation...
989 vertices and 0 faces have been removed from triangulation
after topology correction, eno=2 (nv=127521, nf=255038, ne=382557, g=0)
writing corrected surface to /out/sourcedata/freesurfer/sub-v1s2x0051480_ses-1/surf/rh.orig.premesh...

defective orientation at vertex 1628(1636) with faces 3460 and 254314

defective orientation at vertex 1628(1977) with faces 3459 and 254084

defective orientation at vertex 1636(1628) with faces 3460 and 254314

defective orientation at vertex 1636(1976) with faces 3460 and 254327

defective orientation at vertex 1976(1977) with faces 3459 and 254324

defective orientation at vertex 1976(1636) with faces 3460 and 254327

defective orientation at vertex 1977(1628) with faces 3459 and 254084

defective orientation at vertex 1977(1976) with faces 254324 and 3459

0.006 % of the vertices (8 vertices) exhibit an orientation change
removing intersecting faces
000: 91 intersecting
001: 8 intersecting
terminating search with 0 intersecting
topology fixing took 0.8 minutes
FSRUNTIME@ mris_fix_topology rh  0.0136 hours 16 threads
#VMPC# mris_fix_topology VmPeak  1844068

 mris_euler_number ../surf/rh.orig.premesh 

euler # = v-e+f = 2g-2: 127521 - 382557 + 255038 = 2 --> 0 holes
      F =2V-4:          255038 = 255042-4 (0)
      2E=3F:            765114 = 765114 (0)

total defect index = 0
Tue Mar 10 00:35:21 CET 2026

setenv SUBJECTS_DIR /out/sourcedata/freesurfer
cd /out/sourcedata/freesurfer/sub-v1s2x0051480_ses-1/scripts
/opt/freesurfer/bin/defect2seg --s sub-v1s2x0051480_ses-1 --rh-only --cortex

freesurfer-linux-ubuntu22_x86_64-7.3.2-20220804-6354275
defect2seg 7.3.2
Linux dna056 5.14.0-427.37.1.el9_4.x86_64 #1 SMP PREEMPT_DYNAMIC Fri Sep 13 12:41:50 EDT 2024 x86_64 x86_64 x86_64 GNU/Linux
pid 3283047
mri_label2label --label-cortex /out/sourcedata/freesurfer/sub-v1s2x0051480_ses-1/surf/rh.orig.nofix /out/sourcedata/freesurfer/sub-v1s2x0051480_ses-1/mri/aseg.presurf.mgz 0 /out/sourcedata/freesurfer/sub-v1s2x0051480_ses-1/label/rh.nofix.cortex.label

 Generating cortex label... RemoveHipAmgy=0
 NucAccIsMedialWall=0
 mris->useRealRAS=0
12 non-cortical segments detected
only using segment with 6978 vertices
erasing segment 1 (vno[0] = 54953)
erasing segment 2 (vno[0] = 58485)
erasing segment 3 (vno[0] = 78113)
erasing segment 4 (vno[0] = 92319)
erasing segment 5 (vno[0] = 93397)
erasing segment 6 (vno[0] = 94399)
erasing segment 7 (vno[0] = 95383)
erasing segment 8 (vno[0] = 96285)
erasing segment 9 (vno[0] = 97249)
erasing segment 10 (vno[0] = 97970)
erasing segment 11 (vno[0] = 106918)
mri_label2vol --defects /out/sourcedata/freesurfer/sub-v1s2x0051480_ses-1/surf/rh.orig.nofix /out/sourcedata/freesurfer/sub-v1s2x0051480_ses-1/surf/rh.defect_labels /out/sourcedata/freesurfer/sub-v1s2x0051480_ses-1/mri/orig.mgz 2000 0 /out/sourcedata/freesurfer/sub-v1s2x0051480_ses-1/mri/rh.surface.defects.mgz /out/sourcedata/freesurfer/sub-v1s2x0051480_ses-1/label/rh.nofix.cortex.label
mri_label2vol supposed to be reproducible but seed not set
Contraining to label /out/sourcedata/freesurfer/sub-v1s2x0051480_ses-1/label/rh.nofix.cortex.label
Changing input type 0 to MRI_INT
Converting defects to volume: offset=2000, merge=0
Writing to /out/sourcedata/freesurfer/sub-v1s2x0051480_ses-1/mri/rh.surface.defects.mgz
mris_defects_pointset -s /out/sourcedata/freesurfer/sub-v1s2x0051480_ses-1/surf/rh.orig.nofix -d /out/sourcedata/freesurfer/sub-v1s2x0051480_ses-1/surf/rh.defect_labels -o /out/sourcedata/freesurfer/sub-v1s2x0051480_ses-1/surf/rh.defects.pointset --label /out/sourcedata/freesurfer/sub-v1s2x0051480_ses-1/label/rh.nofix.cortex.label
Reading in surface /out/sourcedata/freesurfer/sub-v1s2x0051480_ses-1/surf/rh.orig.nofix
Reading in defect segmentation /out/sourcedata/freesurfer/sub-v1s2x0051480_ses-1/surf/rh.defect_labels
Reading in label /out/sourcedata/freesurfer/sub-v1s2x0051480_ses-1/label/rh.nofix.cortex.label
#VMPC# mris_defects_pointset 1622088
mris_defects_pointset done
 
Started at Tue Mar 10 00:35:21 CET 2026 
Ended   at Tue Mar 10 00:35:36 CET 2026
Defect2seg-Run-Time-Sec 15
Defect2seg-Run-Time-Min 0.30
Defect2seg-Run-Time-Hours 0.00
 
tkmeditfv sub-v1s2x0051480_ses-1 brain.finalsurfs.mgz -defect
defect2seg Done

 mris_remesh --remesh --iters 3 --input /out/sourcedata/freesurfer/sub-v1s2x0051480_ses-1/surf/rh.orig.premesh --output /out/sourcedata/freesurfer/sub-v1s2x0051480_ses-1/surf/rh.orig 

iters = 3
standard remeshing without target
   adjusted l: 0.710003
remeshing to edge length 0.710003 with 3 iterations

avg qual before   : 0.891897  after: 0.97118

Removing intersections
Remeshed surface quality stats nv0 = 127521  nv = 133382  1.04596
Area    266760  0.30184  0.03365 0.073156   0.4621
Corner  800280 60.00000  8.80748 16.561287 145.7912
Edge    400140  0.84286  0.08221 0.423295   1.3037
Hinge   400140  9.43201  9.78016 0.000007 127.2628
mris_remesh done
/out/sourcedata/freesurfer/sub-v1s2x0051480_ses-1/scripts

 mris_remove_intersection ../surf/rh.orig ../surf/rh.orig 

intersection removal took 0.00 hours
writing corrected surface to ../surf/rh.orig

 rm -f ../surf/rh.inflated 

#--------------------------------------------
#@# AutoDetGWStats rh Tue Mar 10 00:36:24 CET 2026
cd /out/sourcedata/freesurfer/sub-v1s2x0051480_ses-1/mri
mris_autodet_gwstats --o ../surf/autodet.gw.stats.rh.dat --i brain.finalsurfs.mgz --wm wm.mgz --surf ../surf/rh.orig.premesh
7.3.2

cd /out/sourcedata/freesurfer/sub-v1s2x0051480_ses-1/mri
setenv SUBJECTS_DIR /out/sourcedata/freesurfer
mris_autodet_gwstats --o ../surf/autodet.gw.stats.rh.dat --i brain.finalsurfs.mgz --wm wm.mgz --surf ../surf/rh.orig.premesh 

border white:    242228 voxels (1.44%)
border gray      264200 voxels (1.57%)
Reading in intensity volume brain.finalsurfs.mgz
Reading in wm volume wm.mgz
Reading in surf ../surf/rh.orig.premesh
Auto detecting stats
MRIclipBrightWM(): nthresh=21943, wmmin=5, clip=110 
Binarizing thresholding at 5
computing class statistics... low=30, hi=110.000000
CCS WM (102.0): 101.6 +- 6.6 [70.0 --> 110.0]
CCS GM (82.0) : 80.8 +- 9.7 [30.0 --> 110.0]
white_mean = 101.597 +/- 6.64454, gray_mean = 80.7977 +/- 9.70624
using class modes intead of means, discounting robust sigmas....
MRIScomputeClassModes(): min=0 max=213 nbins=214
intensity peaks found at WM=106+-4.3,    GM=76+-7.8
white_mode = 106, gray_mode = 76
std_scale = 1
Applying sanity checks, max_scale_down = 0.2
setting MIN_GRAY_AT_WHITE_BORDER to 66.3 (was 70.000000)
setting MAX_BORDER_WHITE to 112.6 (was 105.000000)
setting MIN_BORDER_WHITE to 76.0 (was 85.000000)
setting MAX_CSF to 56.6 (was 40.000000)
setting MAX_GRAY to 99.4 (was 95.000000)
setting MAX_GRAY_AT_CSF_BORDER to 66.3 (was 75.000000)
setting MIN_GRAY_AT_CSF_BORDER to 46.9 (was 40.000000)
When placing the white surface
  white_border_hi   = 112.645;
  white_border_low  = 76;
  white_outside_low = 66.2938;
  white_inside_hi   = 120;
  white_outside_hi  = 112.645;
When placing the pial surface
  pial_border_hi   = 66.2938;
  pial_border_low  = 46.8813;
  pial_outside_low = 10;
  pial_inside_hi   = 99.3555;
  pial_outside_hi  = 61.4406;
#VMPC# mris_autodet_gwstats VmPeak  1328016
mris_autodet_gwstats done
#--------------------------------------------
#@# WhitePreAparc rh Tue Mar 10 00:36:27 CET 2026
cd /out/sourcedata/freesurfer/sub-v1s2x0051480_ses-1/mri
mris_place_surface --adgws-in ../surf/autodet.gw.stats.rh.dat --wm wm.mgz --threads 16 --invol brain.finalsurfs.mgz --rh --i ../surf/rh.orig --o ../surf/rh.white.preaparc --white --seg aseg.presurf.mgz --nsmooth 5
7.3.2
7.3.2

cd /out/sourcedata/freesurfer/sub-v1s2x0051480_ses-1/mri
setenv SUBJECTS_DIR /out/sourcedata/freesurfer
mris_place_surface --adgws-in ../surf/autodet.gw.stats.rh.dat --wm wm.mgz --threads 16 --invol brain.finalsurfs.mgz --rh --i ../surf/rh.orig --o ../surf/rh.white.preaparc --white --seg aseg.presurf.mgz --nsmooth 5 

Reading in input surface ../surf/rh.orig
Smoothing surface before ripping with 5 iterations
Area    266760  0.26739  0.06192 0.000761   0.5491
Corner  800280 60.00000  9.43067 4.147307 165.2971
Edge    400140  0.78974  0.11226 0.048657   1.2598
Hinge   400140  6.32922  6.31297 0.000009 150.8368
Not reading in aparc
Reading in input volume brain.finalsurfs.mgz
Reading in wm volume wm.mgz
MRIclipBrightWM(): nthresh=21943, wmmin=5, clip=110 
MRIfindBrightNonWM(): 778 bright non-wm voxels segmented.
Masking bright non-wm for white surface
MRImask(): AllowDiffGeom = 1
MRImask(): AllowDiffGeom = 1
Reading in seg volume aseg.presurf.mgz
Ripping frozen voxels
INFO: rip surface needed but not specified, so using input surface
Freezing midline and others
Entering: MRISripMidline(): inhibiting deformation at non-cortical midline structures...
  which=1, fix_mtl=0, using annot = 0
#FML0# MRISripMidline(): nripped=0
#FML# MRISripMidline(): nmarked=6163, nmarked2=8, nripped=6163
Ripping segs (eg, WMSA, BG, frozen)
Starting MRISripSegs() d = (-2 2 0.5) segnos: 247 
MRISripSegs(): -2 2 0.5 ripped 0
vertex 66691: xyz = (10.0119,-18.2066,20.4427) oxyz = (10.0119,-18.2066,20.4427) wxzy = (10.0119,-18.2066,20.4427) pxyz = (0,0,0) 
CBVO Creating mask 133382
n_averages 4
Iteration 0 =========================================
n_averages=4, current_sigma=2
Freezing midline and others
Ripping frozen voxels
INFO: rip surface needed but not specified, so using input surface
Freezing midline and others
Entering: MRISripMidline(): inhibiting deformation at non-cortical midline structures...
  which=1, fix_mtl=0, using annot = 0
#FML0# MRISripMidline(): nripped=6163
#FML# MRISripMidline(): nmarked=6163, nmarked2=8, nripped=6163
Ripping segs (eg, WMSA, BG, frozen)
Starting MRISripSegs() d = (-2 2 0.5) segnos: 247 247 
MRISripSegs(): -2 2 0.5 ripped 0
Computing target border values 
Entering MRIScomputeBorderValues_new(): 
  inside_hi   = 120.0000000;
  border_hi   = 112.6445390;
  border_low  =  76.0000000;
  outside_low =  66.2937620;
  outside_hi  = 112.6445390;
  sigma = 2;
  max_thickness = 10;
  step_size=0.5;
  STEP_SIZE=0.1;
  which = 1
  thresh = 0
  flags = 0
  CBVfindFirstPeakD1=0
  CBVfindFirstPeakD2=0
  nvertices=133382
  Gdiag_no=-1
  vno start=0, stop=133382
Replacing 255s with 0s
#SI# sigma=2 had to be increased for 44 vertices, nripped=6163
mean border=87.3, 28 (28) missing vertices, mean dist 0.3 [0.6 (%36.6)->0.9 (%63.4))]
%74 local maxima, %21 large gradients and % 0 min vals, 0 gradients ignored
nFirstPeakD1 0
MRIScomputeBorderValues_new() finished in 0.0192 min


Finding expansion regions
mean absolute distance = 0.76 +- 0.93
5417 vertices more than 2 sigmas from mean.
Averaging target values for 5 iterations...
Positioning Surface: tspring = 0.3, nspring = 0.3, spring = 0, niters = 100 l_repulse = 5, l_surf_repulse = 0, checktol = 0
Positioning pial surface
Entering MRISpositionSurface()
  max_mm = 0.3
  MAX_REDUCTIONS = 2, REDUCTION_PCT = 0.5
  parms->check_tol = 0, niterations = 100
tol=1.0e-04, sigma=2.0, host=dna05, nav=4, nbrs=2, l_repulse=5.000, l_tspring=0.300, l_nspring=0.300, l_intensity=0.200, l_curv=1.000
mom=0.00, dt=0.50
complete_dist_mat 0
rms 0
smooth_averages 0
remove_neg 0
ico_order 0
which_surface 0
target_radius 0.000000
nfields 0
scale 0.000000
desired_rms_height 0.000000
momentum 0.000000
nbhd_size 0
max_nbrs 0
niterations 100
nsurfaces 0
SURFACES 3
flags 0 (0)
use curv 0
no sulc 0
no rigid align 0
mris->nsize 2
mris->hemisphere 1
randomSeed 0

000: dt: 0.0000, sse=2000428.4, rms=8.538
001: dt: 0.5000, sse=1073686.0, rms=6.050 (29.145%)
002: dt: 0.5000, sse=658199.8, rms=4.505 (25.545%)
003: dt: 0.5000, sse=457011.8, rms=3.515 (21.959%)
004: dt: 0.5000, sse=355991.8, rms=2.887 (17.868%)
005: dt: 0.5000, sse=305991.9, rms=2.516 (12.862%)
006: dt: 0.5000, sse=281509.4, rms=2.306 (8.361%)
007: dt: 0.5000, sse=270296.7, rms=2.199 (4.625%)
008: dt: 0.5000, sse=264901.8, rms=2.140 (2.657%)
rms = 2.1157/2.1405, sse=263112.9/264901.8, time step reduction 1 of 3 to 0.250  0 0 1
009: dt: 0.5000, sse=263112.9, rms=2.116 (1.158%)
010: dt: 0.2500, sse=188199.5, rms=1.207 (42.963%)
011: dt: 0.2500, sse=180914.9, rms=1.073 (11.121%)
rms = 1.0421/1.0725, sse=180014.3/180914.9, time step reduction 2 of 3 to 0.125  0 0 1
012: dt: 0.2500, sse=180014.3, rms=1.042 (2.840%)
rms = 1.0208/1.0421, sse=178462.5/180014.3, time step reduction 3 of 3 to 0.062  0 0 1
013: dt: 0.1250, sse=178462.5, rms=1.021 (2.039%)
  maximum number of reductions reached, breaking from loop
positioning took 1.2 minutes
Iteration 1 =========================================
n_averages=2, current_sigma=1
Freezing midline and others
Ripping frozen voxels
INFO: rip surface needed but not specified, so using input surface
Freezing midline and others
Entering: MRISripMidline(): inhibiting deformation at non-cortical midline structures...
  which=1, fix_mtl=0, using annot = 0
#FML0# MRISripMidline(): nripped=6163
removing 4 vertices from ripped group in thread:0
removing 3 vertices from ripped group in thread:0
removing 3 vertices from ripped group in thread:0
#FML# MRISripMidline(): nmarked=6282, nmarked2=53, nripped=6282
Ripping segs (eg, WMSA, BG, frozen)
Starting MRISripSegs() d = (-2 2 0.5) segnos: 247 247 247 
MRISripSegs(): -2 2 0.5 ripped 0
Computing target border values 
Entering MRIScomputeBorderValues_new(): 
  inside_hi   = 120.0000000;
  border_hi   = 112.6445390;
  border_low  =  76.0000000;
  outside_low =  66.2937620;
  outside_hi  = 112.6445390;
  sigma = 1;
  max_thickness = 10;
  step_size=0.5;
  STEP_SIZE=0.1;
  which = 1
  thresh = 0
  flags = 0
  CBVfindFirstPeakD1=0
  CBVfindFirstPeakD2=0
  nvertices=133382
  Gdiag_no=-1
  vno start=0, stop=133382
Replacing 255s with 0s
#SI# sigma=1 had to be increased for 73 vertices, nripped=6282
mean border=89.6, 20 (10) missing vertices, mean dist -0.2 [0.4 (%71.0)->0.3 (%29.0))]
%81 local maxima, %14 large gradients and % 0 min vals, 0 gradients ignored
nFirstPeakD1 0
MRIScomputeBorderValues_new() finished in 0.0146 min


Finding expansion regions
mean absolute distance = 0.40 +- 0.64
3615 vertices more than 2 sigmas from mean.
Averaging target values for 5 iterations...
Positioning Surface: tspring = 0.3, nspring = 0.3, spring = 0, niters = 100 l_repulse = 5, l_surf_repulse = 0, checktol = 0
Positioning pial surface
Entering MRISpositionSurface()
  max_mm = 0.3
  MAX_REDUCTIONS = 2, REDUCTION_PCT = 0.5
  parms->check_tol = 0, niterations = 100
tol=1.0e-04, sigma=1.0, host=dna05, nav=2, nbrs=2, l_repulse=5.000, l_tspring=0.300, l_nspring=0.300, l_intensity=0.200, l_curv=1.000
mom=0.00, dt=0.50
000: dt: 0.0000, sse=607682.2, rms=4.020
014: dt: 0.5000, sse=360536.5, rms=2.536 (36.910%)
015: dt: 0.5000, sse=302617.2, rms=2.060 (18.773%)
016: dt: 0.5000, sse=278259.8, rms=1.807 (12.286%)
rms = 1.7642/1.8071, sse=275193.3/278259.8, time step reduction 1 of 3 to 0.250  0 0 1
017: dt: 0.5000, sse=275193.3, rms=1.764 (2.369%)
018: dt: 0.2500, sse=225836.3, rms=1.066 (39.565%)
019: dt: 0.2500, sse=218717.5, rms=0.942 (11.680%)
rms = 0.9036/0.9417, sse=217472.0/218717.5, time step reduction 2 of 3 to 0.125  0 0 1
020: dt: 0.2500, sse=217472.0, rms=0.904 (4.042%)
rms = 0.8851/0.9036, sse=216387.5/217472.0, time step reduction 3 of 3 to 0.062  0 0 1
021: dt: 0.1250, sse=216387.5, rms=0.885 (2.054%)
  maximum number of reductions reached, breaking from loop
positioning took 0.7 minutes
Iteration 2 =========================================
n_averages=1, current_sigma=0.5
Freezing midline and others
Ripping frozen voxels
INFO: rip surface needed but not specified, so using input surface
Freezing midline and others
Entering: MRISripMidline(): inhibiting deformation at non-cortical midline structures...
  which=1, fix_mtl=0, using annot = 0
#FML0# MRISripMidline(): nripped=6282
removing 4 vertices from ripped group in thread:0
removing 4 vertices from ripped group in thread:0
#FML# MRISripMidline(): nmarked=6379, nmarked2=53, nripped=6379
Ripping segs (eg, WMSA, BG, frozen)
Starting MRISripSegs() d = (-2 2 0.5) segnos: 247 247 247 247 
MRISripSegs(): -2 2 0.5 ripped 0
Computing target border values 
Entering MRIScomputeBorderValues_new(): 
  inside_hi   = 120.0000000;
  border_hi   = 112.6445390;
  border_low  =  76.0000000;
  outside_low =  66.2937620;
  outside_hi  = 112.6445390;
  sigma = 0.5;
  max_thickness = 10;
  step_size=0.5;
  STEP_SIZE=0.1;
  which = 1
  thresh = 0
  flags = 0
  CBVfindFirstPeakD1=0
  CBVfindFirstPeakD2=0
  nvertices=133382
  Gdiag_no=-1
  vno start=0, stop=133382
Replacing 255s with 0s
#SI# sigma=0.5 had to be increased for 92 vertices, nripped=6379
mean border=91.5, 38 (10) missing vertices, mean dist -0.2 [0.3 (%72.8)->0.2 (%27.2))]
%89 local maxima, % 6 large gradients and % 0 min vals, 0 gradients ignored
nFirstPeakD1 0
MRIScomputeBorderValues_new() finished in 0.0058 min


Finding expansion regions
mean absolute distance = 0.29 +- 0.44
4337 vertices more than 2 sigmas from mean.
Averaging target values for 5 iterations...
Positioning Surface: tspring = 0.3, nspring = 0.3, spring = 0, niters = 100 l_repulse = 5, l_surf_repulse = 0, checktol = 0
Positioning pial surface
Entering MRISpositionSurface()
  max_mm = 0.3
  MAX_REDUCTIONS = 2, REDUCTION_PCT = 0.5
  parms->check_tol = 0, niterations = 100
tol=1.0e-04, sigma=0.5, host=dna05, nav=1, nbrs=2, l_repulse=5.000, l_tspring=0.300, l_nspring=0.300, l_intensity=0.200, l_curv=1.000
mom=0.00, dt=0.50
000: dt: 0.0000, sse=390184.2, rms=2.801
022: dt: 0.5000, sse=269954.3, rms=1.722 (38.527%)
023: dt: 0.5000, sse=254016.3, rms=1.539 (10.610%)
024: dt: 0.5000, sse=249419.4, rms=1.489 (3.258%)
rms = 1.6107/1.4891, sse=258511.0/249419.4, time step reduction 1 of 3 to 0.250  0 1 1
   RMS increased, rejecting step
025: dt: 0.2500, sse=220910.4, rms=1.044 (29.890%)
026: dt: 0.2500, sse=211731.5, rms=0.842 (19.321%)
rms = 0.8121/0.8423, sse=210920.5/211731.5, time step reduction 2 of 3 to 0.125  0 0 1
027: dt: 0.2500, sse=210920.5, rms=0.812 (3.587%)
rms = 0.7992/0.8121, sse=211680.6/210920.5, time step reduction 3 of 3 to 0.062  0 1 1
028: dt: 0.1250, sse=211680.6, rms=0.799 (1.580%)
  maximum number of reductions reached, breaking from loop
positioning took 0.7 minutes
Iteration 3 =========================================
n_averages=0, current_sigma=0.25
Freezing midline and others
Ripping frozen voxels
INFO: rip surface needed but not specified, so using input surface
Freezing midline and others
Entering: MRISripMidline(): inhibiting deformation at non-cortical midline structures...
  which=1, fix_mtl=0, using annot = 0
#FML0# MRISripMidline(): nripped=6379
removing 4 vertices from ripped group in thread:0
removing 3 vertices from ripped group in thread:0
removing 3 vertices from ripped group in thread:0
removing 4 vertices from ripped group in thread:0
#FML# MRISripMidline(): nmarked=6418, nmarked2=53, nripped=6418
Ripping segs (eg, WMSA, BG, frozen)
Starting MRISripSegs() d = (-2 2 0.5) segnos: 247 247 247 247 247 
MRISripSegs(): -2 2 0.5 ripped 0
Computing target border values 
Entering MRIScomputeBorderValues_new(): 
  inside_hi   = 120.0000000;
  border_hi   = 112.6445390;
  border_low  =  76.0000000;
  outside_low =  66.2937620;
  outside_hi  = 112.6445390;
  sigma = 0.25;
  max_thickness = 10;
  step_size=0.5;
  STEP_SIZE=0.1;
  which = 1
  thresh = 0
  flags = 0
  CBVfindFirstPeakD1=0
  CBVfindFirstPeakD2=0
  nvertices=133382
  Gdiag_no=-1
  vno start=0, stop=133382
Replacing 255s with 0s
#SI# sigma=0.25 had to be increased for 130 vertices, nripped=6418
mean border=92.1, 67 (9) missing vertices, mean dist -0.1 [0.2 (%59.0)->0.2 (%41.0))]
%91 local maxima, % 4 large gradients and % 0 min vals, 0 gradients ignored
nFirstPeakD1 0
MRIScomputeBorderValues_new() finished in 0.0037 min


Finding expansion regions
mean absolute distance = 0.23 +- 0.36
4342 vertices more than 2 sigmas from mean.
Averaging target values for 5 iterations...
Positioning Surface: tspring = 0.3, nspring = 0.3, spring = 0, niters = 100 l_repulse = 5, l_surf_repulse = 0, checktol = 0
Positioning pial surface
Entering MRISpositionSurface()
  max_mm = 0.3
  MAX_REDUCTIONS = 2, REDUCTION_PCT = 0.5
  parms->check_tol = 0, niterations = 100
tol=1.0e-04, sigma=0.2, host=dna05, nav=0, nbrs=2, l_repulse=5.000, l_tspring=0.300, l_nspring=0.300, l_intensity=0.200, l_curv=1.000
mom=0.00, dt=0.50
000: dt: 0.0000, sse=232898.8, rms=1.276
029: dt: 0.5000, sse=216116.5, rms=0.929 (27.162%)
rms = 1.0878/0.9291, sse=223070.4/216116.5, time step reduction 1 of 3 to 0.250  0 1 1
   RMS increased, rejecting step
030: dt: 0.2500, sse=206049.3, rms=0.725 (21.995%)
031: dt: 0.2500, sse=204712.8, rms=0.665 (8.179%)
rms = 0.6497/0.6655, sse=203608.1/204712.9, time step reduction 2 of 3 to 0.125  0 0 1
032: dt: 0.2500, sse=203608.1, rms=0.650 (2.367%)
rms = 0.6381/0.6497, sse=202488.7/203608.1, time step reduction 3 of 3 to 0.062  0 0 1
033: dt: 0.1250, sse=202488.7, rms=0.638 (1.785%)
  maximum number of reductions reached, breaking from loop
positioning took 0.5 minutes


Writing output to ../surf/rh.white.preaparc
#ET# mris_place_surface  3.15 minutes
#VMPC# mris_place_surfaces VmPeak  3067740
mris_place_surface done
#--------------------------------------------
#@# CortexLabel rh Tue Mar 10 00:39:44 CET 2026
cd /out/sourcedata/freesurfer/sub-v1s2x0051480_ses-1/mri
mri_label2label --label-cortex ../surf/rh.white.preaparc aseg.presurf.mgz 0 ../label/rh.cortex.label

 Generating cortex label... RemoveHipAmgy=0
 NucAccIsMedialWall=0
 mris->useRealRAS=0
4 non-cortical segments detected
only using segment with 7843 vertices
erasing segment 0 (vno[0] = 24237)
erasing segment 2 (vno[0] = 67968)
erasing segment 3 (vno[0] = 80543)
#--------------------------------------------
#@# CortexLabel+HipAmyg rh Tue Mar 10 00:39:58 CET 2026
cd /out/sourcedata/freesurfer/sub-v1s2x0051480_ses-1/mri
mri_label2label --label-cortex ../surf/rh.white.preaparc aseg.presurf.mgz 1 ../label/rh.cortex+hipamyg.label

 Generating cortex label... RemoveHipAmgy=1
 NucAccIsMedialWall=0
 mris->useRealRAS=0
11 non-cortical segments detected
only using segment with 5640 vertices
erasing segment 0 (vno[0] = 24237)
erasing segment 2 (vno[0] = 44478)
erasing segment 3 (vno[0] = 44506)
erasing segment 4 (vno[0] = 49403)
erasing segment 5 (vno[0] = 53793)
erasing segment 6 (vno[0] = 57360)
erasing segment 7 (vno[0] = 58206)
erasing segment 8 (vno[0] = 60967)
erasing segment 9 (vno[0] = 67968)
erasing segment 10 (vno[0] = 80543)
#--------------------------------------------
#@# Smooth2 rh Tue Mar 10 00:40:13 CET 2026
/out/sourcedata/freesurfer/sub-v1s2x0051480_ses-1/scripts

 mris_smooth -n 3 -nw -seed 1234 ../surf/rh.white.preaparc ../surf/rh.smoothwm 

smoothing for 3 iterations
setting seed for random number generator to 1234
smoothing surface tessellation for 3 iterations...
smoothing complete - recomputing first and second fundamental forms...
#--------------------------------------------
#@# Inflation2 rh Tue Mar 10 00:40:16 CET 2026
/out/sourcedata/freesurfer/sub-v1s2x0051480_ses-1/scripts

 mris_inflate ../surf/rh.smoothwm ../surf/rh.inflated 

Reading ../surf/rh.smoothwm
avg radius = 45.2 mm, total surface area = 80184 mm^2
step 000: RMS=0.166 (target=0.015)   step 005: RMS=0.111 (target=0.015)   step 010: RMS=0.082 (target=0.015)   step 015: RMS=0.069 (target=0.015)   step 020: RMS=0.057 (target=0.015)   step 025: RMS=0.047 (target=0.015)   step 030: RMS=0.039 (target=0.015)   step 035: RMS=0.033 (target=0.015)   step 040: RMS=0.029 (target=0.015)   step 045: RMS=0.025 (target=0.015)   step 050: RMS=0.022 (target=0.015)   step 055: RMS=0.021 (target=0.015)   step 060: RMS=0.019 (target=0.015)   writing inflated surface to ../surf/rh.inflated
writing sulcal depths to ../surf/rh.sulc

inflation complete.
inflation took 0.3 minutes
mris_inflate utimesec    82.334604
mris_inflate stimesec    0.988744
mris_inflate ru_maxrss   205616
mris_inflate ru_ixrss    0
mris_inflate ru_idrss    0
mris_inflate ru_isrss    0
mris_inflate ru_minflt   148376
mris_inflate ru_majflt   4
mris_inflate ru_nswap    0
mris_inflate ru_inblock  0
mris_inflate ru_oublock  10432
mris_inflate ru_msgsnd   0
mris_inflate ru_msgrcv   0
mris_inflate ru_nsignals 0
mris_inflate ru_nvcsw    20699
mris_inflate ru_nivcsw   622
#--------------------------------------------
#@# Curv .H and .K rh Tue Mar 10 00:40:33 CET 2026
/out/sourcedata/freesurfer/sub-v1s2x0051480_ses-1/surf

 mris_curvature -w -seed 1234 rh.white.preaparc 

setting seed for random number generator to 1234
total integrated curvature = 22.033*4pi (276.881) --> -21 handles
ICI = 134.6, FI = 1381.9, variation=21493.475
writing Gaussian curvature to ./rh.white.preaparc.K...done.
writing mean curvature to ./rh.white.preaparc.H...done.
rm -f rh.white.H
ln -s rh.white.preaparc.H rh.white.H
rm -f rh.white.K
ln -s rh.white.preaparc.K rh.white.K

 mris_curvature -seed 1234 -thresh .999 -n -a 5 -w -distances 10 10 rh.inflated 

setting seed for random number generator to 1234
normalizing curvature values.
averaging curvature patterns 5 times.
sampling 10 neighbors out to a distance of 10 mm
146 vertices thresholded to be in k1 ~ [-1.09 0.44], k2 ~ [-0.18 0.14]
total integrated curvature = 0.610*4pi (7.670) --> 0 handles
ICI = 1.6, FI = 10.2, variation=171.565
139 vertices thresholded to be in [-0.05 0.02]
writing Gaussian curvature to ./rh.inflated.K...thresholding curvature at 99.90% level
curvature mean = 0.000, std = 0.001
103 vertices thresholded to be in [-0.33 0.19]
done.
writing mean curvature to ./rh.inflated.H...curvature mean = -0.016, std = 0.025
done.
#--------------------------------------------
#@# Sphere rh Tue Mar 10 00:41:19 CET 2026
/out/sourcedata/freesurfer/sub-v1s2x0051480_ses-1/scripts

 mris_sphere -seed 1234 ../surf/rh.inflated ../surf/rh.sphere 

setting seed for random number genererator to 1234
version: 7.3.2
available threads: 16
reading original vertex positions...
projecting onto sphere...
surface projected - minimizing metric distortion...
scaling brain by 0.289...
MRISunfold() max_passes = 1 -------
tol=5.0e-01, sigma=0.0, host=dna05, nav=1024, nbrs=2, l_area=1.000, l_dist=1.000
using quadratic fit line minimization
complete_dist_mat 0
rms 0
smooth_averages 0
remove_neg 0
ico_order 0
which_surface 0
target_radius 0.000000
nfields 0
scale 1.000000
desired_rms_height -1.000000
momentum 0.900000
nbhd_size 7
max_nbrs 8
niterations 25
nsurfaces 0
SURFACES 3
flags 0 (0)
use curv 0
no sulc 0
no rigid align 0
mris->nsize 2
mris->hemisphere 1
randomSeed 1234

singular matrix in quadratic form
singular matrix in quadratic form
singular matrix in quadratic form
singular matrix in quadratic form
singular matrix in quadratic form
singular matrix in quadratic form
--------------------
  mrisRemoveNegativeArea()
pass 1: epoch 1 of 3 starting distance error %19.19
pass 1: epoch 2 of 3 starting distance error %19.13
unfolding complete - removing small folds...
starting distance error %19.10
removing remaining folds...
final distance error %19.10
MRISunfold() return, current seed 1234
-01: dt=0.0000, 141 negative triangles  VmPeak 1910600
128: dt=0.9900, 141 negative triangles
129: dt=0.9900, 108 negative triangles
130: dt=0.9900,  95 negative triangles
131: dt=0.9900,  84 negative triangles
132: dt=0.9900,  84 negative triangles
133: dt=0.9900,  82 negative triangles
134: dt=0.9900,  78 negative triangles
135: dt=0.9900,  83 negative triangles
136: dt=0.9900,  80 negative triangles
137: dt=0.9900,  71 negative triangles
138: dt=0.9900,  78 negative triangles
139: dt=0.9900,  68 negative triangles
140: dt=0.9900,  72 negative triangles
141: dt=0.9900,  73 negative triangles
142: dt=0.9900,  69 negative triangles
143: dt=0.9900,  74 negative triangles
144: dt=0.9900,  65 negative triangles
145: dt=0.9900,  63 negative triangles
146: dt=0.9900,  72 negative triangles
147: dt=0.9900,  66 negative triangles
148: dt=0.9900,  65 negative triangles
149: dt=0.9900,  62 negative triangles
150: dt=0.9900,  67 negative triangles
151: dt=0.9900,  67 negative triangles
152: dt=0.9900,  64 negative triangles
153: dt=0.9900,  64 negative triangles
154: dt=0.9900,  70 negative triangles
155: dt=0.9900,  70 negative triangles
156: dt=0.9900,  67 negative triangles
157: dt=0.9900,  66 negative triangles
158: dt=0.9900,  65 negative triangles
159: dt=0.9405,  66 negative triangles
160: dt=0.9405,  67 negative triangles
161: dt=0.9405,  66 negative triangles
162: dt=0.9405,  64 negative triangles
163: dt=0.9405,  66 negative triangles
164: dt=0.9405,  67 negative triangles
165: dt=0.9405,  66 negative triangles
166: dt=0.9405,  66 negative triangles
167: dt=0.9405,  66 negative triangles
168: dt=0.9405,  66 negative triangles
169: dt=0.8935,  63 negative triangles
170: dt=0.8935,  64 negative triangles
171: dt=0.8935,  63 negative triangles
172: dt=0.8935,  67 negative triangles
173: dt=0.8935,  64 negative triangles
174: dt=0.8935,  64 negative triangles
175: dt=0.8935,  63 negative triangles
176: dt=0.8935,  62 negative triangles
177: dt=0.8935,  64 negative triangles
178: dt=0.8935,  64 negative triangles
179: dt=0.8488,  62 negative triangles
180: dt=0.8488,  63 negative triangles
181: dt=0.8488,  62 negative triangles
182: dt=0.8488,  62 negative triangles
183: dt=0.8488,  63 negative triangles
184: dt=0.8488,  61 negative triangles
185: dt=0.8488,  61 negative triangles
186: dt=0.8488,  64 negative triangles
187: dt=0.8488,  63 negative triangles
188: dt=0.8488,  61 negative triangles
189: dt=0.8488,  62 negative triangles
190: dt=0.8488,  65 negative triangles
191: dt=0.8488,  65 negative triangles
192: dt=0.8488,  66 negative triangles
193: dt=0.8488,  64 negative triangles
194: dt=0.8064,  64 negative triangles
195: dt=0.8064,  61 negative triangles
196: dt=0.8064,  61 negative triangles
197: dt=0.8064,  63 negative triangles
198: dt=0.8064,  60 negative triangles
199: dt=0.8064,  61 negative triangles
200: dt=0.8064,  61 negative triangles
201: dt=0.8064,  61 negative triangles
202: dt=0.8064,  60 negative triangles
203: dt=0.8064,  60 negative triangles
204: dt=0.8064,  60 negative triangles
205: dt=0.8064,  61 negative triangles
206: dt=0.8064,  60 negative triangles
207: dt=0.8064,  59 negative triangles
208: dt=0.8064,  58 negative triangles
209: dt=0.8064,  60 negative triangles
210: dt=0.8064,  58 negative triangles
211: dt=0.8064,  58 negative triangles
212: dt=0.8064,  60 negative triangles
213: dt=0.8064,  62 negative triangles
214: dt=0.8064,  60 negative triangles
215: dt=0.8064,  60 negative triangles
216: dt=0.8064,  62 negative triangles
217: dt=0.8064,  62 negative triangles
218: dt=0.7660,  64 negative triangles
219: dt=0.7660,  62 negative triangles
220: dt=0.7660,  63 negative triangles
221: dt=0.7660,  58 negative triangles
222: dt=0.7660,  60 negative triangles
223: dt=0.7660,  59 negative triangles
224: dt=0.7660,  57 negative triangles
225: dt=0.7660,  59 negative triangles
226: dt=0.7660,  62 negative triangles
227: dt=0.7660,  60 negative triangles
228: dt=0.7660,  58 negative triangles
229: dt=0.7660,  60 negative triangles
230: dt=0.7660,  59 negative triangles
231: dt=0.7660,  60 negative triangles
232: dt=0.7660,  62 negative triangles
233: dt=0.7660,  60 negative triangles
234: dt=0.7277,  57 negative triangles
235: dt=0.7277,  59 negative triangles
236: dt=0.7277,  63 negative triangles
237: dt=0.7277,  56 negative triangles
238: dt=0.7277,  62 negative triangles
239: dt=0.7277,  57 negative triangles
240: dt=0.7277,  64 negative triangles
241: dt=0.7277,  64 negative triangles
242: dt=0.7277,  63 negative triangles
243: dt=0.7277,  61 negative triangles
244: dt=0.7277,  61 negative triangles
245: dt=0.7277,  63 negative triangles
246: dt=0.7277,  64 negative triangles
247: dt=0.6914,  63 negative triangles
248: dt=0.6914,  61 negative triangles
249: dt=0.6914,  56 negative triangles
250: dt=0.6914,  61 negative triangles
251: dt=0.6914,  58 negative triangles
252: dt=0.6914,  56 negative triangles
253: dt=0.6914,  61 negative triangles
254: dt=0.6914,  60 negative triangles
255: dt=0.6914,  62 negative triangles
256: dt=0.6914,  59 negative triangles
257: dt=0.6568,  61 negative triangles
258: dt=0.6568,  61 negative triangles
259: dt=0.6568,  62 negative triangles
260: dt=0.6568,  61 negative triangles
261: dt=0.6568,  63 negative triangles
262: dt=0.6568,  63 negative triangles
263: dt=0.6568,  60 negative triangles
264: dt=0.6568,  60 negative triangles
265: dt=0.6568,  62 negative triangles
266: dt=0.6568,  60 negative triangles
267: dt=0.6239,  59 negative triangles
268: dt=0.6239,  60 negative triangles
269: dt=0.6239,  61 negative triangles
270: dt=0.6239,  62 negative triangles
271: dt=0.6239,  62 negative triangles
272: dt=0.6239,  61 negative triangles
273: dt=0.6239,  62 negative triangles
274: dt=0.6239,  62 negative triangles
275: dt=0.6239,  63 negative triangles
276: dt=0.6239,  64 negative triangles
277: dt=0.5927,  61 negative triangles
278: dt=0.5927,  57 negative triangles
279: dt=0.5927,  56 negative triangles
280: dt=0.5927,  58 negative triangles
281: dt=0.5927,  56 negative triangles
282: dt=0.5927,  56 negative triangles
283: dt=0.5927,  58 negative triangles
284: dt=0.5927,  56 negative triangles
285: dt=0.5927,  58 negative triangles
286: dt=0.5927,  60 negative triangles
287: dt=0.5631,  59 negative triangles
expanding nbhd size to 1
288: dt=0.9900,  60 negative triangles
289: dt=0.9900,  59 negative triangles
290: dt=0.9900,  54 negative triangles
291: dt=0.9900,  47 negative triangles
292: dt=0.9900,  43 negative triangles
293: dt=0.9900,  42 negative triangles
294: dt=0.9900,  42 negative triangles
295: dt=0.9900,  40 negative triangles
296: dt=0.9900,  42 negative triangles
297: dt=0.9900,  39 negative triangles
298: dt=0.9900,  40 negative triangles
299: dt=0.9900,  43 negative triangles
300: dt=0.9900,  42 negative triangles
301: dt=0.9900,  42 negative triangles
302: dt=0.9900,  42 negative triangles
303: dt=0.9900,  43 negative triangles
304: dt=0.9900,  42 negative triangles
305: dt=0.9900,  43 negative triangles
306: dt=0.9900,  39 negative triangles
307: dt=0.9405,  39 negative triangles
308: dt=0.9405,  39 negative triangles
309: dt=0.9405,  38 negative triangles
310: dt=0.9405,  39 negative triangles
311: dt=0.9405,  42 negative triangles
312: dt=0.9405,  39 negative triangles
313: dt=0.9405,  37 negative triangles
314: dt=0.9405,  37 negative triangles
315: dt=0.9405,  37 negative triangles
316: dt=0.9405,  37 negative triangles
317: dt=0.9405,  38 negative triangles
318: dt=0.9405,  38 negative triangles
319: dt=0.9405,  37 negative triangles
320: dt=0.9405,  37 negative triangles
321: dt=0.9405,  35 negative triangles
322: dt=0.9405,  35 negative triangles
323: dt=0.9405,  35 negative triangles
324: dt=0.9405,  36 negative triangles
325: dt=0.9405,  37 negative triangles
326: dt=0.9405,  37 negative triangles
327: dt=0.9405,  35 negative triangles
328: dt=0.9405,  35 negative triangles
329: dt=0.9405,  34 negative triangles
330: dt=0.9405,  34 negative triangles
331: dt=0.9405,  34 negative triangles
332: dt=0.9405,  35 negative triangles
333: dt=0.9405,  35 negative triangles
334: dt=0.9405,  35 negative triangles
335: dt=0.9405,  32 negative triangles
336: dt=0.9405,  32 negative triangles
337: dt=0.9405,  32 negative triangles
338: dt=0.9405,  32 negative triangles
339: dt=0.9405,  33 negative triangles
340: dt=0.9405,  32 negative triangles
341: dt=0.9405,  31 negative triangles
342: dt=0.9405,  31 negative triangles
343: dt=0.9405,  30 negative triangles
344: dt=0.9405,  30 negative triangles
345: dt=0.9405,  30 negative triangles
346: dt=0.9405,  30 negative triangles
347: dt=0.9405,  29 negative triangles
348: dt=0.9405,  28 negative triangles
349: dt=0.9405,  28 negative triangles
350: dt=0.9405,  28 negative triangles
351: dt=0.9405,  28 negative triangles
352: dt=0.9405,  29 negative triangles
353: dt=0.9405,  30 negative triangles
354: dt=0.9405,  30 negative triangles
355: dt=0.9405,  28 negative triangles
356: dt=0.9405,  28 negative triangles
357: dt=0.9405,  29 negative triangles
358: dt=0.8935,  30 negative triangles
359: dt=0.8935,  28 negative triangles
360: dt=0.8935,  28 negative triangles
361: dt=0.8935,  28 negative triangles
362: dt=0.8935,  28 negative triangles
363: dt=0.8935,  26 negative triangles
364: dt=0.8935,  26 negative triangles
365: dt=0.8935,  26 negative triangles
366: dt=0.8935,  28 negative triangles
367: dt=0.8935,  27 negative triangles
368: dt=0.8935,  25 negative triangles
369: dt=0.8935,  24 negative triangles
370: dt=0.8935,  24 negative triangles
371: dt=0.8935,  24 negative triangles
372: dt=0.8935,  24 negative triangles
373: dt=0.8935,  24 negative triangles
374: dt=0.8935,  23 negative triangles
375: dt=0.8935,  24 negative triangles
376: dt=0.8935,  22 negative triangles
377: dt=0.8935,  22 negative triangles
378: dt=0.8935,  24 negative triangles
379: dt=0.8935,  21 negative triangles
380: dt=0.8935,  21 negative triangles
381: dt=0.8935,  21 negative triangles
382: dt=0.8935,  21 negative triangles
383: dt=0.8935,  21 negative triangles
384: dt=0.8935,  21 negative triangles
385: dt=0.8935,  21 negative triangles
386: dt=0.8935,  22 negative triangles
387: dt=0.8935,  21 negative triangles
388: dt=0.8935,  21 negative triangles
389: dt=0.8935,  20 negative triangles
390: dt=0.8935,  20 negative triangles
391: dt=0.8935,  20 negative triangles
392: dt=0.8935,  20 negative triangles
393: dt=0.8935,  19 negative triangles
394: dt=0.8935,  19 negative triangles
395: dt=0.8935,  19 negative triangles
396: dt=0.8935,  19 negative triangles
397: dt=0.8935,  19 negative triangles
398: dt=0.8935,  18 negative triangles
399: dt=0.8935,  18 negative triangles
400: dt=0.8935,  18 negative triangles
401: dt=0.8935,  18 negative triangles
402: dt=0.8935,  17 negative triangles
403: dt=0.8935,  17 negative triangles
404: dt=0.8935,  17 negative triangles
405: dt=0.8935,  17 negative triangles
406: dt=0.8935,  18 negative triangles
407: dt=0.8935,  15 negative triangles
408: dt=0.8935,  15 negative triangles
409: dt=0.8935,  14 negative triangles
410: dt=0.8935,  11 negative triangles
411: dt=0.8935,  10 negative triangles
412: dt=0.8935,  10 negative triangles
413: dt=0.8935,  10 negative triangles
414: dt=0.8935,  10 negative triangles
415: dt=0.8935,  11 negative triangles
416: dt=0.8935,  11 negative triangles
417: dt=0.8935,  11 negative triangles
418: dt=0.8935,   9 negative triangles
419: dt=0.8935,   9 negative triangles
420: dt=0.8935,   9 negative triangles
421: dt=0.8935,   9 negative triangles
422: dt=0.8935,   9 negative triangles
423: dt=0.8935,   9 negative triangles
424: dt=0.8935,   9 negative triangles
425: dt=0.8935,   8 negative triangles
426: dt=0.8935,   9 negative triangles
427: dt=0.8935,   8 negative triangles
428: dt=0.8935,   8 negative triangles
429: dt=0.8935,   7 negative triangles
430: dt=0.8935,   7 negative triangles
431: dt=0.8935,   7 negative triangles
432: dt=0.8935,   7 negative triangles
433: dt=0.8935,   7 negative triangles
434: dt=0.8935,   7 negative triangles
435: dt=0.8935,   7 negative triangles
436: dt=0.8935,   6 negative triangles
437: dt=0.8935,   6 negative triangles
438: dt=0.8935,   6 negative triangles
439: dt=0.8935,   5 negative triangles
440: dt=0.8935,   4 negative triangles
441: dt=0.8935,   3 negative triangles
442: dt=0.8935,   3 negative triangles
443: dt=0.8935,   3 negative triangles
444: dt=0.8935,   3 negative triangles
445: dt=0.8935,   3 negative triangles
446: dt=0.8935,   3 negative triangles
447: dt=0.8935,   3 negative triangles
448: dt=0.8935,   3 negative triangles
449: dt=0.8935,   3 negative triangles
450: dt=0.8935,   3 negative triangles
451: dt=0.8488,   3 negative triangles
452: dt=0.8488,   3 negative triangles
453: dt=0.8488,   2 negative triangles
454: dt=0.8488,   2 negative triangles
455: dt=0.8488,   2 negative triangles
456: dt=0.8488,   3 negative triangles
457: dt=0.8488,   2 negative triangles
458: dt=0.8488,   2 negative triangles
459: dt=0.8488,   2 negative triangles
460: dt=0.8488,   2 negative triangles
461: dt=0.8488,   1 negative triangles
462: dt=0.8488,   1 negative triangles
463: dt=0.8488,   1 negative triangles
464: dt=0.8488,   1 negative triangles
465: dt=0.8488,   1 negative triangles
466: dt=0.8488,   1 negative triangles
467: dt=0.8488,   1 negative triangles
468: dt=0.8488,   1 negative triangles
469: dt=0.8488,   1 negative triangles
470: dt=0.8488,   1 negative triangles
471: dt=0.8064,   1 negative triangles
472: dt=0.8064,   1 negative triangles
473: dt=0.8064,   1 negative triangles
474: dt=0.8064,   1 negative triangles
475: dt=0.8064,   1 negative triangles
476: dt=0.8064,   1 negative triangles
477: dt=0.8064,   1 negative triangles
writing spherical brain to ../surf/rh.sphere
spherical transformation took 0.0794 hours
FSRUNTIME@ mris_sphere  0.0794 hours 16 threads
#VMPC# mris_sphere VmPeak  1910600
mris_sphere done
#--------------------------------------------
#@# Surf Reg rh Tue Mar 10 00:46:05 CET 2026
/out/sourcedata/freesurfer/sub-v1s2x0051480_ses-1/scripts

 mris_register -curv ../surf/rh.sphere /opt/freesurfer/average/rh.folding.atlas.acfb40.noaparc.i12.2016-08-02.tif ../surf/rh.sphere.reg 

using smoothwm curvature for final alignment

cwd /out/sourcedata/freesurfer/sub-v1s2x0051480_ses-1/scripts
cmdline mris_register -curv ../surf/rh.sphere /opt/freesurfer/average/rh.folding.atlas.acfb40.noaparc.i12.2016-08-02.tif ../surf/rh.sphere.reg 

0 inflated.H
1 sulc
2 smoothwm (computed)
7.3.2
  7.3.2
reading surface from ../surf/rh.sphere...
reading template parameterization from /opt/freesurfer/average/rh.folding.atlas.acfb40.noaparc.i12.2016-08-02.tif...
MRISregister() -------
max_passes = 4 
min_degrees = 0.500000 
max_degrees = 64.000000 
nangles = 8 
tol=5.0e-01, sigma=0.0, host=dna05, nav=1024, nbrs=1, l_extern=10000.000, l_parea=0.200, l_nlarea=1.000, l_corr=1.000, l_dist=5.000
using quadratic fit line minimization
complete_dist_mat 0
rms 0
smooth_averages 0
remove_neg 0
ico_order 0
which_surface 0
target_radius 0.000000
nfields 0
scale 0.000000
desired_rms_height -1.000000
momentum 0.950000
nbhd_size -10
max_nbrs 10
niterations 25
nsurfaces 0
SURFACES 3
flags 16 (10)
use curv 16
no sulc 0
no rigid align 0
mris->nsize 1
mris->hemisphere 1
randomSeed 0

tol=5.0e-01, sigma=0.0, host=dna05, nav=1024, nbrs=1, l_extern=10000.000, l_parea=0.200, l_nlarea=1.000, l_corr=1.000, l_dist=5.000
using quadratic fit line minimization
--------------------
1 Reading rh.sulc
tol=1.0e+00, sigma=0.5, host=dna05, nav=1024, nbrs=1, l_extern=10000.000, l_parea=0.200, l_nlarea=1.000, l_corr=0.050, l_spring=0.500, l_dist=5.000
using quadratic fit line minimization
curvature mean = 0.000, std = 5.572
curvature mean = 0.026, std = 0.815
curvature mean = 0.012, std = 0.866
Starting MRISrigidBodyAlignGlobal()
Starting new MRISrigidBodyAlignGlobal_findMinSSE()
  new MRISrigidBodyAlignGlobal_findMinSSE min @ (9.50, -8.50, 2.50) sse = 265725.1, elapsed since starting=0.1410 min
MRISrigidBodyAlignGlobal() done   0.14 min
curvature mean = -0.001, std = 0.834
curvature mean = 0.006, std = 0.951
curvature mean = -0.003, std = 0.844
curvature mean = 0.002, std = 0.981
curvature mean = -0.004, std = 0.845
curvature mean = 0.001, std = 0.993
2 Reading smoothwm
curvature mean = -0.016, std = 0.260
curvature mean = 0.037, std = 0.243
curvature mean = 0.047, std = 0.393
curvature mean = 0.036, std = 0.299
curvature mean = 0.021, std = 0.605
curvature mean = 0.035, std = 0.326
curvature mean = 0.010, std = 0.748
curvature mean = 0.035, std = 0.338
curvature mean = 0.003, std = 0.847
MRISregister() return, current seed 0
-01: dt=0.0000,  30 negative triangles  VmPeak 1595556
103: dt=0.9900,  30 negative triangles
expanding nbhd size to 1
104: dt=0.9900,  30 negative triangles
105: dt=0.9900,  28 negative triangles
106: dt=0.9900,  28 negative triangles
107: dt=0.9900,  26 negative triangles
108: dt=0.9900,  25 negative triangles
109: dt=0.9900,  24 negative triangles
110: dt=0.9900,  20 negative triangles
111: dt=0.9900,  19 negative triangles
112: dt=0.9900,  19 negative triangles
113: dt=0.9900,  18 negative triangles
114: dt=0.9900,  18 negative triangles
115: dt=0.9900,  18 negative triangles
116: dt=0.9900,  18 negative triangles
117: dt=0.9900,  18 negative triangles
118: dt=0.9900,  18 negative triangles
119: dt=0.9900,  17 negative triangles
120: dt=0.9900,  17 negative triangles
121: dt=0.9900,  17 negative triangles
122: dt=0.9900,  14 negative triangles
123: dt=0.9900,  14 negative triangles
124: dt=0.9900,  14 negative triangles
125: dt=0.9900,  14 negative triangles
126: dt=0.9900,  16 negative triangles
127: dt=0.9900,  14 negative triangles
128: dt=0.9900,  14 negative triangles
129: dt=0.9900,  12 negative triangles
130: dt=0.9900,  12 negative triangles
131: dt=0.9900,  12 negative triangles
132: dt=0.9900,  12 negative triangles
133: dt=0.9900,  12 negative triangles
134: dt=0.9900,  12 negative triangles
135: dt=0.9900,  12 negative triangles
136: dt=0.9900,  12 negative triangles
137: dt=0.9900,  12 negative triangles
138: dt=0.9900,  12 negative triangles
139: dt=0.9405,  12 negative triangles
140: dt=0.9405,  11 negative triangles
141: dt=0.9405,  10 negative triangles
142: dt=0.9405,   8 negative triangles
143: dt=0.9405,   9 negative triangles
144: dt=0.9405,   7 negative triangles
145: dt=0.9405,   7 negative triangles
146: dt=0.9405,   7 negative triangles
147: dt=0.9405,   7 negative triangles
148: dt=0.9405,   7 negative triangles
149: dt=0.9405,   6 negative triangles
150: dt=0.9405,   6 negative triangles
151: dt=0.9405,   5 negative triangles
152: dt=0.9405,   5 negative triangles
153: dt=0.9405,   5 negative triangles
154: dt=0.9405,   5 negative triangles
155: dt=0.9405,   5 negative triangles
156: dt=0.9405,   5 negative triangles
157: dt=0.9405,   5 negative triangles
158: dt=0.9405,   5 negative triangles
159: dt=0.9405,   5 negative triangles
160: dt=0.9405,   5 negative triangles
161: dt=0.8935,   6 negative triangles
162: dt=0.8935,   4 negative triangles
163: dt=0.8935,   3 negative triangles
164: dt=0.8935,   3 negative triangles
165: dt=0.8935,   3 negative triangles
166: dt=0.8935,   3 negative triangles
167: dt=0.8935,   3 negative triangles
168: dt=0.8935,   3 negative triangles
169: dt=0.8935,   2 negative triangles
170: dt=0.8935,   2 negative triangles
171: dt=0.8935,   2 negative triangles
172: dt=0.8935,   2 negative triangles
173: dt=0.8935,   2 negative triangles
174: dt=0.8935,   2 negative triangles
175: dt=0.8935,   2 negative triangles
176: dt=0.8935,   2 negative triangles
177: dt=0.8935,   2 negative triangles
178: dt=0.8935,   1 negative triangles
179: dt=0.8935,   1 negative triangles
writing registered surface to ../surf/rh.sphere.reg...
registration took 0.08 hours
#VMPC# mris_register VmPeak  1595556
FSRUNTIME@ mris_register  0.0762 hours 16 threads

 ln -sf rh.sphere.reg rh.fsaverage.sphere.reg 

#--------------------------------------------
#@# Jacobian white rh Tue Mar 10 00:50:39 CET 2026
/out/sourcedata/freesurfer/sub-v1s2x0051480_ses-1/scripts

 mris_jacobian ../surf/rh.white.preaparc ../surf/rh.sphere.reg ../surf/rh.jacobian_white 

reading surface from ../surf/rh.white.preaparc...
writing curvature file ../surf/rh.jacobian_white
#--------------------------------------------
#@# AvgCurv rh Tue Mar 10 00:50:40 CET 2026
/out/sourcedata/freesurfer/sub-v1s2x0051480_ses-1/scripts

 mrisp_paint -a 5 /opt/freesurfer/average/rh.folding.atlas.acfb40.noaparc.i12.2016-08-02.tif#6 ../surf/rh.sphere.reg ../surf/rh.avg_curv 

averaging curvature patterns 5 times...
reading surface from ../surf/rh.sphere.reg...
reading template parameterization from /opt/freesurfer/average/rh.folding.atlas.acfb40.noaparc.i12.2016-08-02.tif...
writing curvature file to ../surf/rh.avg_curv...
#-----------------------------------------
#@# Cortical Parc rh Tue Mar 10 00:50:41 CET 2026
/out/sourcedata/freesurfer/sub-v1s2x0051480_ses-1/scripts

 mris_ca_label -l ../label/rh.cortex.label -aseg ../mri/aseg.presurf.mgz -seed 1234 sub-v1s2x0051480_ses-1 rh ../surf/rh.sphere.reg /opt/freesurfer/average/rh.DKaparc.atlas.acfb40.noaparc.i12.2016-08-02.gcs ../label/rh.aparc.annot 

setting seed for random number generator to 1234
using ../mri/aseg.presurf.mgz aseg volume to correct midline
7.3.2
  7.3.2
reading atlas from /opt/freesurfer/average/rh.DKaparc.atlas.acfb40.noaparc.i12.2016-08-02.gcs...
reading color table from GCSA file....
average std = 0.7   using min determinant for regularization = 0.004
0 singular and 309 ill-conditioned covariance matrices regularized
input 0: MEAN CURVATURE, flags 0, avgs 5, name mean_curvature
labeling surface...
1159 labels changed using aseg
relabeling using gibbs priors...
000:   2719 changed, 133382 examined...
001:    592 changed, 11644 examined...
002:    138 changed, 3370 examined...
003:     40 changed, 882 examined...
004:     18 changed, 257 examined...
005:     10 changed, 117 examined...
006:      3 changed, 66 examined...
007:      0 changed, 16 examined...
159 labels changed using aseg
000: 81 total segments, 41 labels (219 vertices) changed
001: 41 total segments, 1 labels (1 vertices) changed
002: 40 total segments, 0 labels (0 vertices) changed
10 filter iterations complete (10 requested, 1 changed)
rationalizing unknown annotations with cortex label
relabeling unknown label...
relabeling corpuscallosum label...
1481 vertices marked for relabeling...
1481 labels changed in reclassification.
writing output to ../label/rh.aparc.annot...
classification took 0 minutes and 10 seconds.
#--------------------------------------------
#@# WhiteSurfs rh Tue Mar 10 00:50:50 CET 2026
cd /out/sourcedata/freesurfer/sub-v1s2x0051480_ses-1/mri
mris_place_surface --adgws-in ../surf/autodet.gw.stats.rh.dat --seg aseg.presurf.mgz --threads 16 --wm wm.mgz --invol brain.finalsurfs.mgz --rh --i ../surf/rh.white.preaparc --o ../surf/rh.white --white --nsmooth 0 --rip-label ../label/rh.cortex.label --rip-bg --rip-surf ../surf/rh.white.preaparc --aparc ../label/rh.aparc.annot
7.3.2
7.3.2

cd /out/sourcedata/freesurfer/sub-v1s2x0051480_ses-1/mri
setenv SUBJECTS_DIR /out/sourcedata/freesurfer
mris_place_surface --adgws-in ../surf/autodet.gw.stats.rh.dat --seg aseg.presurf.mgz --threads 16 --wm wm.mgz --invol brain.finalsurfs.mgz --rh --i ../surf/rh.white.preaparc --o ../surf/rh.white --white --nsmooth 0 --rip-label ../label/rh.cortex.label --rip-bg --rip-surf ../surf/rh.white.preaparc --aparc ../label/rh.aparc.annot 

Reading in input surface ../surf/rh.white.preaparc
Not smoothing input surface
Area    266760  0.32824  0.11157 0.000591   1.8772
Corner  800280 60.00000 13.47045 0.534423 178.3798
Edge    400140  0.88029  0.18763 0.020139   3.3178
Hinge   400140  9.43729 10.47088 0.000004 179.9347
Reading in aparc ../label/rh.aparc.annot
Reading in input volume brain.finalsurfs.mgz
Reading in wm volume wm.mgz
MRIclipBrightWM(): nthresh=21943, wmmin=5, clip=110 
MRIfindBrightNonWM(): 778 bright non-wm voxels segmented.
Masking bright non-wm for white surface
MRImask(): AllowDiffGeom = 1
MRImask(): AllowDiffGeom = 1
Reading in seg volume aseg.presurf.mgz
Ripping frozen voxels
Ripping vertices not in label ../label/rh.cortex.label
MRISripNotLabel() ripped 8043/133382 vertices (125339 unripped)
Reading in ripping surface ../surf/rh.white.preaparc
Reading in aparc ../label/rh.aparc.annot for ripsurf
Ripping BG
MRISripBasalGanglia(): 1 -2 2 0.5 ripped 304
Ripping segs (eg, WMSA, BG, frozen)
Starting MRISripSegs() d = (-2 2 0.5) segnos: 247 
MRISripSegs(): -2 2 0.5 ripped 0
vertex 66691: xyz = (10.0119,-18.2066,20.4427) oxyz = (10.0119,-18.2066,20.4427) wxzy = (10.0119,-18.2066,20.4427) pxyz = (0,0,0) 
CBVO Creating mask 133382
n_averages 4
Iteration 0 =========================================
n_averages=4, current_sigma=2
Computing target border values 
Entering MRIScomputeBorderValues_new(): 
  inside_hi   = 120.0000000;
  border_hi   = 112.6445390;
  border_low  =  76.0000000;
  outside_low =  66.2937620;
  outside_hi  = 112.6445390;
  sigma = 2;
  max_thickness = 10;
  step_size=0.5;
  STEP_SIZE=0.1;
  which = 1
  thresh = 0
  flags = 0
  CBVfindFirstPeakD1=0
  CBVfindFirstPeakD2=0
  nvertices=133382
  Gdiag_no=-1
  vno start=0, stop=133382
Replacing 255s with 0s
#SI# sigma=2 had to be increased for 84 vertices, nripped=8347
mean border=87.1, 40 (40) missing vertices, mean dist 0.4 [0.9 (%16.1)->0.6 (%83.9))]
%70 local maxima, %23 large gradients and % 0 min vals, 0 gradients ignored
nFirstPeakD1 0
MRIScomputeBorderValues_new() finished in 0.0134 min


Finding expansion regions
mean absolute distance = 0.69 +- 0.92
2618 vertices more than 2 sigmas from mean.
Averaging target values for 5 iterations...
Positioning Surface: tspring = 0.3, nspring = 0.3, spring = 0, niters = 100 l_repulse = 5, l_surf_repulse = 0, checktol = 0
Positioning pial surface
Entering MRISpositionSurface()
  max_mm = 0.3
  MAX_REDUCTIONS = 2, REDUCTION_PCT = 0.5
  parms->check_tol = 0, niterations = 100
tol=1.0e-04, sigma=2.0, host=dna05, nav=4, nbrs=2, l_repulse=5.000, l_tspring=0.300, l_nspring=0.300, l_intensity=0.200, l_curv=1.000
mom=0.00, dt=0.50
complete_dist_mat 0
rms 0
smooth_averages 0
remove_neg 0
ico_order 0
which_surface 0
target_radius 0.000000
nfields 0
scale 0.000000
desired_rms_height 0.000000
momentum 0.000000
nbhd_size 0
max_nbrs 0
niterations 100
nsurfaces 0
SURFACES 3
flags 0 (0)
use curv 0
no sulc 0
no rigid align 0
mris->nsize 2
mris->hemisphere 1
randomSeed 0

000: dt: 0.0000, sse=1334093.4, rms=6.771
001: dt: 0.5000, sse=575211.8, rms=3.969 (41.374%)
002: dt: 0.5000, sse=353710.2, rms=2.587 (34.828%)
003: dt: 0.5000, sse=285168.5, rms=2.036 (21.282%)
004: dt: 0.5000, sse=260080.9, rms=1.765 (13.324%)
rms = 1.7224/1.7651, sse=257156.3/260080.9, time step reduction 1 of 3 to 0.250  0 0 1
005: dt: 0.5000, sse=257156.3, rms=1.722 (2.418%)
006: dt: 0.2500, sse=219023.2, rms=1.169 (32.122%)
007: dt: 0.2500, sse=214130.6, rms=1.072 (8.310%)
rms = 1.0390/1.0720, sse=212876.1/214130.6, time step reduction 2 of 3 to 0.125  0 0 1
008: dt: 0.2500, sse=212876.1, rms=1.039 (3.077%)
rms = 1.0186/1.0390, sse=212025.0/212876.1, time step reduction 3 of 3 to 0.062  0 0 1
009: dt: 0.1250, sse=212025.0, rms=1.019 (1.959%)
  maximum number of reductions reached, breaking from loop
positioning took 0.8 minutes
Iteration 1 =========================================
n_averages=2, current_sigma=1
Computing target border values 
Entering MRIScomputeBorderValues_new(): 
  inside_hi   = 120.0000000;
  border_hi   = 112.6445390;
  border_low  =  76.0000000;
  outside_low =  66.2937620;
  outside_hi  = 112.6445390;
  sigma = 1;
  max_thickness = 10;
  step_size=0.5;
  STEP_SIZE=0.1;
  which = 1
  thresh = 0
  flags = 0
  CBVfindFirstPeakD1=0
  CBVfindFirstPeakD2=0
  nvertices=133382
  Gdiag_no=-1
  vno start=0, stop=133382
Replacing 255s with 0s
#SI# sigma=1 had to be increased for 109 vertices, nripped=8347
mean border=89.5, 43 (5) missing vertices, mean dist -0.2 [0.5 (%71.1)->0.3 (%28.9))]
%79 local maxima, %15 large gradients and % 0 min vals, 0 gradients ignored
nFirstPeakD1 0
MRIScomputeBorderValues_new() finished in 0.0099 min


Finding expansion regions
mean absolute distance = 0.40 +- 0.65
2582 vertices more than 2 sigmas from mean.
Averaging target values for 5 iterations...
Positioning Surface: tspring = 0.3, nspring = 0.3, spring = 0, niters = 100 l_repulse = 5, l_surf_repulse = 0, checktol = 0
Positioning pial surface
Entering MRISpositionSurface()
  max_mm = 0.3
  MAX_REDUCTIONS = 2, REDUCTION_PCT = 0.5
  parms->check_tol = 0, niterations = 100
tol=1.0e-04, sigma=1.0, host=dna05, nav=2, nbrs=2, l_repulse=5.000, l_tspring=0.300, l_nspring=0.300, l_intensity=0.200, l_curv=1.000
mom=0.00, dt=0.50
000: dt: 0.0000, sse=571818.2, rms=3.853
010: dt: 0.5000, sse=340347.9, rms=2.378 (38.294%)
011: dt: 0.5000, sse=288454.2, rms=1.886 (20.685%)
012: dt: 0.5000, sse=267544.9, rms=1.644 (12.834%)
rms = 1.6281/1.6439, sse=265883.8/267544.9, time step reduction 1 of 3 to 0.250  0 0 1
013: dt: 0.5000, sse=265883.8, rms=1.628 (0.956%)
014: dt: 0.2500, sse=226369.5, rms=1.011 (37.931%)
015: dt: 0.2500, sse=222491.4, rms=0.928 (8.188%)
rms = 0.9176/0.9278, sse=225833.4/222491.4, time step reduction 2 of 3 to 0.125  0 1 1
016: dt: 0.2500, sse=225833.4, rms=0.918 (1.098%)
rms = 0.9090/0.9176, sse=221479.0/225833.4, time step reduction 3 of 3 to 0.062  0 0 1
017: dt: 0.1250, sse=221479.0, rms=0.909 (0.945%)
  maximum number of reductions reached, breaking from loop
positioning took 0.7 minutes
Iteration 2 =========================================
n_averages=1, current_sigma=0.5
Computing target border values 
Entering MRIScomputeBorderValues_new(): 
  inside_hi   = 120.0000000;
  border_hi   = 112.6445390;
  border_low  =  76.0000000;
  outside_low =  66.2937620;
  outside_hi  = 112.6445390;
  sigma = 0.5;
  max_thickness = 10;
  step_size=0.5;
  STEP_SIZE=0.1;
  which = 1
  thresh = 0
  flags = 0
  CBVfindFirstPeakD1=0
  CBVfindFirstPeakD2=0
  nvertices=133382
  Gdiag_no=-1
  vno start=0, stop=133382
Replacing 255s with 0s
#SI# sigma=0.5 had to be increased for 103 vertices, nripped=8347
mean border=91.4, 59 (5) missing vertices, mean dist -0.2 [0.3 (%73.2)->0.2 (%26.8))]
%87 local maxima, % 6 large gradients and % 0 min vals, 0 gradients ignored
nFirstPeakD1 0
MRIScomputeBorderValues_new() finished in 0.0060 min


Finding expansion regions
mean absolute distance = 0.30 +- 0.45
4490 vertices more than 2 sigmas from mean.
Averaging target values for 5 iterations...
Positioning Surface: tspring = 0.3, nspring = 0.3, spring = 0, niters = 100 l_repulse = 5, l_surf_repulse = 0, checktol = 0
Positioning pial surface
Entering MRISpositionSurface()
  max_mm = 0.3
  MAX_REDUCTIONS = 2, REDUCTION_PCT = 0.5
  parms->check_tol = 0, niterations = 100
tol=1.0e-04, sigma=0.5, host=dna05, nav=1, nbrs=2, l_repulse=5.000, l_tspring=0.300, l_nspring=0.300, l_intensity=0.200, l_curv=1.000
mom=0.00, dt=0.50
000: dt: 0.0000, sse=395508.2, rms=2.841
018: dt: 0.5000, sse=277643.9, rms=1.750 (38.408%)
019: dt: 0.5000, sse=257347.2, rms=1.546 (11.631%)
020: dt: 0.5000, sse=253988.6, rms=1.485 (3.938%)
rms = 1.5837/1.4852, sse=260874.7/253988.6, time step reduction 1 of 3 to 0.250  0 1 1
   RMS increased, rejecting step
021: dt: 0.2500, sse=226968.3, rms=1.069 (28.043%)
022: dt: 0.2500, sse=218832.8, rms=0.879 (17.768%)
rms = 0.8511/0.8788, sse=218438.2/218832.8, time step reduction 2 of 3 to 0.125  0 0 1
023: dt: 0.2500, sse=218438.2, rms=0.851 (3.157%)
rms = 0.8404/0.8511, sse=218401.6/218438.2, time step reduction 3 of 3 to 0.062  0 0 1
024: dt: 0.1250, sse=218401.6, rms=0.840 (1.256%)
  maximum number of reductions reached, breaking from loop
positioning took 0.6 minutes
Iteration 3 =========================================
n_averages=0, current_sigma=0.25
Computing target border values 
Entering MRIScomputeBorderValues_new(): 
  inside_hi   = 120.0000000;
  border_hi   = 112.6445390;
  border_low  =  76.0000000;
  outside_low =  66.2937620;
  outside_hi  = 112.6445390;
  sigma = 0.25;
  max_thickness = 10;
  step_size=0.5;
  STEP_SIZE=0.1;
  which = 1
  thresh = 0
  flags = 0
  CBVfindFirstPeakD1=0
  CBVfindFirstPeakD2=0
  nvertices=133382
  Gdiag_no=-1
  vno start=0, stop=133382
Replacing 255s with 0s
#SI# sigma=0.25 had to be increased for 159 vertices, nripped=8347
mean border=92.0, 104 (4) missing vertices, mean dist -0.1 [0.2 (%59.3)->0.2 (%40.7))]
%90 local maxima, % 4 large gradients and % 0 min vals, 0 gradients ignored
nFirstPeakD1 0
MRIScomputeBorderValues_new() finished in 0.0039 min


Finding expansion regions
mean absolute distance = 0.23 +- 0.37
3615 vertices more than 2 sigmas from mean.
Averaging target values for 5 iterations...
Positioning Surface: tspring = 0.3, nspring = 0.3, spring = 0, niters = 100 l_repulse = 5, l_surf_repulse = 0, checktol = 0
Positioning pial surface
Entering MRISpositionSurface()
  max_mm = 0.3
  MAX_REDUCTIONS = 2, REDUCTION_PCT = 0.5
  parms->check_tol = 0, niterations = 100
tol=1.0e-04, sigma=0.2, host=dna05, nav=0, nbrs=2, l_repulse=5.000, l_tspring=0.300, l_nspring=0.300, l_intensity=0.200, l_curv=1.000
mom=0.00, dt=0.50
000: dt: 0.0000, sse=238935.3, rms=1.302
025: dt: 0.5000, sse=227489.2, rms=0.968 (25.631%)
rms = 1.0968/0.9680, sse=230106.6/227489.2, time step reduction 1 of 3 to 0.250  0 1 1
   RMS increased, rejecting step
026: dt: 0.2500, sse=216804.4, rms=0.779 (19.570%)
027: dt: 0.2500, sse=216143.4, rms=0.716 (8.037%)
rms = 0.6877/0.7160, sse=216459.9/216143.4, time step reduction 2 of 3 to 0.125  0 1 1
028: dt: 0.2500, sse=216459.9, rms=0.688 (3.951%)
rms = 0.6635/0.6877, sse=209161.2/216459.9, time step reduction 3 of 3 to 0.062  0 0 1
029: dt: 0.1250, sse=209161.2, rms=0.663 (3.524%)
  maximum number of reductions reached, breaking from loop
positioning took 0.5 minutes


Writing output to ../surf/rh.white
#ET# mris_place_surface  2.70 minutes
#VMPC# mris_place_surfaces VmPeak  3033388
mris_place_surface done
#--------------------------------------------
#@# T1PialSurf rh Tue Mar 10 00:53:40 CET 2026
cd /out/sourcedata/freesurfer/sub-v1s2x0051480_ses-1/mri
mris_place_surface --adgws-in ../surf/autodet.gw.stats.rh.dat --seg aseg.presurf.mgz --threads 16 --wm wm.mgz --invol brain.finalsurfs.mgz --rh --i ../surf/rh.white --o ../surf/rh.pial.T1 --pial --nsmooth 0 --rip-label ../label/rh.cortex+hipamyg.label --pin-medial-wall ../label/rh.cortex.label --aparc ../label/rh.aparc.annot --repulse-surf ../surf/rh.white --white-surf ../surf/rh.white
7.3.2
7.3.2

cd /out/sourcedata/freesurfer/sub-v1s2x0051480_ses-1/mri
setenv SUBJECTS_DIR /out/sourcedata/freesurfer
mris_place_surface --adgws-in ../surf/autodet.gw.stats.rh.dat --seg aseg.presurf.mgz --threads 16 --wm wm.mgz --invol brain.finalsurfs.mgz --rh --i ../surf/rh.white --o ../surf/rh.pial.T1 --pial --nsmooth 0 --rip-label ../label/rh.cortex+hipamyg.label --pin-medial-wall ../label/rh.cortex.label --aparc ../label/rh.aparc.annot --repulse-surf ../surf/rh.white --white-surf ../surf/rh.white 

Reading in input surface ../surf/rh.white
Not smoothing input surface
Area    266760  0.33037  0.12408 0.000591   2.7569
Corner  800280 60.00000 14.79426 0.205613 177.9062
Edge    400140  0.88433  0.20525 0.010534   3.4840
Hinge   400140  9.52063 10.69785 0.000006 179.6559
Reading white surface coordinates from ../surf/rh.white
Reading repulsion surface coordinates from ../surf/rh.white
Reading in aparc ../label/rh.aparc.annot
Reading in input volume brain.finalsurfs.mgz
Reading in wm volume wm.mgz
MRIclipBrightWM(): nthresh=21943, wmmin=5, clip=110 
MRIfindBrightNonWM(): 778 bright non-wm voxels segmented.
Masking bright non-wm for pial surface mid_gray = 73.1184
MRImask(): AllowDiffGeom = 1
MRImask(): AllowDiffGeom = 1
MRImask(): AllowDiffGeom = 1
Reading in seg volume aseg.presurf.mgz
Ripping frozen voxels
Ripping vertices not in label ../label/rh.cortex+hipamyg.label
MRISripNotLabel() ripped 6109/133382 vertices (127273 unripped)
INFO: rip surface needed but not specified, so using input surface
Ripping segs (eg, WMSA, BG, frozen)
Starting MRISripSegs() d = (-2 2 0.5) segnos: 247 
MRISripSegs(): -2 2 0.5 ripped 0
vertex 66691: xyz = (10.0119,-18.2066,20.4427) oxyz = (10.0119,-18.2066,20.4427) wxzy = (10.0119,-18.2066,20.4427) pxyz = (10.0119,-18.2066,20.4427) 
CBVO Creating mask 133382
n_averages 16
Iteration 0 =========================================
n_averages=16, current_sigma=2
Computing target border values 
Entering MRIScomputeBorderValues_new(): 
  inside_hi   =  99.3554610;
  border_hi   =  66.2937620;
  border_low  =  46.8812750;
  outside_low =  10.0000000;
  outside_hi  =  61.4406390;
  sigma = 2;
  max_thickness = 10;
  step_size=0.5;
  STEP_SIZE=0.1;
  which = 2
  thresh = 0
  flags = 0
  CBVfindFirstPeakD1=0
  CBVfindFirstPeakD2=0
  nvertices=133382
  Gdiag_no=-1
  vno start=0, stop=133382
Replacing 255s with 0s
#SI# sigma=2 had to be increased for 169 vertices, nripped=6109
mean border=65.1, 80 (80) missing vertices, mean dist 1.4 [2.3 (%0.0)->3.1 (%100.0))]
% 9 local maxima, %32 large gradients and %54 min vals, 0 gradients ignored
nFirstPeakD1 0
MRIScomputeBorderValues_new() finished in 0.0116 min


Averaging target values for 5 iterations...
Positioning Surface: tspring = 0.3, nspring = 0.3, spring = 0, niters = 100 l_repulse = 0, l_surf_repulse = 5, checktol = 0
Positioning pial surface
Entering MRISpositionSurface()
  max_mm = 0.3
  MAX_REDUCTIONS = 2, REDUCTION_PCT = 0.5
  parms->check_tol = 0, niterations = 100
tol=1.0e-04, sigma=2.0, host=dna05, nav=16, nbrs=2, l_surf_repulse=5.000, l_tspring=0.300, l_nspring=0.300, l_intensity=0.200, l_curv=1.000
mom=0.00, dt=0.50
complete_dist_mat 0
rms 0
smooth_averages 0
remove_neg 0
ico_order 0
which_surface 0
target_radius 0.000000
nfields 0
scale 0.000000
desired_rms_height 0.000000
momentum 0.000000
nbhd_size 0
max_nbrs 0
niterations 100
nsurfaces 0
SURFACES 3
flags 0 (0)
use curv 0
no sulc 0
no rigid align 0
mris->nsize 2
mris->hemisphere 1
randomSeed 0

000: dt: 0.0000, sse=20048978.0, rms=27.943
001: dt: 0.5000, sse=14912738.0, rms=24.060 (13.895%)
002: dt: 0.5000, sse=11135210.0, rms=20.745 (13.779%)
003: dt: 0.5000, sse=8564018.0, rms=18.144 (12.538%)
004: dt: 0.5000, sse=6841400.5, rms=16.167 (10.892%)
005: dt: 0.5000, sse=5596823.5, rms=14.572 (9.866%)
006: dt: 0.5000, sse=4537334.0, rms=13.061 (10.373%)
007: dt: 0.5000, sse=3578872.0, rms=11.523 (11.773%)
008: dt: 0.5000, sse=2701084.8, rms=9.907 (14.022%)
009: dt: 0.5000, sse=1949831.9, rms=8.277 (16.452%)
010: dt: 0.5000, sse=1409160.6, rms=6.868 (17.026%)
011: dt: 0.5000, sse=1074612.9, rms=5.826 (15.172%)
012: dt: 0.5000, sse=902873.3, rms=5.209 (10.597%)
013: dt: 0.5000, sse=814595.0, rms=4.858 (6.727%)
014: dt: 0.5000, sse=774255.8, rms=4.688 (3.512%)
015: dt: 0.5000, sse=749357.4, rms=4.577 (2.362%)
016: dt: 0.5000, sse=736317.8, rms=4.516 (1.326%)
017: dt: 0.5000, sse=723263.1, rms=4.454 (1.370%)
rms = 4.4199/4.4543, sse=716308.2/723263.1, time step reduction 1 of 3 to 0.250  0 0 1
018: dt: 0.5000, sse=716308.2, rms=4.420 (0.773%)
019: dt: 0.2500, sse=536212.9, rms=3.506 (20.667%)
020: dt: 0.2500, sse=514065.4, rms=3.377 (3.699%)
rms = 3.4370/3.3767, sse=524962.9/514065.4, time step reduction 2 of 3 to 0.125  0 1 1
   RMS increased, rejecting step
021: dt: 0.1250, sse=483714.1, rms=3.193 (5.441%)
022: dt: 0.1250, sse=445211.1, rms=2.941 (7.879%)
023: dt: 0.1250, sse=437636.0, rms=2.889 (1.799%)
rms = 2.8711/2.8885, sse=435222.9/437636.0, time step reduction 3 of 3 to 0.062  0 0 1
024: dt: 0.1250, sse=435222.9, rms=2.871 (0.604%)
  maximum number of reductions reached, breaking from loop
positioning took 1.9 minutes
Iteration 1 =========================================
n_averages=8, current_sigma=1
Computing target border values 
Entering MRIScomputeBorderValues_new(): 
  inside_hi   =  99.3554610;
  border_hi   =  66.2937620;
  border_low  =  46.8812750;
  outside_low =  10.0000000;
  outside_hi  =  61.4406390;
  sigma = 1;
  max_thickness = 10;
  step_size=0.5;
  STEP_SIZE=0.1;
  which = 2
  thresh = 0
  flags = 0
  CBVfindFirstPeakD1=0
  CBVfindFirstPeakD2=0
  nvertices=133382
  Gdiag_no=-1
  vno start=0, stop=133382
Replacing 255s with 0s
#SI# sigma=1 had to be increased for 15921 vertices, nripped=6109
mean border=64.2, 2532 (6) missing vertices, mean dist 0.1 [0.1 (%49.2)->0.6 (%50.8))]
%15 local maxima, %28 large gradients and %50 min vals, 0 gradients ignored
nFirstPeakD1 0
MRIScomputeBorderValues_new() finished in 0.0032 min


Averaging target values for 5 iterations...
Positioning Surface: tspring = 0.3, nspring = 0.3, spring = 0, niters = 100 l_repulse = 0, l_surf_repulse = 5, checktol = 0
Positioning pial surface
Entering MRISpositionSurface()
  max_mm = 0.3
  MAX_REDUCTIONS = 2, REDUCTION_PCT = 0.5
  parms->check_tol = 0, niterations = 100
tol=1.0e-04, sigma=1.0, host=dna05, nav=8, nbrs=2, l_surf_repulse=5.000, l_tspring=0.300, l_nspring=0.300, l_intensity=0.200, l_curv=1.000
mom=0.00, dt=0.50
000: dt: 0.0000, sse=554748.2, rms=3.389
rms = 4.3452/3.3892, sse=743082.9/554748.2, time step reduction 1 of 3 to 0.250  0 1 1
   RMS increased, rejecting step
025: dt: 0.2500, sse=501601.3, rms=3.062 (9.651%)
rms = 3.0607/3.0621, sse=501731.8/501601.3, time step reduction 2 of 3 to 0.125  0 1 1
026: dt: 0.2500, sse=501731.8, rms=3.061 (0.047%)
027: dt: 0.1250, sse=472755.7, rms=2.865 (6.401%)
rms = 2.8205/2.8647, sse=466466.1/472755.7, time step reduction 3 of 3 to 0.062  0 0 1
028: dt: 0.1250, sse=466466.1, rms=2.820 (1.545%)
  maximum number of reductions reached, breaking from loop
positioning took 0.3 minutes
Iteration 2 =========================================
n_averages=4, current_sigma=0.5
Computing target border values 
Entering MRIScomputeBorderValues_new(): 
  inside_hi   =  99.3554610;
  border_hi   =  66.2937620;
  border_low  =  46.8812750;
  outside_low =  10.0000000;
  outside_hi  =  61.4406390;
  sigma = 0.5;
  max_thickness = 10;
  step_size=0.5;
  STEP_SIZE=0.1;
  which = 2
  thresh = 0
  flags = 0
  CBVfindFirstPeakD1=0
  CBVfindFirstPeakD2=0
  nvertices=133382
  Gdiag_no=-1
  vno start=0, stop=133382
Replacing 255s with 0s
#SI# sigma=0.5 had to be increased for 16932 vertices, nripped=6109
mean border=64.0, 2837 (6) missing vertices, mean dist 0.1 [0.1 (%46.7)->0.4 (%53.3))]
%24 local maxima, %19 large gradients and %50 min vals, 0 gradients ignored
nFirstPeakD1 0
MRIScomputeBorderValues_new() finished in 0.0021 min


Averaging target values for 5 iterations...
Positioning Surface: tspring = 0.3, nspring = 0.3, spring = 0, niters = 100 l_repulse = 0, l_surf_repulse = 5, checktol = 0
Positioning pial surface
Entering MRISpositionSurface()
  max_mm = 0.3
  MAX_REDUCTIONS = 2, REDUCTION_PCT = 0.5
  parms->check_tol = 0, niterations = 100
tol=1.0e-04, sigma=0.5, host=dna05, nav=4, nbrs=2, l_surf_repulse=5.000, l_tspring=0.300, l_nspring=0.300, l_intensity=0.200, l_curv=1.000
mom=0.00, dt=0.50
000: dt: 0.0000, sse=490184.1, rms=2.976
rms = 3.8324/2.9757, sse=637322.8/490184.1, time step reduction 1 of 3 to 0.250  0 1 1
   RMS increased, rejecting step
029: dt: 0.2500, sse=470921.4, rms=2.845 (4.408%)
rms = 2.9340/2.8445, sse=483748.2/470921.4, time step reduction 2 of 3 to 0.125  0 1 1
   RMS increased, rejecting step
rms = 2.8180/2.8445, sse=467146.6/470921.4, time step reduction 3 of 3 to 0.062  0 0 1
030: dt: 0.1250, sse=467146.6, rms=2.818 (0.933%)
  maximum number of reductions reached, breaking from loop
positioning took 0.3 minutes
Iteration 3 =========================================
n_averages=2, current_sigma=0.25
Computing target border values 
Entering MRIScomputeBorderValues_new(): 
  inside_hi   =  99.3554610;
  border_hi   =  66.2937620;
  border_low  =  46.8812750;
  outside_low =  10.0000000;
  outside_hi  =  61.4406390;
  sigma = 0.25;
  max_thickness = 10;
  step_size=0.5;
  STEP_SIZE=0.1;
  which = 2
  thresh = 0
  flags = 0
  CBVfindFirstPeakD1=0
  CBVfindFirstPeakD2=0
  nvertices=133382
  Gdiag_no=-1
  vno start=0, stop=133382
Replacing 255s with 0s
#SI# sigma=0.25 had to be increased for 14532 vertices, nripped=6109
mean border=63.6, 5842 (6) missing vertices, mean dist 0.1 [0.1 (%44.8)->0.3 (%55.2))]
%26 local maxima, %17 large gradients and %49 min vals, 0 gradients ignored
nFirstPeakD1 0
MRIScomputeBorderValues_new() finished in 0.0018 min


Averaging target values for 5 iterations...
Positioning Surface: tspring = 0.3, nspring = 0.3, spring = 0, niters = 100 l_repulse = 0, l_surf_repulse = 5, checktol = 0
Positioning pial surface
Entering MRISpositionSurface()
  max_mm = 0.3
  MAX_REDUCTIONS = 2, REDUCTION_PCT = 0.5
  parms->check_tol = 0, niterations = 100
tol=1.0e-04, sigma=0.2, host=dna05, nav=2, nbrs=2, l_surf_repulse=5.000, l_tspring=0.300, l_nspring=0.300, l_intensity=0.200, l_curv=1.000
mom=0.00, dt=0.50
000: dt: 0.0000, sse=489087.8, rms=2.968
rms = 3.6392/2.9678, sse=600033.5/489087.8, time step reduction 1 of 3 to 0.250  0 1 1
   RMS increased, rejecting step
031: dt: 0.2500, sse=467675.2, rms=2.823 (4.894%)
rms = 2.7886/2.8226, sse=462088.6/467675.2, time step reduction 2 of 3 to 0.125  0 0 1
032: dt: 0.2500, sse=462088.6, rms=2.789 (1.203%)
033: dt: 0.1250, sse=446791.7, rms=2.677 (4.001%)
rms = 2.6300/2.6770, sse=440252.7/446791.7, time step reduction 3 of 3 to 0.062  0 0 1
034: dt: 0.1250, sse=440252.7, rms=2.630 (1.759%)
  maximum number of reductions reached, breaking from loop
positioning took 0.3 minutes
Pinning medial wall to white surface
removing intersecting faces
000: 9 intersecting
step 1 with no progress (num=9, old_num=9)
001: 9 intersecting
terminating search with 0 intersecting


Writing output to ../surf/rh.pial.T1
#ET# mris_place_surface  3.02 minutes
#VMPC# mris_place_surfaces VmPeak  2368528
mris_place_surface done
#@# white curv rh Tue Mar 10 00:56:47 CET 2026
cd /out/sourcedata/freesurfer/sub-v1s2x0051480_ses-1/mri
mris_place_surface --curv-map ../surf/rh.white 2 10 ../surf/rh.curv
insurf  ../surf/rh.white, nbrs 2, curvature_avgs 10
writing curvature file ../surf/rh.curv
#@# white area rh Tue Mar 10 00:56:49 CET 2026
cd /out/sourcedata/freesurfer/sub-v1s2x0051480_ses-1/mri
mris_place_surface --area-map ../surf/rh.white ../surf/rh.area
writing curvature file ../surf/rh.area
#@# pial curv rh Tue Mar 10 00:56:49 CET 2026
cd /out/sourcedata/freesurfer/sub-v1s2x0051480_ses-1/mri
mris_place_surface --curv-map ../surf/rh.pial 2 10 ../surf/rh.curv.pial
insurf  ../surf/rh.pial, nbrs 2, curvature_avgs 10
writing curvature file ../surf/rh.curv.pial
#@# pial area rh Tue Mar 10 00:56:51 CET 2026
cd /out/sourcedata/freesurfer/sub-v1s2x0051480_ses-1/mri
mris_place_surface --area-map ../surf/rh.pial ../surf/rh.area.pial
writing curvature file ../surf/rh.area.pial
#@# thickness rh Tue Mar 10 00:56:52 CET 2026
cd /out/sourcedata/freesurfer/sub-v1s2x0051480_ses-1/mri
mris_place_surface --thickness ../surf/rh.white ../surf/rh.pial 20 5 ../surf/rh.thickness
0 of 133382 vertices processed
25000 of 133382 vertices processed
50000 of 133382 vertices processed
75000 of 133382 vertices processed
100000 of 133382 vertices processed
125000 of 133382 vertices processed
0 of 133382 vertices processed
25000 of 133382 vertices processed
50000 of 133382 vertices processed
75000 of 133382 vertices processed
100000 of 133382 vertices processed
125000 of 133382 vertices processed
thickness calculation complete, 80:374 truncations.
62265 vertices at 0 distance
113538 vertices at 1 distance
59581 vertices at 2 distance
20589 vertices at 3 distance
7010 vertices at 4 distance
2436 vertices at 5 distance
787 vertices at 6 distance
230 vertices at 7 distance
86 vertices at 8 distance
33 vertices at 9 distance
36 vertices at 10 distance
21 vertices at 11 distance
23 vertices at 12 distance
22 vertices at 13 distance
21 vertices at 14 distance
24 vertices at 15 distance
23 vertices at 16 distance
21 vertices at 17 distance
9 vertices at 18 distance
5 vertices at 19 distance
4 vertices at 20 distance
writing curvature file ../surf/rh.thickness
#@# area and vertex vol rh Tue Mar 10 00:57:19 CET 2026
cd /out/sourcedata/freesurfer/sub-v1s2x0051480_ses-1/mri
mris_place_surface --thickness ../surf/rh.white ../surf/rh.pial 20 5 ../surf/rh.thickness
/out/sourcedata/freesurfer/sub-v1s2x0051480_ses-1/surf
mris_calc -o rh.area.mid rh.area add rh.area.pial
Saving result to 'rh.area.mid' (type = MRI_CURV_FILE)                       [ ok ]
mris_calc -o rh.area.mid rh.area.mid div 2
Saving result to 'rh.area.mid' (type = MRI_CURV_FILE)                       [ ok ]
mris_convert --volume sub-v1s2x0051480_ses-1 rh /out/sourcedata/freesurfer/sub-v1s2x0051480_ses-1/surf/rh.volume
masking with /out/sourcedata/freesurfer/sub-v1s2x0051480_ses-1/label/rh.cortex.label
Total face volume 228385
Total vertex volume 228191 (mask=0)
#@# sub-v1s2x0051480_ses-1 rh 228191
 
vertexvol Done

#-----------------------------------------
#@# Curvature Stats rh Tue Mar 10 00:57:21 CET 2026
/out/sourcedata/freesurfer/sub-v1s2x0051480_ses-1/surf

 mris_curvature_stats -m --writeCurvatureFiles -G -o ../stats/rh.curv.stats -F smoothwm sub-v1s2x0051480_ses-1 rh curv sulc 

             Toggling save flag on curvature files                       [ ok ]
                 Outputting results using filestem   [ ../stats/rh.curv.stats ]
             Toggling save flag on curvature files                       [ ok ]
                                   Setting surface [ sub-v1s2x0051480_ses-1/rh.smoothwm ]
                                Reading surface...                       [ ok ]
                                   Setting texture                     [ curv ]
                                Reading texture...                       [ ok ]
                                   Setting texture                     [ sulc ]
                                Reading texture...Gb_filter = 0
                       [ ok ]
      Calculating Discrete Principal Curvatures...
      Determining geometric order for vno faces... [####################] [ ok ]
                      Determining KH curvatures... [####################] [ ok ]
                    Determining k1k2 curvatures... [####################] [ ok ]
                                   deltaViolations                      [ 213 ]
Gb_filter = 0
#-----------------------------------------
#@# Cortical Parc 2 rh Tue Mar 10 00:57:24 CET 2026
/out/sourcedata/freesurfer/sub-v1s2x0051480_ses-1/scripts

 mris_ca_label -l ../label/rh.cortex.label -aseg ../mri/aseg.presurf.mgz -seed 1234 sub-v1s2x0051480_ses-1 rh ../surf/rh.sphere.reg /opt/freesurfer/average/rh.CDaparc.atlas.acfb40.noaparc.i12.2016-08-02.gcs ../label/rh.aparc.a2009s.annot 

setting seed for random number generator to 1234
using ../mri/aseg.presurf.mgz aseg volume to correct midline
7.3.2
  7.3.2
reading atlas from /opt/freesurfer/average/rh.CDaparc.atlas.acfb40.noaparc.i12.2016-08-02.gcs...
reading color table from GCSA file....
average std = 1.4   using min determinant for regularization = 0.021
0 singular and 0 ill-conditioned covariance matrices regularized
input 0: MEAN CURVATURE, flags 0, avgs 5, name mean_curvature
labeling surface...
19 labels changed using aseg
relabeling using gibbs priors...
000:   9236 changed, 133382 examined...
001:   2122 changed, 35678 examined...
002:    648 changed, 11176 examined...
003:    270 changed, 3711 examined...
004:    125 changed, 1568 examined...
005:     60 changed, 731 examined...
006:     26 changed, 356 examined...
007:     15 changed, 155 examined...
008:      8 changed, 82 examined...
009:      3 changed, 54 examined...
010:      1 changed, 22 examined...
011:      1 changed, 7 examined...
012:      0 changed, 6 examined...
14 labels changed using aseg
000: 246 total segments, 157 labels (2063 vertices) changed
001: 98 total segments, 9 labels (12 vertices) changed
002: 89 total segments, 0 labels (0 vertices) changed
10 filter iterations complete (10 requested, 27 changed)
rationalizing unknown annotations with cortex label
relabeling Medial_wall label...
1085 vertices marked for relabeling...
1085 labels changed in reclassification.
writing output to ../label/rh.aparc.a2009s.annot...
classification took 0 minutes and 12 seconds.
#-----------------------------------------
#@# Cortical Parc 3 rh Tue Mar 10 00:57:36 CET 2026
/out/sourcedata/freesurfer/sub-v1s2x0051480_ses-1/scripts

 mris_ca_label -l ../label/rh.cortex.label -aseg ../mri/aseg.presurf.mgz -seed 1234 sub-v1s2x0051480_ses-1 rh ../surf/rh.sphere.reg /opt/freesurfer/average/rh.DKTaparc.atlas.acfb40.noaparc.i12.2016-08-02.gcs ../label/rh.aparc.DKTatlas.annot 

setting seed for random number generator to 1234
using ../mri/aseg.presurf.mgz aseg volume to correct midline
7.3.2
  7.3.2
reading atlas from /opt/freesurfer/average/rh.DKTaparc.atlas.acfb40.noaparc.i12.2016-08-02.gcs...
reading color table from GCSA file....
average std = 0.9   using min determinant for regularization = 0.009
0 singular and 325 ill-conditioned covariance matrices regularized
input 0: MEAN CURVATURE, flags 0, avgs 5, name mean_curvature
labeling surface...
1639 labels changed using aseg
relabeling using gibbs priors...
000:   1977 changed, 133382 examined...
001:    470 changed, 9286 examined...
002:    114 changed, 2643 examined...
003:     45 changed, 675 examined...
004:     28 changed, 260 examined...
005:     23 changed, 152 examined...
006:     19 changed, 112 examined...
007:     10 changed, 96 examined...
008:      7 changed, 59 examined...
009:     11 changed, 39 examined...
010:      5 changed, 45 examined...
011:      3 changed, 34 examined...
012:      2 changed, 18 examined...
013:      4 changed, 15 examined...
014:      4 changed, 22 examined...
015:      2 changed, 18 examined...
016:      3 changed, 11 examined...
017:      1 changed, 16 examined...
018:      3 changed, 7 examined...
019:      2 changed, 12 examined...
020:      3 changed, 15 examined...
021:      3 changed, 12 examined...
022:      2 changed, 15 examined...
023:      1 changed, 10 examined...
024:      1 changed, 7 examined...
025:      0 changed, 7 examined...
306 labels changed using aseg
000: 47 total segments, 14 labels (76 vertices) changed
001: 33 total segments, 0 labels (0 vertices) changed
9 filter iterations complete (10 requested, 0 changed)
rationalizing unknown annotations with cortex label
relabeling unknown label...
relabeling corpuscallosum label...
896 vertices marked for relabeling...
896 labels changed in reclassification.
writing output to ../label/rh.aparc.DKTatlas.annot...
classification took 0 minutes and 10 seconds.
#-----------------------------------------
#@# WM/GM Contrast rh Tue Mar 10 00:57:46 CET 2026
/out/sourcedata/freesurfer/sub-v1s2x0051480_ses-1/scripts

 pctsurfcon --s sub-v1s2x0051480_ses-1 --rh-only 

Log file is /out/sourcedata/freesurfer/sub-v1s2x0051480_ses-1/scripts/pctsurfcon.log
Tue Mar 10 00:57:46 CET 2026
setenv SUBJECTS_DIR /out/sourcedata/freesurfer
cd /out/sourcedata/freesurfer/sub-v1s2x0051480_ses-1/scripts
/opt/freesurfer/bin/pctsurfcon
pctsurfcon 7.3.2
Linux dna056 5.14.0-427.37.1.el9_4.x86_64 #1 SMP PREEMPT_DYNAMIC Fri Sep 13 12:41:50 EDT 2024 x86_64 x86_64 x86_64 GNU/Linux
FREESURFER_HOME /opt/freesurfer
mri_vol2surf --mov /out/sourcedata/freesurfer/sub-v1s2x0051480_ses-1/mri/rawavg.mgz --hemi rh --noreshape --interp trilinear --projdist -1 --o /out/sourcedata/freesurfer/sub-v1s2x0051480_ses-1/surf/tmp.pctsurfcon.3293177/rh.wm.mgh --regheader sub-v1s2x0051480_ses-1 --cortex
srcvol = /out/sourcedata/freesurfer/sub-v1s2x0051480_ses-1/mri/rawavg.mgz
srcreg unspecified
srcregold = 0
srcwarp unspecified
surf = white
hemi = rh
ProjDist = -1
reshape = 0
interp = trilinear
float2int = round
GetProjMax = 0
INFO: float2int code = 0
Done loading volume
Computing registration from header.
  Using /out/sourcedata/freesurfer/sub-v1s2x0051480_ses-1/mri/orig.mgz as target reference.
-------- original matrix -----------
-1.00000   0.00000   0.00000   0.00000;
 0.00000   0.00000   1.00000   0.00000;
 0.00000  -1.00000   0.00000   0.00000;
 0.00000   0.00000   0.00000   1.00000;
-------- original matrix -----------
Loading label /out/sourcedata/freesurfer/sub-v1s2x0051480_ses-1/label/rh.cortex.label
Reading surface /out/sourcedata/freesurfer/sub-v1s2x0051480_ses-1/surf/rh.white
Done reading source surface
Mapping Source Volume onto Source Subject Surface
Projecting -1 -1 1
 1 -1 -1 -1
using old
Done mapping volume to surface
Number of source voxels hit = 76413
Masking with /out/sourcedata/freesurfer/sub-v1s2x0051480_ses-1/label/rh.cortex.label
Writing to /out/sourcedata/freesurfer/sub-v1s2x0051480_ses-1/surf/tmp.pctsurfcon.3293177/rh.wm.mgh
Dim: 133382 1 1
mri_vol2surf --mov /out/sourcedata/freesurfer/sub-v1s2x0051480_ses-1/mri/rawavg.mgz --hemi rh --noreshape --interp trilinear --o /out/sourcedata/freesurfer/sub-v1s2x0051480_ses-1/surf/tmp.pctsurfcon.3293177/rh.gm.mgh --projfrac 0.3 --regheader sub-v1s2x0051480_ses-1 --cortex
srcvol = /out/sourcedata/freesurfer/sub-v1s2x0051480_ses-1/mri/rawavg.mgz
srcreg unspecified
srcregold = 0
srcwarp unspecified
surf = white
hemi = rh
ProjFrac = 0.3
thickness = thickness
reshape = 0
interp = trilinear
float2int = round
GetProjMax = 0
INFO: float2int code = 0
Done loading volume
Computing registration from header.
  Using /out/sourcedata/freesurfer/sub-v1s2x0051480_ses-1/mri/orig.mgz as target reference.
-------- original matrix -----------
-1.00000   0.00000   0.00000   0.00000;
 0.00000   0.00000   1.00000   0.00000;
 0.00000  -1.00000   0.00000   0.00000;
 0.00000   0.00000   0.00000   1.00000;
-------- original matrix -----------
Loading label /out/sourcedata/freesurfer/sub-v1s2x0051480_ses-1/label/rh.cortex.label
Reading surface /out/sourcedata/freesurfer/sub-v1s2x0051480_ses-1/surf/rh.white
Done reading source surface
Reading thickness /out/sourcedata/freesurfer/sub-v1s2x0051480_ses-1/surf/rh.thickness
Done
Mapping Source Volume onto Source Subject Surface
Projecting 0.3 0.3 1
 1 0.3 0.3 0.3
using old
Done mapping volume to surface
Number of source voxels hit = 90115
Masking with /out/sourcedata/freesurfer/sub-v1s2x0051480_ses-1/label/rh.cortex.label
Writing to /out/sourcedata/freesurfer/sub-v1s2x0051480_ses-1/surf/tmp.pctsurfcon.3293177/rh.gm.mgh
Dim: 133382 1 1
mri_concat /out/sourcedata/freesurfer/sub-v1s2x0051480_ses-1/surf/tmp.pctsurfcon.3293177/rh.wm.mgh /out/sourcedata/freesurfer/sub-v1s2x0051480_ses-1/surf/tmp.pctsurfcon.3293177/rh.gm.mgh --paired-diff-norm --mul 100 --o /out/sourcedata/freesurfer/sub-v1s2x0051480_ses-1/surf/rh.w-g.pct.mgh
ninputs = 2
Checking inputs
nframestot = 2
Allocing output
Done allocing
Combining pairs
nframes = 1
Multiplying by 100.000000
Writing to /out/sourcedata/freesurfer/sub-v1s2x0051480_ses-1/surf/rh.w-g.pct.mgh
mri_segstats --in /out/sourcedata/freesurfer/sub-v1s2x0051480_ses-1/surf/rh.w-g.pct.mgh --annot sub-v1s2x0051480_ses-1 rh aparc --sum /out/sourcedata/freesurfer/sub-v1s2x0051480_ses-1/stats/rh.w-g.pct.stats --snr

7.3.2
cwd 
cmdline mri_segstats --in /out/sourcedata/freesurfer/sub-v1s2x0051480_ses-1/surf/rh.w-g.pct.mgh --annot sub-v1s2x0051480_ses-1 rh aparc --sum /out/sourcedata/freesurfer/sub-v1s2x0051480_ses-1/stats/rh.w-g.pct.stats --snr 
sysname  Linux
hostname dna056
machine  x86_64
user     oesteban
whitesurfname  white
UseRobust  0
Constructing seg from annotation

Reading annotation /out/sourcedata/freesurfer/sub-v1s2x0051480_ses-1/label/rh.aparc.annot
Seg base 2000
Loading /out/sourcedata/freesurfer/sub-v1s2x0051480_ses-1/surf/rh.w-g.pct.mgh
Vertex Area is 0.660737 mm^3
Generating list of segmentation ids
Found  36 segmentations
Computing statistics for each segmentation

Reporting on  35 segmentations
Using PrintSegStat
mri_segstats done
Cleaning up

Started at Tue Mar 10 00:32:51 CET 2026 
Ended   at Tue Mar 10 00:57:49 CET 2026
#@#%# recon-all-run-time-hours 0.416
recon-all -s sub-v1s2x0051480_ses-1 finished without error at Tue Mar 10 00:57:49 CET 2026



#New# invocation of recon-all 




Tue Mar 10 01:06:46 CET 2026
cd /out/sourcedata/freesurfer/sub-v1s2x0051480_ses-1
setenv SUBJECTS_DIR /out/sourcedata/freesurfer
/opt/freesurfer/bin/recon-all -autorecon-hemi rh -nohyporelabel -rh-only -openmp 16 -subjid sub-v1s2x0051480_ses-1 -sd /out/sourcedata/freesurfer -notessellate -nosmooth1 -noinflate1 -noqsphere -nofix -nowhite -nosmooth2 -noinflate2 -nocurvHK -nocurvstats -nosphere -nosurfreg -nojacobian_white -noavgcurv -nocortparc -nopial -nocortparc2 -nocortparc3 -nopctsurfcon

subjid sub-v1s2x0051480_ses-1
setenv SUBJECTS_DIR /out/sourcedata/freesurfer
FREESURFER_HOME /opt/freesurfer
Actual FREESURFER_HOME /opt/freesurfer
build-stamp.txt: freesurfer-linux-ubuntu22_x86_64-7.3.2-20220804-6354275
Linux dna056 5.14.0-427.37.1.el9_4.x86_64 #1 SMP PREEMPT_DYNAMIC Fri Sep 13 12:41:50 EDT 2024 x86_64 x86_64 x86_64 GNU/Linux
cputime      unlimited
filesize     unlimited
datasize     unlimited
stacksize    8192 kbytes
coredumpsize 0 kbytes
memoryuse    67108864 kbytes
vmemoryuse   unlimited
descriptors  1024 
memorylocked unlimited
maxproc      2061970 
maxlocks     unlimited
maxsignal    2061970 
maxmessage   819200 
maxnice      0 
maxrtprio    0 
maxrttime    unlimited

               total        used        free      shared  buff/cache   available
Mem:           503Gi        61Gi       407Gi        11Gi        35Gi       428Gi
Swap:             0B          0B          0B

########################################
program versions used
7.3.2 (freesurfer-linux-ubuntu22_x86_64-7.3.2-20220804-6354275)
7.3.2

ProgramName: lta_convert  ProgramArguments: lta_convert -all-info  ProgramVersion: 7.3.2  TimeStamp: 2026/03/10-00:06:46-GMT  BuildTime: Aug  4 2022 06:17:15  BuildStamp: freesurfer-linux-ubuntu22_x86_64-7.3.2-20220804-6354275  User: oesteban  Machine: dna056  Platform: Linux  PlatformVersion: 5.14.0-427.37.1.el9_4.x86_64  CompilerName: GCC  CompilerVersion: 8.4.0
ProgramName: mri_and  ProgramArguments: mri_and -all-info  ProgramVersion: 7.3.2  TimeStamp: 2026/03/10-00:06:46-GMT  BuildTime: Aug  4 2022 06:17:15  BuildStamp: freesurfer-linux-ubuntu22_x86_64-7.3.2-20220804-6354275  User: oesteban  Machine: dna056  Platform: Linux  PlatformVersion: 5.14.0-427.37.1.el9_4.x86_64  CompilerName: GCC  CompilerVersion: 8.4.0
ProgramName: mri_annotation2label  ProgramArguments: mri_annotation2label -all-info  ProgramVersion: 7.3.2  TimeStamp: 2026/03/10-00:06:46-GMT  BuildTime: Aug  4 2022 06:17:15  BuildStamp: freesurfer-linux-ubuntu22_x86_64-7.3.2-20220804-6354275  User: oesteban  Machine: dna056  Platform: Linux  PlatformVersion: 5.14.0-427.37.1.el9_4.x86_64  CompilerName: GCC  CompilerVersion: 8.4.0
ProgramName: mri_aparc2aseg  ProgramArguments: mri_aparc2aseg -all-info  ProgramVersion: 7.3.2  TimeStamp: 2026/03/10-00:06:46-GMT  BuildTime: Aug  4 2022 06:17:15  BuildStamp: freesurfer-linux-ubuntu22_x86_64-7.3.2-20220804-6354275  User: oesteban  Machine: dna056  Platform: Linux  PlatformVersion: 5.14.0-427.37.1.el9_4.x86_64  CompilerName: GCC  CompilerVersion: 8.4.0
ProgramName: mri_surf2volseg  ProgramArguments: mri_surf2volseg -all-info  ProgramVersion: 7.3.2  TimeStamp: 2026/03/10-00:06:46-GMT  BuildTime: Aug  4 2022 06:17:15  BuildStamp: freesurfer-linux-ubuntu22_x86_64-7.3.2-20220804-6354275  User: oesteban  Machine: dna056  Platform: Linux  PlatformVersion: 5.14.0-427.37.1.el9_4.x86_64  CompilerName: GCC  CompilerVersion: 8.4.0
ProgramName: mri_binarize  ProgramArguments: mri_binarize -all-info  ProgramVersion: 7.3.2  TimeStamp: 2026/03/10-00:06:46-GMT  BuildTime: Aug  4 2022 06:17:15  BuildStamp: freesurfer-linux-ubuntu22_x86_64-7.3.2-20220804-6354275  User: oesteban  Machine: dna056  Platform: Linux  PlatformVersion: 5.14.0-427.37.1.el9_4.x86_64  CompilerName: GCC  CompilerVersion: 8.4.0
ProgramName: mri_ca_label  ProgramArguments: mri_ca_label -all-info  ProgramVersion: 7.3.2  TimeStamp: 2026/03/10-00:06:46-GMT  BuildTime: Aug  4 2022 06:17:15  BuildStamp: freesurfer-linux-ubuntu22_x86_64-7.3.2-20220804-6354275  User: oesteban  Machine: dna056  Platform: Linux  PlatformVersion: 5.14.0-427.37.1.el9_4.x86_64  CompilerName: GCC  CompilerVersion: 8.4.0
ProgramName: mri_ca_normalize  ProgramArguments: mri_ca_normalize -all-info  ProgramVersion: 7.3.2  TimeStamp: 2026/03/10-00:06:46-GMT  BuildTime: Aug  4 2022 06:17:15  BuildStamp: freesurfer-linux-ubuntu22_x86_64-7.3.2-20220804-6354275  User: oesteban  Machine: dna056  Platform: Linux  PlatformVersion: 5.14.0-427.37.1.el9_4.x86_64  CompilerName: GCC  CompilerVersion: 8.4.0
ProgramName: mri_ca_register  ProgramArguments: mri_ca_register -all-info  ProgramVersion: 7.3.2  TimeStamp: 2026/03/10-00:06:46-GMT  BuildTime: Aug  4 2022 06:17:15  BuildStamp: freesurfer-linux-ubuntu22_x86_64-7.3.2-20220804-6354275  User: oesteban  Machine: dna056  Platform: Linux  PlatformVersion: 5.14.0-427.37.1.el9_4.x86_64  CompilerName: GCC  CompilerVersion: 8.4.0
ProgramName: mri_cc  ProgramArguments: mri_cc -all-info  ProgramVersion: 7.3.2  TimeStamp: 2026/03/10-00:06:46-GMT  BuildTime: Aug  4 2022 06:17:15  BuildStamp: freesurfer-linux-ubuntu22_x86_64-7.3.2-20220804-6354275  User: oesteban  Machine: dna056  Platform: Linux  PlatformVersion: 5.14.0-427.37.1.el9_4.x86_64  CompilerName: GCC  CompilerVersion: 8.4.0
ProgramName: mri_compute_overlap  ProgramArguments: mri_compute_overlap -all-info  ProgramVersion: 7.3.2  TimeStamp: 2026/03/10-00:06:46-GMT  BuildTime: Aug  4 2022 06:17:15  BuildStamp: freesurfer-linux-ubuntu22_x86_64-7.3.2-20220804-6354275  User: oesteban  Machine: dna056  Platform: Linux  PlatformVersion: 5.14.0-427.37.1.el9_4.x86_64  CompilerName: GCC  CompilerVersion: 8.4.0
ProgramName: mri_compute_seg_overlap  ProgramArguments: mri_compute_seg_overlap -all-info  ProgramVersion: 7.3.2  TimeStamp: 2026/03/10-00:06:46-GMT  BuildTime: Aug  4 2022 06:17:15  BuildStamp: freesurfer-linux-ubuntu22_x86_64-7.3.2-20220804-6354275  User: oesteban  Machine: dna056  Platform: Linux  PlatformVersion: 5.14.0-427.37.1.el9_4.x86_64  CompilerName: GCC  CompilerVersion: 8.4.0
ProgramName: mri_concat  ProgramArguments: mri_concat -all-info  ProgramVersion: 7.3.2  TimeStamp: 2026/03/10-00:06:46-GMT  BuildTime: Aug  4 2022 06:17:15  BuildStamp: freesurfer-linux-ubuntu22_x86_64-7.3.2-20220804-6354275  User: oesteban  Machine: dna056  Platform: Linux  PlatformVersion: 5.14.0-427.37.1.el9_4.x86_64  CompilerName: GCC  CompilerVersion: 8.4.0
ProgramName: mri_concatenate_lta  ProgramArguments: mri_concatenate_lta -all-info  ProgramVersion: 7.3.2  TimeStamp: 2026/03/10-00:06:46-GMT  BuildTime: Aug  4 2022 06:17:15  BuildStamp: freesurfer-linux-ubuntu22_x86_64-7.3.2-20220804-6354275  User: oesteban  Machine: dna056  Platform: Linux  PlatformVersion: 5.14.0-427.37.1.el9_4.x86_64  CompilerName: GCC  CompilerVersion: 8.4.0
mri_convert -all-info 
ProgramName: mri_convert  ProgramArguments: mri_convert -all-info  ProgramVersion: 7.3.2  TimeStamp: 2026/03/10-00:06:46-GMT  BuildTime: Aug  4 2022 06:17:15  BuildStamp: freesurfer-linux-ubuntu22_x86_64-7.3.2-20220804-6354275  User: oesteban  Machine: dna056  Platform: Linux  PlatformVersion: 5.14.0-427.37.1.el9_4.x86_64  CompilerName: GCC  CompilerVersion: 8.4.0
ProgramName: mri_diff  ProgramArguments: mri_diff -all-info  ProgramVersion: 7.3.2  TimeStamp: 2026/03/10-00:06:46-GMT  BuildTime: Aug  4 2022 06:17:15  BuildStamp: freesurfer-linux-ubuntu22_x86_64-7.3.2-20220804-6354275  User: oesteban  Machine: dna056  Platform: Linux  PlatformVersion: 5.14.0-427.37.1.el9_4.x86_64  CompilerName: GCC  CompilerVersion: 8.4.0
ProgramName: mri_edit_wm_with_aseg  ProgramArguments: mri_edit_wm_with_aseg -all-info  ProgramVersion: 7.3.2  TimeStamp: 2026/03/10-00:06:46-GMT  BuildTime: Aug  4 2022 06:17:15  BuildStamp: freesurfer-linux-ubuntu22_x86_64-7.3.2-20220804-6354275  User: oesteban  Machine: dna056  Platform: Linux  PlatformVersion: 5.14.0-427.37.1.el9_4.x86_64  CompilerName: GCC  CompilerVersion: 8.4.0
ProgramName: mri_em_register  ProgramArguments: mri_em_register -all-info  ProgramVersion: 7.3.2  TimeStamp: 2026/03/10-00:06:46-GMT  BuildTime: Aug  4 2022 06:17:15  BuildStamp: freesurfer-linux-ubuntu22_x86_64-7.3.2-20220804-6354275  User: oesteban  Machine: dna056  Platform: Linux  PlatformVersion: 5.14.0-427.37.1.el9_4.x86_64  CompilerName: GCC  CompilerVersion: 8.4.0
ProgramName: mri_fill  ProgramArguments: mri_fill -all-info  ProgramVersion: 7.3.2  TimeStamp: 2026/03/10-00:06:46-GMT  BuildTime: Aug  4 2022 06:17:15  BuildStamp: freesurfer-linux-ubuntu22_x86_64-7.3.2-20220804-6354275  User: oesteban  Machine: dna056  Platform: Linux  PlatformVersion: 5.14.0-427.37.1.el9_4.x86_64  CompilerName: GCC  CompilerVersion: 8.4.0
ProgramName: mri_fuse_segmentations  ProgramArguments: mri_fuse_segmentations -all-info  ProgramVersion: 7.3.2  TimeStamp: 2026/03/10-00:06:46-GMT  BuildTime: Aug  4 2022 06:17:15  BuildStamp: freesurfer-linux-ubuntu22_x86_64-7.3.2-20220804-6354275  User: oesteban  Machine: dna056  Platform: Linux  PlatformVersion: 5.14.0-427.37.1.el9_4.x86_64  CompilerName: GCC  CompilerVersion: 8.4.0
ProgramName: mri_fwhm  ProgramArguments: mri_fwhm -all-info  ProgramVersion: 7.3.2  TimeStamp: 2026/03/10-00:06:46-GMT  BuildTime: Aug  4 2022 06:17:15  BuildStamp: freesurfer-linux-ubuntu22_x86_64-7.3.2-20220804-6354275  User: oesteban  Machine: dna056  Platform: Linux  PlatformVersion: 5.14.0-427.37.1.el9_4.x86_64  CompilerName: GCC  CompilerVersion: 8.4.0
ProgramName: mri_gcut  ProgramArguments: mri_gcut -all-info  ProgramVersion: 7.3.2  TimeStamp: 2026/03/10-00:06:46-GMT  BuildTime: Aug  4 2022 06:17:15  BuildStamp: freesurfer-linux-ubuntu22_x86_64-7.3.2-20220804-6354275  User: oesteban  Machine: dna056  Platform: Linux  PlatformVersion: 5.14.0-427.37.1.el9_4.x86_64  CompilerName: GCC  CompilerVersion: 8.4.0
ProgramName: mri_info  ProgramArguments: mri_info -all-info  ProgramVersion: 7.3.2  TimeStamp: 2026/03/10-00:06:46-GMT  BuildTime: Aug  4 2022 06:17:15  BuildStamp: freesurfer-linux-ubuntu22_x86_64-7.3.2-20220804-6354275  User: oesteban  Machine: dna056  Platform: Linux  PlatformVersion: 5.14.0-427.37.1.el9_4.x86_64  CompilerName: GCC  CompilerVersion: 8.4.0
ProgramName: mri_label2label  ProgramArguments: mri_label2label -all-info  ProgramVersion: 7.3.2  TimeStamp: 2026/03/10-00:06:46-GMT  BuildTime: Aug  4 2022 06:17:15  BuildStamp: freesurfer-linux-ubuntu22_x86_64-7.3.2-20220804-6354275  User: oesteban  Machine: dna056  Platform: Linux  PlatformVersion: 5.14.0-427.37.1.el9_4.x86_64  CompilerName: GCC  CompilerVersion: 8.4.0
ProgramName: mri_label2vol  ProgramArguments: mri_label2vol -all-info  ProgramVersion: 7.3.2  TimeStamp: 2026/03/10-00:06:46-GMT  BuildTime: Aug  4 2022 06:17:15  BuildStamp: freesurfer-linux-ubuntu22_x86_64-7.3.2-20220804-6354275  User: oesteban  Machine: dna056  Platform: Linux  PlatformVersion: 5.14.0-427.37.1.el9_4.x86_64  CompilerName: GCC  CompilerVersion: 8.4.0
ProgramName: mri_log_likelihood  ProgramArguments: mri_log_likelihood -all-info  ProgramVersion: 7.3.2  TimeStamp: 2026/03/10-00:06:46-GMT  BuildTime: Aug  4 2022 06:17:15  BuildStamp: freesurfer-linux-ubuntu22_x86_64-7.3.2-20220804-6354275  User: oesteban  Machine: dna056  Platform: Linux  PlatformVersion: 5.14.0-427.37.1.el9_4.x86_64  CompilerName: GCC  CompilerVersion: 8.4.0
ProgramName: mri_mask  ProgramArguments: mri_mask -all-info  ProgramVersion: 7.3.2  TimeStamp: 2026/03/10-00:06:46-GMT  BuildTime: Aug  4 2022 06:17:15  BuildStamp: freesurfer-linux-ubuntu22_x86_64-7.3.2-20220804-6354275  User: oesteban  Machine: dna056  Platform: Linux  PlatformVersion: 5.14.0-427.37.1.el9_4.x86_64  CompilerName: GCC  CompilerVersion: 8.4.0
ProgramName: mri_matrix_multiply  ProgramArguments: mri_matrix_multiply -all-info  ProgramVersion: 7.3.2  TimeStamp: 2026/03/10-00:06:46-GMT  BuildTime: Aug  4 2022 06:17:15  BuildStamp: freesurfer-linux-ubuntu22_x86_64-7.3.2-20220804-6354275  User: oesteban  Machine: dna056  Platform: Linux  PlatformVersion: 5.14.0-427.37.1.el9_4.x86_64  CompilerName: GCC  CompilerVersion: 8.4.0
ProgramName: mri_normalize  ProgramArguments: mri_normalize -all-info  ProgramVersion: 7.3.2  TimeStamp: 2026/03/10-00:06:46-GMT  BuildTime: Aug  4 2022 06:17:15  BuildStamp: freesurfer-linux-ubuntu22_x86_64-7.3.2-20220804-6354275  User: oesteban  Machine: dna056  Platform: Linux  PlatformVersion: 5.14.0-427.37.1.el9_4.x86_64  CompilerName: GCC  CompilerVersion: 8.4.0
ProgramName: mri_normalize_tp2  ProgramArguments: mri_normalize_tp2 -all-info  ProgramVersion: 7.3.2  TimeStamp: 2026/03/10-00:06:46-GMT  BuildTime: Aug  4 2022 06:17:15  BuildStamp: freesurfer-linux-ubuntu22_x86_64-7.3.2-20220804-6354275  User: oesteban  Machine: dna056  Platform: Linux  PlatformVersion: 5.14.0-427.37.1.el9_4.x86_64  CompilerName: GCC  CompilerVersion: 8.4.0
ProgramName: mri_or  ProgramArguments: mri_or -all-info  ProgramVersion: 7.3.2  TimeStamp: 2026/03/10-00:06:46-GMT  BuildTime: Aug  4 2022 06:17:15  BuildStamp: freesurfer-linux-ubuntu22_x86_64-7.3.2-20220804-6354275  User: oesteban  Machine: dna056  Platform: Linux  PlatformVersion: 5.14.0-427.37.1.el9_4.x86_64  CompilerName: GCC  CompilerVersion: 8.4.0
ProgramName: mri_relabel_hypointensities  ProgramArguments: mri_relabel_hypointensities -all-info  ProgramVersion: 7.3.2  TimeStamp: 2026/03/10-00:06:46-GMT  BuildTime: Aug  4 2022 06:17:15  BuildStamp: freesurfer-linux-ubuntu22_x86_64-7.3.2-20220804-6354275  User: oesteban  Machine: dna056  Platform: Linux  PlatformVersion: 5.14.0-427.37.1.el9_4.x86_64  CompilerName: GCC  CompilerVersion: 8.4.0
ProgramName: mri_relabel_nonwm_hypos  ProgramArguments: mri_relabel_nonwm_hypos -all-info  ProgramVersion: 7.3.2  TimeStamp: 2026/03/10-00:06:46-GMT  BuildTime: Aug  4 2022 06:17:15  BuildStamp: freesurfer-linux-ubuntu22_x86_64-7.3.2-20220804-6354275  User: oesteban  Machine: dna056  Platform: Linux  PlatformVersion: 5.14.0-427.37.1.el9_4.x86_64  CompilerName: GCC  CompilerVersion: 8.4.0
ProgramName: mri_remove_neck  ProgramArguments: mri_remove_neck -all-info  ProgramVersion: 7.3.2  TimeStamp: 2026/03/10-00:06:46-GMT  BuildTime: Aug  4 2022 06:17:15  BuildStamp: freesurfer-linux-ubuntu22_x86_64-7.3.2-20220804-6354275  User: oesteban  Machine: dna056  Platform: Linux  PlatformVersion: 5.14.0-427.37.1.el9_4.x86_64  CompilerName: GCC  CompilerVersion: 8.4.0
7.3.2

ProgramName: mri_robust_register  ProgramArguments: mri_robust_register -all-info  ProgramVersion: 7.3.2  TimeStamp: 2026/03/10-00:06:46-GMT  BuildTime: Aug  4 2022 06:17:15  BuildStamp: freesurfer-linux-ubuntu22_x86_64-7.3.2-20220804-6354275  User: oesteban  Machine: dna056  Platform: Linux  PlatformVersion: 5.14.0-427.37.1.el9_4.x86_64  CompilerName: GCC  CompilerVersion: 8.4.0
7.3.2

ProgramName: mri_robust_template  ProgramArguments: mri_robust_template -all-info  ProgramVersion: 7.3.2  TimeStamp: 2026/03/10-00:06:46-GMT  BuildTime: Aug  4 2022 06:17:15  BuildStamp: freesurfer-linux-ubuntu22_x86_64-7.3.2-20220804-6354275  User: oesteban  Machine: dna056  Platform: Linux  PlatformVersion: 5.14.0-427.37.1.el9_4.x86_64  CompilerName: GCC  CompilerVersion: 8.4.0
ProgramName: mris_anatomical_stats  ProgramArguments: mris_anatomical_stats -all-info  ProgramVersion: 7.3.2  TimeStamp: 2026/03/10-00:06:46-GMT  BuildTime: Aug  4 2022 06:17:15  BuildStamp: freesurfer-linux-ubuntu22_x86_64-7.3.2-20220804-6354275  User: oesteban  Machine: dna056  Platform: Linux  PlatformVersion: 5.14.0-427.37.1.el9_4.x86_64  CompilerName: GCC  CompilerVersion: 8.4.0
ProgramName: mris_ca_label  ProgramArguments: mris_ca_label -all-info  ProgramVersion: 7.3.2  TimeStamp: 2026/03/10-00:06:46-GMT  BuildTime: Aug  4 2022 06:17:15  BuildStamp: freesurfer-linux-ubuntu22_x86_64-7.3.2-20220804-6354275  User: oesteban  Machine: dna056  Platform: Linux  PlatformVersion: 5.14.0-427.37.1.el9_4.x86_64  CompilerName: GCC  CompilerVersion: 8.4.0
ProgramName: mris_calc  ProgramArguments: mris_calc -all-info  ProgramVersion: 7.3.2  TimeStamp: 2026/03/10-00:06:46-GMT  BuildTime: Aug  4 2022 06:17:15  BuildStamp: freesurfer-linux-ubuntu22_x86_64-7.3.2-20220804-6354275  User: oesteban  Machine: dna056  Platform: Linux  PlatformVersion: 5.14.0-427.37.1.el9_4.x86_64  CompilerName: GCC  CompilerVersion: 8.4.0
ProgramName: mris_convert  ProgramArguments: mris_convert -all-info  ProgramVersion: 7.3.2  TimeStamp: 2026/03/10-00:06:46-GMT  BuildTime: Aug  4 2022 06:17:15  BuildStamp: freesurfer-linux-ubuntu22_x86_64-7.3.2-20220804-6354275  User: oesteban  Machine: dna056  Platform: Linux  PlatformVersion: 5.14.0-427.37.1.el9_4.x86_64  CompilerName: GCC  CompilerVersion: 8.4.0
ProgramName: mris_curvature  ProgramArguments: mris_curvature -all-info  ProgramVersion: 7.3.2  TimeStamp: 2026/03/10-00:06:46-GMT  BuildTime: Aug  4 2022 06:17:15  BuildStamp: freesurfer-linux-ubuntu22_x86_64-7.3.2-20220804-6354275  User: oesteban  Machine: dna056  Platform: Linux  PlatformVersion: 5.14.0-427.37.1.el9_4.x86_64  CompilerName: GCC  CompilerVersion: 8.4.0
ProgramName: mris_curvature_stats  ProgramArguments: mris_curvature_stats -all-info  ProgramVersion: 7.3.2  TimeStamp: 2026/03/10-00:06:46-GMT  BuildTime: Aug  4 2022 06:17:15  BuildStamp: freesurfer-linux-ubuntu22_x86_64-7.3.2-20220804-6354275  User: oesteban  Machine: dna056  Platform: Linux  PlatformVersion: 5.14.0-427.37.1.el9_4.x86_64  CompilerName: GCC  CompilerVersion: 8.4.0
ProgramName: mris_diff  ProgramArguments: mris_diff -all-info  ProgramVersion: 7.3.2  TimeStamp: 2026/03/10-00:06:46-GMT  BuildTime: Aug  4 2022 06:17:15  BuildStamp: freesurfer-linux-ubuntu22_x86_64-7.3.2-20220804-6354275  User: oesteban  Machine: dna056  Platform: Linux  PlatformVersion: 5.14.0-427.37.1.el9_4.x86_64  CompilerName: GCC  CompilerVersion: 8.4.0
ProgramName: mris_divide_parcellation  ProgramArguments: mris_divide_parcellation -all-info  ProgramVersion: 7.3.2  TimeStamp: 2026/03/10-00:06:46-GMT  BuildTime: Aug  4 2022 06:17:15  BuildStamp: freesurfer-linux-ubuntu22_x86_64-7.3.2-20220804-6354275  User: oesteban  Machine: dna056  Platform: Linux  PlatformVersion: 5.14.0-427.37.1.el9_4.x86_64  CompilerName: GCC  CompilerVersion: 8.4.0
ProgramName: mri_segment  ProgramArguments: mri_segment -all-info  ProgramVersion: 7.3.2  TimeStamp: 2026/03/10-00:06:46-GMT  BuildTime: Aug  4 2022 06:17:15  BuildStamp: freesurfer-linux-ubuntu22_x86_64-7.3.2-20220804-6354275  User: oesteban  Machine: dna056  Platform: Linux  PlatformVersion: 5.14.0-427.37.1.el9_4.x86_64  CompilerName: GCC  CompilerVersion: 8.4.0
ProgramName: mri_segstats  ProgramArguments: mri_segstats -all-info  ProgramVersion: 7.3.2  TimeStamp: 2026/03/10-00:06:46-GMT  BuildTime: Aug  4 2022 06:17:15  BuildStamp: freesurfer-linux-ubuntu22_x86_64-7.3.2-20220804-6354275  User: oesteban  Machine: dna056  Platform: Linux  PlatformVersion: 5.14.0-427.37.1.el9_4.x86_64  CompilerName: GCC  CompilerVersion: 8.4.0
ProgramName: mris_euler_number  ProgramArguments: mris_euler_number -all-info  ProgramVersion: 7.3.2  TimeStamp: 2026/03/10-00:06:46-GMT  BuildTime: Aug  4 2022 06:17:15  BuildStamp: freesurfer-linux-ubuntu22_x86_64-7.3.2-20220804-6354275  User: oesteban  Machine: dna056  Platform: Linux  PlatformVersion: 5.14.0-427.37.1.el9_4.x86_64  CompilerName: GCC  CompilerVersion: 8.4.0
ProgramName: mris_fix_topology  ProgramArguments: mris_fix_topology -all-info  ProgramVersion: 7.3.2  TimeStamp: 2026/03/10-00:06:46-GMT  BuildTime: Aug  4 2022 06:17:15  BuildStamp: freesurfer-linux-ubuntu22_x86_64-7.3.2-20220804-6354275  User: oesteban  Machine: dna056  Platform: Linux  PlatformVersion: 5.14.0-427.37.1.el9_4.x86_64  CompilerName: GCC  CompilerVersion: 8.4.0
ProgramName: mris_topo_fixer  ProgramArguments: mris_topo_fixer -all-info  ProgramVersion: 7.3.2  TimeStamp: 2026/03/10-00:06:46-GMT  BuildTime: Aug  4 2022 06:17:15  BuildStamp: freesurfer-linux-ubuntu22_x86_64-7.3.2-20220804-6354275  User: oesteban  Machine: dna056  Platform: Linux  PlatformVersion: 5.14.0-427.37.1.el9_4.x86_64  CompilerName: GCC  CompilerVersion: 8.4.0
ProgramName: mris_jacobian  ProgramArguments: mris_jacobian -all-info  ProgramVersion: 7.3.2  TimeStamp: 2026/03/10-00:06:46-GMT  BuildTime: Aug  4 2022 06:17:15  BuildStamp: freesurfer-linux-ubuntu22_x86_64-7.3.2-20220804-6354275  User: oesteban  Machine: dna056  Platform: Linux  PlatformVersion: 5.14.0-427.37.1.el9_4.x86_64  CompilerName: GCC  CompilerVersion: 8.4.0
ProgramName: mris_label2annot  ProgramArguments: mris_label2annot -all-info  ProgramVersion: 7.3.2  TimeStamp: 2026/03/10-00:06:46-GMT  BuildTime: Aug  4 2022 06:17:15  BuildStamp: freesurfer-linux-ubuntu22_x86_64-7.3.2-20220804-6354275  User: oesteban  Machine: dna056  Platform: Linux  PlatformVersion: 5.14.0-427.37.1.el9_4.x86_64  CompilerName: GCC  CompilerVersion: 8.4.0
ProgramName: mris_left_right_register  ProgramArguments: mris_left_right_register -all-info  ProgramVersion: 7.3.2  TimeStamp: 2026/03/10-00:06:46-GMT  BuildTime: Aug  4 2022 06:17:15  BuildStamp: freesurfer-linux-ubuntu22_x86_64-7.3.2-20220804-6354275  User: oesteban  Machine: dna056  Platform: Linux  PlatformVersion: 5.14.0-427.37.1.el9_4.x86_64  CompilerName: GCC  CompilerVersion: 8.4.0
ProgramName: mris_place_surface  ProgramArguments: mris_place_surface -all-info  ProgramVersion: 7.3.2  TimeStamp: 2026/03/10-00:06:46-GMT  BuildTime: Aug  4 2022 06:17:15  BuildStamp: freesurfer-linux-ubuntu22_x86_64-7.3.2-20220804-6354275  User: oesteban  Machine: dna056  Platform: Linux  PlatformVersion: 5.14.0-427.37.1.el9_4.x86_64  CompilerName: GCC  CompilerVersion: 8.4.0
ProgramName: mrisp_paint  ProgramArguments: mrisp_paint -all-info  ProgramVersion: 7.3.2  TimeStamp: 2026/03/10-00:06:46-GMT  BuildTime: Aug  4 2022 06:17:15  BuildStamp: freesurfer-linux-ubuntu22_x86_64-7.3.2-20220804-6354275  User: oesteban  Machine: dna056  Platform: Linux  PlatformVersion: 5.14.0-427.37.1.el9_4.x86_64  CompilerName: GCC  CompilerVersion: 8.4.0
ProgramName: mris_register  ProgramArguments: mris_register -all-info  ProgramVersion: 7.3.2  TimeStamp: 2026/03/10-00:06:46-GMT  BuildTime: Aug  4 2022 06:17:15  BuildStamp: freesurfer-linux-ubuntu22_x86_64-7.3.2-20220804-6354275  User: oesteban  Machine: dna056  Platform: Linux  PlatformVersion: 5.14.0-427.37.1.el9_4.x86_64  CompilerName: GCC  CompilerVersion: 8.4.0
ProgramName: mris_smooth  ProgramArguments: mris_smooth -all-info  ProgramVersion: 7.3.2  TimeStamp: 2026/03/10-00:06:46-GMT  BuildTime: Aug  4 2022 06:17:15  BuildStamp: freesurfer-linux-ubuntu22_x86_64-7.3.2-20220804-6354275  User: oesteban  Machine: dna056  Platform: Linux  PlatformVersion: 5.14.0-427.37.1.el9_4.x86_64  CompilerName: GCC  CompilerVersion: 8.4.0
ProgramName: mris_sphere  ProgramArguments: mris_sphere -all-info  ProgramVersion: 7.3.2  TimeStamp: 2026/03/10-00:06:46-GMT  BuildTime: Aug  4 2022 06:17:15  BuildStamp: freesurfer-linux-ubuntu22_x86_64-7.3.2-20220804-6354275  User: oesteban  Machine: dna056  Platform: Linux  PlatformVersion: 5.14.0-427.37.1.el9_4.x86_64  CompilerName: GCC  CompilerVersion: 8.4.0
ProgramName: mris_surface_stats  ProgramArguments: mris_surface_stats -all-info  ProgramVersion: 7.3.2  TimeStamp: 2026/03/10-00:06:46-GMT  BuildTime: Aug  4 2022 06:17:15  BuildStamp: freesurfer-linux-ubuntu22_x86_64-7.3.2-20220804-6354275  User: oesteban  Machine: dna056  Platform: Linux  PlatformVersion: 5.14.0-427.37.1.el9_4.x86_64  CompilerName: GCC  CompilerVersion: 8.4.0
ProgramName: mri_stats2seg  ProgramArguments: mri_stats2seg -all-info  ProgramVersion: 7.3.2  TimeStamp: 2026/03/10-00:06:46-GMT  BuildTime: Aug  4 2022 06:17:15  BuildStamp: freesurfer-linux-ubuntu22_x86_64-7.3.2-20220804-6354275  User: oesteban  Machine: dna056  Platform: Linux  PlatformVersion: 5.14.0-427.37.1.el9_4.x86_64  CompilerName: GCC  CompilerVersion: 8.4.0
ProgramName: mris_thickness  ProgramArguments: mris_thickness -all-info  ProgramVersion: 7.3.2  TimeStamp: 2026/03/10-00:06:46-GMT  BuildTime: Aug  4 2022 06:17:15  BuildStamp: freesurfer-linux-ubuntu22_x86_64-7.3.2-20220804-6354275  User: oesteban  Machine: dna056  Platform: Linux  PlatformVersion: 5.14.0-427.37.1.el9_4.x86_64  CompilerName: GCC  CompilerVersion: 8.4.0
ProgramName: mris_thickness_diff  ProgramArguments: mris_thickness_diff -all-info  ProgramVersion: 7.3.2  TimeStamp: 2026/03/10-00:06:46-GMT  BuildTime: Aug  4 2022 06:17:15  BuildStamp: freesurfer-linux-ubuntu22_x86_64-7.3.2-20220804-6354275  User: oesteban  Machine: dna056  Platform: Linux  PlatformVersion: 5.14.0-427.37.1.el9_4.x86_64  CompilerName: GCC  CompilerVersion: 8.4.0
ProgramName: mris_topo_fixer  ProgramArguments: mris_topo_fixer -all-info  ProgramVersion: 7.3.2  TimeStamp: 2026/03/10-00:06:46-GMT  BuildTime: Aug  4 2022 06:17:15  BuildStamp: freesurfer-linux-ubuntu22_x86_64-7.3.2-20220804-6354275  User: oesteban  Machine: dna056  Platform: Linux  PlatformVersion: 5.14.0-427.37.1.el9_4.x86_64  CompilerName: GCC  CompilerVersion: 8.4.0
ProgramName: mri_surf2surf  ProgramArguments: mri_surf2surf -all-info  ProgramVersion: 7.3.2  TimeStamp: 2026/03/10-00:06:46-GMT  BuildTime: Aug  4 2022 06:17:15  BuildStamp: freesurfer-linux-ubuntu22_x86_64-7.3.2-20220804-6354275  User: oesteban  Machine: dna056  Platform: Linux  PlatformVersion: 5.14.0-427.37.1.el9_4.x86_64  CompilerName: GCC  CompilerVersion: 8.4.0
ProgramName: mri_surf2vol  ProgramArguments: mri_surf2vol -all-info  ProgramVersion: 7.3.2  TimeStamp: 2026/03/10-00:06:46-GMT  BuildTime: Aug  4 2022 06:17:15  BuildStamp: freesurfer-linux-ubuntu22_x86_64-7.3.2-20220804-6354275  User: oesteban  Machine: dna056  Platform: Linux  PlatformVersion: 5.14.0-427.37.1.el9_4.x86_64  CompilerName: GCC  CompilerVersion: 8.4.0
ProgramName: mri_surfcluster  ProgramArguments: mri_surfcluster -all-info  ProgramVersion: 7.3.2  TimeStamp: 2026/03/10-00:06:46-GMT  BuildTime: Aug  4 2022 06:17:15  BuildStamp: freesurfer-linux-ubuntu22_x86_64-7.3.2-20220804-6354275  User: oesteban  Machine: dna056  Platform: Linux  PlatformVersion: 5.14.0-427.37.1.el9_4.x86_64  CompilerName: GCC  CompilerVersion: 8.4.0
ProgramName: mris_volmask  ProgramArguments: mris_volmask -all-info  ProgramVersion: 7.3.2  TimeStamp: 2026/03/10-00:06:46-GMT  BuildTime: Aug  4 2022 06:17:15  BuildStamp: freesurfer-linux-ubuntu22_x86_64-7.3.2-20220804-6354275  User: oesteban  Machine: dna056  Platform: Linux  PlatformVersion: 5.14.0-427.37.1.el9_4.x86_64  CompilerName: GCC  CompilerVersion: 8.4.0
ProgramName: mri_tessellate  ProgramArguments: mri_tessellate -all-info  ProgramVersion: 7.3.2  TimeStamp: 2026/03/10-00:06:46-GMT  BuildTime: Aug  4 2022 06:17:15  BuildStamp: freesurfer-linux-ubuntu22_x86_64-7.3.2-20220804-6354275  User: oesteban  Machine: dna056  Platform: Linux  PlatformVersion: 5.14.0-427.37.1.el9_4.x86_64  CompilerName: GCC  CompilerVersion: 8.4.0
ProgramName: mri_vol2surf  ProgramArguments: mri_vol2surf -all-info  ProgramVersion: 7.3.2  TimeStamp: 2026/03/10-00:06:46-GMT  BuildTime: Aug  4 2022 06:17:15  BuildStamp: freesurfer-linux-ubuntu22_x86_64-7.3.2-20220804-6354275  User: oesteban  Machine: dna056  Platform: Linux  PlatformVersion: 5.14.0-427.37.1.el9_4.x86_64  CompilerName: GCC  CompilerVersion: 8.4.0
ProgramName: mri_vol2vol  ProgramArguments: mri_vol2vol -all-info  ProgramVersion: 7.3.2  TimeStamp: 2026/03/10-00:06:46-GMT  BuildTime: Aug  4 2022 06:17:15  BuildStamp: freesurfer-linux-ubuntu22_x86_64-7.3.2-20220804-6354275  User: oesteban  Machine: dna056  Platform: Linux  PlatformVersion: 5.14.0-427.37.1.el9_4.x86_64  CompilerName: GCC  CompilerVersion: 8.4.0
ProgramName: mri_voldiff  ProgramArguments: mri_voldiff -all-info  ProgramVersion: 7.3.2  TimeStamp: 2026/03/10-00:06:46-GMT  BuildTime: Aug  4 2022 06:17:15  BuildStamp: freesurfer-linux-ubuntu22_x86_64-7.3.2-20220804-6354275  User: oesteban  Machine: dna056  Platform: Linux  PlatformVersion: 5.14.0-427.37.1.el9_4.x86_64  CompilerName: GCC  CompilerVersion: 8.4.0
ProgramName: mri_watershed  ProgramArguments: mri_watershed -all-info  ProgramVersion: 7.3.2  TimeStamp: 2026/03/10-00:06:46-GMT  BuildTime: Aug  4 2022 06:17:15  BuildStamp: freesurfer-linux-ubuntu22_x86_64-7.3.2-20220804-6354275  User: oesteban  Machine: dna056  Platform: Linux  PlatformVersion: 5.14.0-427.37.1.el9_4.x86_64  CompilerName: GCC  CompilerVersion: 8.4.0
ProgramName: tkregister2  ProgramArguments: tkregister2_cmdl -all-info  ProgramVersion: 7.3.2  TimeStamp: 2026/03/10-00:06:46-GMT  BuildTime: Aug  4 2022 06:17:15  BuildStamp: freesurfer-linux-ubuntu22_x86_64-7.3.2-20220804-6354275  User: oesteban  Machine: dna056  Platform: Linux  PlatformVersion: 5.14.0-427.37.1.el9_4.x86_64  CompilerName: GCC  CompilerVersion: 8.4.0
mri_motion_correct.fsl 7.3.2
mri_convert -all-info 
ProgramName: mri_convert  ProgramArguments: mri_convert -all-info  ProgramVersion: 7.3.2  TimeStamp: 2026/03/10-00:06:46-GMT  BuildTime: Aug  4 2022 06:17:15  BuildStamp: freesurfer-linux-ubuntu22_x86_64-7.3.2-20220804-6354275  User: oesteban  Machine: dna056  Platform: Linux  PlatformVersion: 5.14.0-427.37.1.el9_4.x86_64  CompilerName: GCC  CompilerVersion: 8.4.0
Program nu_correct, built from:
Package MNI N3, version 1.12.0, compiled by nicks@terrier (x86_64-unknown-linux-gnu) on 2015-06-19 at 01:25:34
#######################################
GCADIR /opt/freesurfer/average
GCA RB_all_2020-01-02.gca
GCASkull RB_all_withskull_2020_01_02.gca
AvgCurvTif folding.atlas.acfb40.noaparc.i12.2016-08-02.tif
GCSDIR /opt/freesurfer/average
GCS DKaparc.atlas.acfb40.noaparc.i12.2016-08-02.gcs
#######################################
#--------------------------------------------
#@# AutoDetGWStats rh Tue Mar 10 01:06:46 CET 2026
cd /out/sourcedata/freesurfer/sub-v1s2x0051480_ses-1/mri
mris_autodet_gwstats --o ../surf/autodet.gw.stats.rh.dat --i brain.finalsurfs.mgz --wm wm.mgz --surf ../surf/rh.orig.premesh
  Update not needed
#--------------------------------------------
#@# WhitePreAparc rh Tue Mar 10 01:06:46 CET 2026
cd /out/sourcedata/freesurfer/sub-v1s2x0051480_ses-1/mri
mris_place_surface --adgws-in ../surf/autodet.gw.stats.rh.dat --wm wm.mgz --threads 16 --invol brain.finalsurfs.mgz --rh --i ../surf/rh.orig --o ../surf/rh.white.preaparc --white --seg aseg.presurf.mgz --nsmooth 5
   Update not needed
#--------------------------------------------
#@# CortexLabel rh Tue Mar 10 01:06:46 CET 2026
cd /out/sourcedata/freesurfer/sub-v1s2x0051480_ses-1/mri
mri_label2label --label-cortex ../surf/rh.white.preaparc aseg.presurf.mgz 0 ../label/rh.cortex.label
   Update not needed
#--------------------------------------------
#@# CortexLabel+HipAmyg rh Tue Mar 10 01:06:46 CET 2026
cd /out/sourcedata/freesurfer/sub-v1s2x0051480_ses-1/mri
mri_label2label --label-cortex ../surf/rh.white.preaparc aseg.presurf.mgz 1 ../label/rh.cortex+hipamyg.label
   Update not needed
#@# white curv rh Tue Mar 10 01:06:46 CET 2026
cd /out/sourcedata/freesurfer/sub-v1s2x0051480_ses-1/mri
mris_place_surface --curv-map ../surf/rh.white 2 10 ../surf/rh.curv
   Update not needed
#@# white area rh Tue Mar 10 01:06:46 CET 2026
cd /out/sourcedata/freesurfer/sub-v1s2x0051480_ses-1/mri
mris_place_surface --area-map ../surf/rh.white ../surf/rh.area
   Update not needed
#@# pial curv rh Tue Mar 10 01:06:46 CET 2026
cd /out/sourcedata/freesurfer/sub-v1s2x0051480_ses-1/mri
mris_place_surface --curv-map ../surf/rh.pial 2 10 ../surf/rh.curv.pial
   Update not needed
#@# pial area rh Tue Mar 10 01:06:46 CET 2026
cd /out/sourcedata/freesurfer/sub-v1s2x0051480_ses-1/mri
mris_place_surface --area-map ../surf/rh.pial ../surf/rh.area.pial
   Update not needed
#@# thickness rh Tue Mar 10 01:06:46 CET 2026
cd /out/sourcedata/freesurfer/sub-v1s2x0051480_ses-1/mri
mris_place_surface --thickness ../surf/rh.white ../surf/rh.pial 20 5 ../surf/rh.thickness
   Update not needed
#@# area and vertex vol rh Tue Mar 10 01:06:46 CET 2026
cd /out/sourcedata/freesurfer/sub-v1s2x0051480_ses-1/mri
mris_place_surface --thickness ../surf/rh.white ../surf/rh.pial 20 5 ../surf/rh.thickness
   Update not needed
#-----------------------------------------
#@# Parcellation Stats rh Tue Mar 10 01:06:46 CET 2026
/out/sourcedata/freesurfer/sub-v1s2x0051480_ses-1/scripts

 mris_anatomical_stats -th3 -mgz -noglobal -cortex ../label/rh.cortex.label -f ../stats/rh.aparc.stats -b -a ../label/rh.aparc.annot -c ../label/aparc.annot.ctab sub-v1s2x0051480_ses-1 rh white 

computing statistics for each annotation in ../label/rh.aparc.annot.
reading volume /out/sourcedata/freesurfer/sub-v1s2x0051480_ses-1/mri/wm.mgz...
reading input surface /out/sourcedata/freesurfer/sub-v1s2x0051480_ses-1/surf/rh.white...
reading input pial surface /out/sourcedata/freesurfer/sub-v1s2x0051480_ses-1/surf/rh.pial...
reading input white surface /out/sourcedata/freesurfer/sub-v1s2x0051480_ses-1/surf/rh.white...
INFO: using TH3 volume calc
INFO: assuming MGZ format for volumes.
INFO: not computing global stats
INFO: using ../label/rh.cortex.label as mask to calc cortex NumVert, SurfArea and MeanThickness.
Using TH3 vertex volume calc
Total face volume 228385
Total vertex volume 228191 (mask=0)
Saving annotation colortable ../label/aparc.annot.ctab

table columns are:
    number of vertices
    total surface area (mm^2)
    total gray matter volume (mm^3)
    average cortical thickness +- standard deviation (mm)
    integrated rectified mean curvature
    integrated rectified Gaussian curvature
    folding index
    intrinsic curvature index
    structure name

 1298    835   2001  2.646 0.369     0.082     0.013        4     0.7  bankssts
 1034    724   2172  2.375 0.804     0.131     0.020       14     1.1  caudalanteriorcingulate
 3151   2106   6253  2.693 0.493     0.112     0.020       30     2.7  caudalmiddlefrontal
 2232   1498   2651  1.802 0.460     0.137     0.030       24     3.1  cuneus
  771    529   1916  2.845 0.735     0.103     0.019        7     0.6  entorhinal
 4475   3127   8918  2.610 0.530     0.122     0.023       54     4.2  fusiform
 8885   5426  14666  2.531 0.441     0.106     0.022       91     8.2  inferiorparietal
 5213   3634  11356  2.759 0.582     0.115     0.022       63     4.7  inferiortemporal
 1259    821   2024  2.285 0.810     0.115     0.020       14     1.0  isthmuscingulate
 8584   5605  11399  1.973 0.603     0.134     0.030      108    11.6  lateraloccipital
 4193   2974   8118  2.584 0.639     0.130     0.028       53     5.3  lateralorbitofrontal
 3725   2555   4894  1.855 0.571     0.133     0.029       46     4.7  lingual
 2831   2030   6035  2.633 0.608     0.122     0.023       43     2.6  medialorbitofrontal
 5086   3488  11749  2.879 0.568     0.112     0.020       50     4.2  middletemporal
  997    650   2288  3.058 0.755     0.104     0.021        9     0.8  parahippocampal
 2443   1479   3787  2.434 0.439     0.106     0.018       18     2.0  paracentral
 2084   1387   4152  2.681 0.391     0.102     0.018       19     1.6  parsopercularis
 1295    926   3099  2.849 0.497     0.142     0.029       21     1.5  parsorbitalis
 2304   1573   4568  2.671 0.483     0.122     0.023       23     2.2  parstriangularis
 2188   1512   1401  1.121 0.283     0.143     0.036       35     3.3  pericalcarine
 6111   3742   8645  2.115 0.669     0.104     0.020       49     5.2  postcentral
 1552   1033   2792  2.458 0.654     0.118     0.020       16     1.4  posteriorcingulate
 7869   5039  13783  2.581 0.669     0.109     0.021       63     7.2  precentral
 5244   3562   9363  2.465 0.461     0.117     0.021       53     4.5  precuneus
  672    498   1641  2.766 0.711     0.127     0.024        9     0.7  rostralanteriorcingulate
 7222   5149  13910  2.508 0.461     0.131     0.027       89     8.3  rostralmiddlefrontal
 9315   6281  20800  3.023 0.474     0.120     0.023       98     8.8  superiorfrontal
 8438   5150  12078  2.254 0.503     0.109     0.021       79     7.7  superiorparietal
 5330   3442  11492  2.926 0.670     0.091     0.015       37     3.4  superiortemporal
 4923   3258   9363  2.689 0.465     0.123     0.023       49     5.0  supramarginal
  482    360   1200  2.558 0.572     0.163     0.041       10     0.8  frontalpole
  682    530   2827  3.521 0.719     0.133     0.032       11     0.9  temporalpole
  510    324    862  2.467 0.436     0.123     0.022        5     0.5  transversetemporal
 2941   1999   5989  2.955 0.621     0.112     0.022       27     2.5  insula

 mris_anatomical_stats -th3 -mgz -noglobal -cortex ../label/rh.cortex.label -f ../stats/rh.aparc.pial.stats -b -a ../label/rh.aparc.annot -c ../label/aparc.annot.ctab sub-v1s2x0051480_ses-1 rh pial 

computing statistics for each annotation in ../label/rh.aparc.annot.
reading volume /out/sourcedata/freesurfer/sub-v1s2x0051480_ses-1/mri/wm.mgz...
reading input surface /out/sourcedata/freesurfer/sub-v1s2x0051480_ses-1/surf/rh.pial...
reading input pial surface /out/sourcedata/freesurfer/sub-v1s2x0051480_ses-1/surf/rh.pial...
reading input white surface /out/sourcedata/freesurfer/sub-v1s2x0051480_ses-1/surf/rh.white...
INFO: using TH3 volume calc
INFO: assuming MGZ format for volumes.
INFO: not computing global stats
INFO: using ../label/rh.cortex.label as mask to calc cortex NumVert, SurfArea and MeanThickness.
Using TH3 vertex volume calc
Total face volume 228385
Total vertex volume 228191 (mask=0)
Saving annotation colortable ../label/aparc.annot.ctab

table columns are:
    number of vertices
    total surface area (mm^2)
    total gray matter volume (mm^3)
    average cortical thickness +- standard deviation (mm)
    integrated rectified mean curvature
    integrated rectified Gaussian curvature
    folding index
    intrinsic curvature index
    structure name

 1298    671   2001  2.646 0.369     0.092     0.026       19     1.1  bankssts
 1034    989   2172  2.375 0.804     0.158     0.034       39     1.6  caudalanteriorcingulate
 3151   2483   6253  2.693 0.493     0.120     0.025       66     3.1  caudalmiddlefrontal
 2232   1658   2651  1.802 0.460     0.126     0.034       76     2.9  cuneus
  771    793   1916  2.845 0.735     0.190     0.049       24     2.0  entorhinal
 4475   3634   8918  2.610 0.530     0.133     0.113      670     5.6  fusiform
 8885   6279  14666  2.531 0.441     0.104     0.023      248     8.3  inferiorparietal
 5213   4615  11356  2.759 0.582     0.132     0.030       72     7.1  inferiortemporal
 1259    956   2024  2.285 0.810     0.143     0.039       40     1.8  isthmuscingulate
 8584   6267  11399  1.973 0.603     0.115     0.029      221    10.1  lateraloccipital
 4193   3461   8118  2.584 0.639     0.166     0.049      249     9.7  lateralorbitofrontal
 3725   2956   4894  1.855 0.571     0.140     0.040      120     6.0  lingual
 2831   2620   6035  2.633 0.608     0.154     0.034      145     4.3  medialorbitofrontal
 5086   4596  11749  2.879 0.568     0.128     0.028       78     6.0  middletemporal
  997    872   2288  3.058 0.755     0.172     0.048       19     2.3  parahippocampal
 2443   1653   3787  2.434 0.439     0.115     0.027      148     2.7  paracentral
 2084   1712   4152  2.681 0.391     0.124     0.027       21     2.5  parsopercularis
 1295   1269   3099  2.849 0.497     0.171     0.040      152     1.6  parsorbitalis
 2304   1776   4568  2.671 0.483     0.128     0.030       51     2.9  parstriangularis
 2188   1241   1401  1.121 0.283     0.111     0.036       73     2.2  pericalcarine
 6111   4492   8645  2.115 0.669     0.109     0.021       64     5.8  postcentral
 1552   1200   2792  2.458 0.654     0.135     0.032       54     2.0  posteriorcingulate
 7869   5532  13783  2.581 0.669     0.102     0.022      107     7.0  precentral
 5244   4046   9363  2.465 0.461     0.131     0.299      196     6.7  precuneus
  672    653   1641  2.766 0.711     0.157     0.034        7     0.9  rostralanteriorcingulate
 7222   6020  13910  2.508 0.461     0.143     0.032      186     9.7  rostralmiddlefrontal
 9315   7512  20800  3.023 0.474     0.161     0.031   416498    11.1  superiorfrontal
 8438   5722  12078  2.254 0.503     0.107     0.025      130     8.7  superiorparietal
 5330   4343  11492  2.926 0.670     0.120     0.028      170     6.2  superiortemporal
 4923   3756   9363  2.689 0.465     0.132     0.033      106     7.0  supramarginal
  482    578   1200  2.558 0.572     0.188     0.037        9     0.8  frontalpole
  682   1047   2827  3.521 0.719     0.213     0.034       13     1.2  temporalpole
  510    420    862  2.467 0.436     0.147     0.042        5     1.0  transversetemporal
 2941   2024   5989  2.955 0.621     0.153     0.045     4914     5.6  insula
#-----------------------------------------
#@# Parcellation Stats 2 rh Tue Mar 10 01:07:04 CET 2026
/out/sourcedata/freesurfer/sub-v1s2x0051480_ses-1/scripts

 mris_anatomical_stats -th3 -mgz -noglobal -cortex ../label/rh.cortex.label -f ../stats/rh.aparc.a2009s.stats -b -a ../label/rh.aparc.a2009s.annot -c ../label/aparc.annot.a2009s.ctab sub-v1s2x0051480_ses-1 rh white 

computing statistics for each annotation in ../label/rh.aparc.a2009s.annot.
reading volume /out/sourcedata/freesurfer/sub-v1s2x0051480_ses-1/mri/wm.mgz...
reading input surface /out/sourcedata/freesurfer/sub-v1s2x0051480_ses-1/surf/rh.white...
reading input pial surface /out/sourcedata/freesurfer/sub-v1s2x0051480_ses-1/surf/rh.pial...
reading input white surface /out/sourcedata/freesurfer/sub-v1s2x0051480_ses-1/surf/rh.white...
INFO: using TH3 volume calc
INFO: assuming MGZ format for volumes.
INFO: not computing global stats
INFO: using ../label/rh.cortex.label as mask to calc cortex NumVert, SurfArea and MeanThickness.
Using TH3 vertex volume calc
Total face volume 228385
Total vertex volume 228191 (mask=0)
Saving annotation colortable ../label/aparc.annot.a2009s.ctab

table columns are:
    number of vertices
    total surface area (mm^2)
    total gray matter volume (mm^3)
    average cortical thickness +- standard deviation (mm)
    integrated rectified mean curvature
    integrated rectified Gaussian curvature
    folding index
    intrinsic curvature index
    structure name

  986    751   1977  2.448 0.471     0.152     0.036       17     1.7  G_and_S_frontomargin
 1483   1018   2879  2.459 0.672     0.138     0.027       21     1.6  G_and_S_occipital_inf
 1777    984   2546  2.232 0.554     0.110     0.023       15     2.0  G_and_S_paracentral
 1419    952   2940  2.744 0.406     0.116     0.021       14     1.2  G_and_S_subcentral
  999    705   2327  2.731 0.448     0.141     0.031       16     1.1  G_and_S_transv_frontopol
 2508   1816   5501  2.888 0.520     0.121     0.023       30     2.4  G_and_S_cingul-Ant
 1275    908   2694  2.930 0.491     0.118     0.022       11     1.3  G_and_S_cingul-Mid-Ant
 1202    780   2098  2.601 0.442     0.093     0.016        6     0.9  G_and_S_cingul-Mid-Post
  440    313   1143  2.876 0.552     0.153     0.030        7     0.5  G_cingul-Post-dorsal
  262    183    609  2.645 0.462     0.135     0.034        4     0.3  G_cingul-Post-ventral
 2043   1390   2390  1.659 0.497     0.138     0.030       23     2.7  G_cuneus
 1394    937   3549  2.894 0.348     0.104     0.019       17     1.1  G_front_inf-Opercular
  451    323   1309  3.006 0.449     0.142     0.030        7     0.5  G_front_inf-Orbital
  862    575   1954  2.887 0.423     0.122     0.024       10     0.8  G_front_inf-Triangul
 3596   2493   8881  2.755 0.523     0.144     0.030       59     4.6  G_front_middle
 6486   4335  16071  3.073 0.479     0.129     0.026       83     6.7  G_front_sup
  551    387   1280  3.053 0.641     0.129     0.027        8     0.5  G_Ins_lg_and_S_cent_ins
  582    403   1828  3.234 0.822     0.129     0.037        9     0.9  G_insular_short
 2937   1863   5281  2.385 0.497     0.129     0.028       43     3.5  G_occipital_middle
 1800   1076   2429  1.975 0.517     0.118     0.028       17     2.2  G_occipital_sup
 1640   1175   3783  2.674 0.537     0.141     0.032       27     2.1  G_oc-temp_lat-fusifor
 2412   1668   3417  1.834 0.609     0.146     0.033       34     3.5  G_oc-temp_med-Lingual
 1801   1210   4617  2.985 0.764     0.117     0.027       24     1.8  G_oc-temp_med-Parahip
 2865   2093   7253  2.785 0.636     0.141     0.031       51     3.7  G_orbital
 3191   1781   5867  2.621 0.521     0.114     0.028       41     3.6  G_pariet_inf-Angular
 2523   1671   5480  2.749 0.457     0.135     0.027       31     3.0  G_pariet_inf-Supramar
 2464   1391   4203  2.524 0.488     0.106     0.024       27     2.4  G_parietal_sup
 2249   1262   3339  2.182 0.571     0.110     0.024       21     2.3  G_postcentral
 3124   1908   6588  2.743 0.783     0.107     0.022       27     2.9  G_precentral
 2248   1482   5071  2.674 0.471     0.128     0.026       32     2.3  G_precuneus
  753    586   2186  2.859 0.485     0.137     0.027       15     1.0  G_rectus
  444    314    887  2.638 0.776     0.145     0.053        9     0.9  G_subcallosal
  382    234    740  2.559 0.432     0.117     0.020        4     0.3  G_temp_sup-G_T_transv
 1763   1133   5148  3.317 0.680     0.118     0.022       21     1.7  G_temp_sup-Lateral
  799    556   2117  3.287 0.625     0.101     0.020        6     0.6  G_temp_sup-Plan_polar
  903    578   1551  2.533 0.553     0.065     0.008        3     0.3  G_temp_sup-Plan_tempo
 3036   2148   7765  2.866 0.599     0.124     0.026       42     3.3  G_temporal_inf
 2755   1952   8001  3.080 0.541     0.126     0.025       35     2.8  G_temporal_middle
  392    269    603  2.443 0.408     0.087     0.010        2     0.2  Lat_Fis-ant-Horizont
  230    159    305  2.400 0.482     0.120     0.019        2     0.2  Lat_Fis-ant-Vertical
 1271    837   1681  2.588 0.444     0.112     0.021        9     1.1  Lat_Fis-post
 3946   2520   3990  1.561 0.476     0.138     0.035       59     7.0  Pole_occipital
 1495   1186   5345  3.279 0.620     0.149     0.033       31     1.9  Pole_temporal
 2238   1510   2177  1.591 0.760     0.134     0.031       29     2.9  S_calcarine
 3155   2066   3235  1.821 0.629     0.111     0.022       23     3.0  S_central
 1249    834   1779  2.365 0.389     0.096     0.014        6     0.7  S_cingul-Marginalis
  772    505   1107  2.799 0.357     0.106     0.015        4     0.6  S_circular_insula_ant
 1160    748   1676  2.696 0.502     0.075     0.009        4     0.4  S_circular_insula_inf
 1248    827   1813  2.580 0.475     0.092     0.015        5     0.8  S_circular_insula_sup
 1324    887   2161  2.613 0.446     0.090     0.012        8     0.6  S_collat_transv_ant
  472    320    455  1.837 0.485     0.135     0.026        4     0.6  S_collat_transv_post
 2087   1431   3556  2.422 0.461     0.115     0.021       17     2.0  S_front_inf
 1503   1065   2249  2.373 0.385     0.100     0.017        8     1.0  S_front_middle
 2383   1630   3675  2.613 0.363     0.108     0.019       16     1.9  S_front_sup
  220    160    380  2.660 0.505     0.122     0.017        2     0.1  S_interm_prim-Jensen
 3560   2345   4964  2.286 0.412     0.102     0.016       27     2.7  S_intrapariet_and_P_trans
 1242    856   1284  1.875 0.433     0.141     0.031       13     1.7  S_oc_middle_and_Lunatus
 1527   1003   1863  2.079 0.478     0.122     0.022       15     1.3  S_oc_sup_and_transversal
 1074    727   1629  2.556 0.355     0.117     0.022        9     1.1  S_occipital_ant
 1202    811   1681  2.428 0.402     0.091     0.011        6     0.6  S_oc-temp_lat
 1627   1078   2481  2.492 0.604     0.096     0.016       10     1.1  S_oc-temp_med_and_Lingual
  488    349    768  2.462 0.392     0.126     0.025        4     0.5  S_orbital_lateral
  783    547   1121  2.262 0.657     0.123     0.021        6     0.8  S_orbital_med-olfact
 1560   1063   2683  2.489 0.533     0.111     0.018       12     1.2  S_orbital-H_Shaped
 2489   1635   3189  2.213 0.380     0.113     0.018       21     2.0  S_parieto_occipital
 1343    810   1057  1.571 0.489     0.116     0.015       18     0.9  S_pericallosal
 2392   1529   3307  2.446 0.448     0.094     0.014       14     1.4  S_postcentral
 1944   1265   2843  2.606 0.369     0.097     0.014       11     1.2  S_precentral-inf-part
 1214    833   1879  2.613 0.312     0.107     0.019        9     0.9  S_precentral-sup-part
  387    280    567  2.379 0.731     0.134     0.022        5     0.4  S_suborbital
  917    641   1434  2.321 0.470     0.119     0.019        7     0.7  S_subparietal
 1579   1029   1999  2.415 0.478     0.103     0.013        9     1.0  S_temporal_inf
 6161   3946   9078  2.577 0.393     0.082     0.012       27     3.2  S_temporal_sup
  300    210    482  2.725 0.494     0.107     0.016        2     0.3  S_temporal_transverse
#-----------------------------------------
#@# Parcellation Stats 3 rh Tue Mar 10 01:07:14 CET 2026
/out/sourcedata/freesurfer/sub-v1s2x0051480_ses-1/scripts

 mris_anatomical_stats -th3 -mgz -noglobal -cortex ../label/rh.cortex.label -f ../stats/rh.aparc.DKTatlas.stats -b -a ../label/rh.aparc.DKTatlas.annot -c ../label/aparc.annot.DKTatlas.ctab sub-v1s2x0051480_ses-1 rh white 

computing statistics for each annotation in ../label/rh.aparc.DKTatlas.annot.
reading volume /out/sourcedata/freesurfer/sub-v1s2x0051480_ses-1/mri/wm.mgz...
reading input surface /out/sourcedata/freesurfer/sub-v1s2x0051480_ses-1/surf/rh.white...
reading input pial surface /out/sourcedata/freesurfer/sub-v1s2x0051480_ses-1/surf/rh.pial...
reading input white surface /out/sourcedata/freesurfer/sub-v1s2x0051480_ses-1/surf/rh.white...
INFO: using TH3 volume calc
INFO: assuming MGZ format for volumes.
INFO: not computing global stats
INFO: using ../label/rh.cortex.label as mask to calc cortex NumVert, SurfArea and MeanThickness.
Using TH3 vertex volume calc
Total face volume 228385
Total vertex volume 228191 (mask=0)
Saving annotation colortable ../label/aparc.annot.DKTatlas.ctab

table columns are:
    number of vertices
    total surface area (mm^2)
    total gray matter volume (mm^3)
    average cortical thickness +- standard deviation (mm)
    integrated rectified mean curvature
    integrated rectified Gaussian curvature
    folding index
    intrinsic curvature index
    structure name

 1123    781   2289  2.375 0.781     0.133     0.020       15     1.2  caudalanteriorcingulate
 3310   2213   6431  2.679 0.496     0.113     0.021       31     2.9  caudalmiddlefrontal
 2852   1901   3494  1.839 0.471     0.137     0.029       32     3.7  cuneus
  751    518   1925  2.860 0.767     0.104     0.020        7     0.6  entorhinal
 3996   2770   7726  2.576 0.502     0.119     0.022       47     3.7  fusiform
 8846   5403  14523  2.528 0.438     0.107     0.022       92     8.1  inferiorparietal
 5610   3930  12410  2.773 0.585     0.115     0.022       67     5.2  inferiortemporal
 1230    798   1956  2.287 0.805     0.114     0.020       13     1.0  isthmuscingulate
 8573   5599  11379  1.961 0.604     0.135     0.030      108    11.8  lateraloccipital
 4346   3167   8978  2.579 0.640     0.134     0.030       61     5.6  lateralorbitofrontal
 3721   2538   4815  1.846 0.561     0.134     0.028       46     4.8  lingual
 2072   1523   4671  2.653 0.648     0.136     0.029       34     2.6  medialorbitofrontal
 6118   4189  13567  2.848 0.551     0.111     0.020       57     5.0  middletemporal
 1066    698   2433  3.044 0.747     0.103     0.021       10     0.8  parahippocampal
 2546   1542   3987  2.445 0.441     0.107     0.019       19     2.1  paracentral
 2343   1579   4728  2.674 0.400     0.107     0.019       22     1.9  parsopercularis
 1124    756   2491  2.812 0.549     0.119     0.020       12     0.9  parsorbitalis
 2349   1613   4860  2.696 0.496     0.125     0.025       25     2.4  parstriangularis
 2146   1486   1372  1.119 0.279     0.143     0.036       34     3.3  pericalcarine
 6935   4231   9906  2.153 0.655     0.105     0.020       57     6.0  postcentral
 1621   1077   2870  2.465 0.652     0.117     0.020       16     1.4  posteriorcingulate
 7615   4860  13483  2.592 0.675     0.109     0.021       61     6.9  precentral
 5376   3634   9642  2.457 0.475     0.118     0.021       55     4.7  precuneus
  966    685   2050  2.742 0.683     0.118     0.023       11     1.0  rostralanteriorcingulate
 5142   3667   9710  2.458 0.457     0.132     0.027       65     6.0  rostralmiddlefrontal
11935   8139  25908  2.923 0.500     0.122     0.024      134    11.4  superiorfrontal
 6803   4163   9619  2.263 0.494     0.106     0.021       62     5.9  superiorparietal
 6912   4551  15643  2.945 0.686     0.094     0.016       53     4.7  superiortemporal
 4660   3057   8865  2.701 0.467     0.121     0.023       46     4.8  supramarginal
  509    324    867  2.470 0.414     0.124     0.022        5     0.5  transversetemporal
 2743   1853   5593  2.987 0.583     0.111     0.021       25     2.3  insula
/out/sourcedata/freesurfer/sub-v1s2x0051480_ses-1/label
#--------------------------------------------
#@# BA_exvivo Labels rh Tue Mar 10 01:07:23 CET 2026

 mri_label2label --srcsubject fsaverage --srclabel /out/sourcedata/freesurfer/fsaverage/label/rh.BA1_exvivo.label --trgsubject sub-v1s2x0051480_ses-1 --trglabel ./rh.BA1_exvivo.label --hemi rh --regmethod surface 


srclabel = /out/sourcedata/freesurfer/fsaverage/label/rh.BA1_exvivo.label
srcsubject = fsaverage
trgsubject = sub-v1s2x0051480_ses-1
trglabel = ./rh.BA1_exvivo.label
regmethod = surface

srchemi = rh
trghemi = rh
trgsurface = white
srcsurfreg = sphere.reg
trgsurfreg = sphere.reg
usehash = 1
Use ProjAbs  = 0, 0
Use ProjFrac = 0, 0
DoPaint 0

SUBJECTS_DIR    /out/sourcedata/freesurfer
FREESURFER_HOME /opt/freesurfer
Loading source label.
Found 3962 points in source label.
Starting surface-based mapping
Reading source registration 
 /out/sourcedata/freesurfer/fsaverage/surf/rh.sphere.reg
Rescaling ...  original radius = 100
Reading target surface 
 /out/sourcedata/freesurfer/sub-v1s2x0051480_ses-1/surf/rh.white
Reading target registration 
 /out/sourcedata/freesurfer/sub-v1s2x0051480_ses-1/surf/rh.sphere.reg
Rescaling ...  original radius = 100
Building target registration hash (res=16).
Building source registration hash (res=16).
INFO: found  3962 nlabel points
Performing mapping from target back to the source label 133382
Number of reverse mapping hits = 165
Checking for and removing duplicates
Writing label file ./rh.BA1_exvivo.label 4127
mri_label2label: Done


 mri_label2label --srcsubject fsaverage --srclabel /out/sourcedata/freesurfer/fsaverage/label/rh.BA2_exvivo.label --trgsubject sub-v1s2x0051480_ses-1 --trglabel ./rh.BA2_exvivo.label --hemi rh --regmethod surface 


srclabel = /out/sourcedata/freesurfer/fsaverage/label/rh.BA2_exvivo.label
srcsubject = fsaverage
trgsubject = sub-v1s2x0051480_ses-1
trglabel = ./rh.BA2_exvivo.label
regmethod = surface

srchemi = rh
trghemi = rh
trgsurface = white
srcsurfreg = sphere.reg
trgsurfreg = sphere.reg
usehash = 1
Use ProjAbs  = 0, 0
Use ProjFrac = 0, 0
DoPaint 0

SUBJECTS_DIR    /out/sourcedata/freesurfer
FREESURFER_HOME /opt/freesurfer
Loading source label.
Found 6687 points in source label.
Starting surface-based mapping
Reading source registration 
 /out/sourcedata/freesurfer/fsaverage/surf/rh.sphere.reg
Rescaling ...  original radius = 100
Reading target surface 
 /out/sourcedata/freesurfer/sub-v1s2x0051480_ses-1/surf/rh.white
Reading target registration 
 /out/sourcedata/freesurfer/sub-v1s2x0051480_ses-1/surf/rh.sphere.reg
Rescaling ...  original radius = 100
Building target registration hash (res=16).
Building source registration hash (res=16).
INFO: found  6687 nlabel points
Performing mapping from target back to the source label 133382
Number of reverse mapping hits = 230
Checking for and removing duplicates
Writing label file ./rh.BA2_exvivo.label 6917
mri_label2label: Done


 mri_label2label --srcsubject fsaverage --srclabel /out/sourcedata/freesurfer/fsaverage/label/rh.BA3a_exvivo.label --trgsubject sub-v1s2x0051480_ses-1 --trglabel ./rh.BA3a_exvivo.label --hemi rh --regmethod surface 


srclabel = /out/sourcedata/freesurfer/fsaverage/label/rh.BA3a_exvivo.label
srcsubject = fsaverage
trgsubject = sub-v1s2x0051480_ses-1
trglabel = ./rh.BA3a_exvivo.label
regmethod = surface

srchemi = rh
trghemi = rh
trgsurface = white
srcsurfreg = sphere.reg
trgsurfreg = sphere.reg
usehash = 1
Use ProjAbs  = 0, 0
Use ProjFrac = 0, 0
DoPaint 0

SUBJECTS_DIR    /out/sourcedata/freesurfer
FREESURFER_HOME /opt/freesurfer
Loading source label.
Found 3980 points in source label.
Starting surface-based mapping
Reading source registration 
 /out/sourcedata/freesurfer/fsaverage/surf/rh.sphere.reg
Rescaling ...  original radius = 100
Reading target surface 
 /out/sourcedata/freesurfer/sub-v1s2x0051480_ses-1/surf/rh.white
Reading target registration 
 /out/sourcedata/freesurfer/sub-v1s2x0051480_ses-1/surf/rh.sphere.reg
Rescaling ...  original radius = 100
Building target registration hash (res=16).
Building source registration hash (res=16).
INFO: found  3980 nlabel points
Performing mapping from target back to the source label 133382
Number of reverse mapping hits = 35
Checking for and removing duplicates
Writing label file ./rh.BA3a_exvivo.label 4015
mri_label2label: Done


 mri_label2label --srcsubject fsaverage --srclabel /out/sourcedata/freesurfer/fsaverage/label/rh.BA3b_exvivo.label --trgsubject sub-v1s2x0051480_ses-1 --trglabel ./rh.BA3b_exvivo.label --hemi rh --regmethod surface 


srclabel = /out/sourcedata/freesurfer/fsaverage/label/rh.BA3b_exvivo.label
srcsubject = fsaverage
trgsubject = sub-v1s2x0051480_ses-1
trglabel = ./rh.BA3b_exvivo.label
regmethod = surface

srchemi = rh
trghemi = rh
trgsurface = white
srcsurfreg = sphere.reg
trgsurfreg = sphere.reg
usehash = 1
Use ProjAbs  = 0, 0
Use ProjFrac = 0, 0
DoPaint 0

SUBJECTS_DIR    /out/sourcedata/freesurfer
FREESURFER_HOME /opt/freesurfer
Loading source label.
Found 4522 points in source label.
Starting surface-based mapping
Reading source registration 
 /out/sourcedata/freesurfer/fsaverage/surf/rh.sphere.reg
Rescaling ...  original radius = 100
Reading target surface 
 /out/sourcedata/freesurfer/sub-v1s2x0051480_ses-1/surf/rh.white
Reading target registration 
 /out/sourcedata/freesurfer/sub-v1s2x0051480_ses-1/surf/rh.sphere.reg
Rescaling ...  original radius = 100
Building target registration hash (res=16).
Building source registration hash (res=16).
INFO: found  4522 nlabel points
Performing mapping from target back to the source label 133382
Number of reverse mapping hits = 121
Checking for and removing duplicates
Writing label file ./rh.BA3b_exvivo.label 4643
mri_label2label: Done


 mri_label2label --srcsubject fsaverage --srclabel /out/sourcedata/freesurfer/fsaverage/label/rh.BA4a_exvivo.label --trgsubject sub-v1s2x0051480_ses-1 --trglabel ./rh.BA4a_exvivo.label --hemi rh --regmethod surface 


srclabel = /out/sourcedata/freesurfer/fsaverage/label/rh.BA4a_exvivo.label
srcsubject = fsaverage
trgsubject = sub-v1s2x0051480_ses-1
trglabel = ./rh.BA4a_exvivo.label
regmethod = surface

srchemi = rh
trghemi = rh
trgsurface = white
srcsurfreg = sphere.reg
trgsurfreg = sphere.reg
usehash = 1
Use ProjAbs  = 0, 0
Use ProjFrac = 0, 0
DoPaint 0

SUBJECTS_DIR    /out/sourcedata/freesurfer
FREESURFER_HOME /opt/freesurfer
Loading source label.
Found 5747 points in source label.
Starting surface-based mapping
Reading source registration 
 /out/sourcedata/freesurfer/fsaverage/surf/rh.sphere.reg
Rescaling ...  original radius = 100
Reading target surface 
 /out/sourcedata/freesurfer/sub-v1s2x0051480_ses-1/surf/rh.white
Reading target registration 
 /out/sourcedata/freesurfer/sub-v1s2x0051480_ses-1/surf/rh.sphere.reg
Rescaling ...  original radius = 100
Building target registration hash (res=16).
Building source registration hash (res=16).
INFO: found  5747 nlabel points
Performing mapping from target back to the source label 133382
Number of reverse mapping hits = 222
Checking for and removing duplicates
Writing label file ./rh.BA4a_exvivo.label 5969
mri_label2label: Done


 mri_label2label --srcsubject fsaverage --srclabel /out/sourcedata/freesurfer/fsaverage/label/rh.BA4p_exvivo.label --trgsubject sub-v1s2x0051480_ses-1 --trglabel ./rh.BA4p_exvivo.label --hemi rh --regmethod surface 


srclabel = /out/sourcedata/freesurfer/fsaverage/label/rh.BA4p_exvivo.label
srcsubject = fsaverage
trgsubject = sub-v1s2x0051480_ses-1
trglabel = ./rh.BA4p_exvivo.label
regmethod = surface

srchemi = rh
trghemi = rh
trgsurface = white
srcsurfreg = sphere.reg
trgsurfreg = sphere.reg
usehash = 1
Use ProjAbs  = 0, 0
Use ProjFrac = 0, 0
DoPaint 0

SUBJECTS_DIR    /out/sourcedata/freesurfer
FREESURFER_HOME /opt/freesurfer
Loading source label.
Found 4473 points in source label.
Starting surface-based mapping
Reading source registration 
 /out/sourcedata/freesurfer/fsaverage/surf/rh.sphere.reg
Rescaling ...  original radius = 100
Reading target surface 
 /out/sourcedata/freesurfer/sub-v1s2x0051480_ses-1/surf/rh.white
Reading target registration 
 /out/sourcedata/freesurfer/sub-v1s2x0051480_ses-1/surf/rh.sphere.reg
Rescaling ...  original radius = 100
Building target registration hash (res=16).
Building source registration hash (res=16).
INFO: found  4473 nlabel points
Performing mapping from target back to the source label 133382
Number of reverse mapping hits = 87
Checking for and removing duplicates
Writing label file ./rh.BA4p_exvivo.label 4560
mri_label2label: Done


 mri_label2label --srcsubject fsaverage --srclabel /out/sourcedata/freesurfer/fsaverage/label/rh.BA6_exvivo.label --trgsubject sub-v1s2x0051480_ses-1 --trglabel ./rh.BA6_exvivo.label --hemi rh --regmethod surface 


srclabel = /out/sourcedata/freesurfer/fsaverage/label/rh.BA6_exvivo.label
srcsubject = fsaverage
trgsubject = sub-v1s2x0051480_ses-1
trglabel = ./rh.BA6_exvivo.label
regmethod = surface

srchemi = rh
trghemi = rh
trgsurface = white
srcsurfreg = sphere.reg
trgsurfreg = sphere.reg
usehash = 1
Use ProjAbs  = 0, 0
Use ProjFrac = 0, 0
DoPaint 0

SUBJECTS_DIR    /out/sourcedata/freesurfer
FREESURFER_HOME /opt/freesurfer
Loading source label.
Found 12256 points in source label.
Starting surface-based mapping
Reading source registration 
 /out/sourcedata/freesurfer/fsaverage/surf/rh.sphere.reg
Rescaling ...  original radius = 100
Reading target surface 
 /out/sourcedata/freesurfer/sub-v1s2x0051480_ses-1/surf/rh.white
Reading target registration 
 /out/sourcedata/freesurfer/sub-v1s2x0051480_ses-1/surf/rh.sphere.reg
Rescaling ...  original radius = 100
Building target registration hash (res=16).
Building source registration hash (res=16).
INFO: found  12256 nlabel points
Performing mapping from target back to the source label 133382
Number of reverse mapping hits = 549
Checking for and removing duplicates
Writing label file ./rh.BA6_exvivo.label 12805
mri_label2label: Done


 mri_label2label --srcsubject fsaverage --srclabel /out/sourcedata/freesurfer/fsaverage/label/rh.BA44_exvivo.label --trgsubject sub-v1s2x0051480_ses-1 --trglabel ./rh.BA44_exvivo.label --hemi rh --regmethod surface 


srclabel = /out/sourcedata/freesurfer/fsaverage/label/rh.BA44_exvivo.label
srcsubject = fsaverage
trgsubject = sub-v1s2x0051480_ses-1
trglabel = ./rh.BA44_exvivo.label
regmethod = surface

srchemi = rh
trghemi = rh
trgsurface = white
srcsurfreg = sphere.reg
trgsurfreg = sphere.reg
usehash = 1
Use ProjAbs  = 0, 0
Use ProjFrac = 0, 0
DoPaint 0

SUBJECTS_DIR    /out/sourcedata/freesurfer
FREESURFER_HOME /opt/freesurfer
Loading source label.
Found 6912 points in source label.
Starting surface-based mapping
Reading source registration 
 /out/sourcedata/freesurfer/fsaverage/surf/rh.sphere.reg
Rescaling ...  original radius = 100
Reading target surface 
 /out/sourcedata/freesurfer/sub-v1s2x0051480_ses-1/surf/rh.white
Reading target registration 
 /out/sourcedata/freesurfer/sub-v1s2x0051480_ses-1/surf/rh.sphere.reg
Rescaling ...  original radius = 100
Building target registration hash (res=16).
Building source registration hash (res=16).
INFO: found  6912 nlabel points
Performing mapping from target back to the source label 133382
Number of reverse mapping hits = 538
Checking for and removing duplicates
Writing label file ./rh.BA44_exvivo.label 7450
mri_label2label: Done


 mri_label2label --srcsubject fsaverage --srclabel /out/sourcedata/freesurfer/fsaverage/label/rh.BA45_exvivo.label --trgsubject sub-v1s2x0051480_ses-1 --trglabel ./rh.BA45_exvivo.label --hemi rh --regmethod surface 


srclabel = /out/sourcedata/freesurfer/fsaverage/label/rh.BA45_exvivo.label
srcsubject = fsaverage
trgsubject = sub-v1s2x0051480_ses-1
trglabel = ./rh.BA45_exvivo.label
regmethod = surface

srchemi = rh
trghemi = rh
trgsurface = white
srcsurfreg = sphere.reg
trgsurfreg = sphere.reg
usehash = 1
Use ProjAbs  = 0, 0
Use ProjFrac = 0, 0
DoPaint 0

SUBJECTS_DIR    /out/sourcedata/freesurfer
FREESURFER_HOME /opt/freesurfer
Loading source label.
Found 5355 points in source label.
Starting surface-based mapping
Reading source registration 
 /out/sourcedata/freesurfer/fsaverage/surf/rh.sphere.reg
Rescaling ...  original radius = 100
Reading target surface 
 /out/sourcedata/freesurfer/sub-v1s2x0051480_ses-1/surf/rh.white
Reading target registration 
 /out/sourcedata/freesurfer/sub-v1s2x0051480_ses-1/surf/rh.sphere.reg
Rescaling ...  original radius = 100
Building target registration hash (res=16).
Building source registration hash (res=16).
INFO: found  5355 nlabel points
Performing mapping from target back to the source label 133382
Number of reverse mapping hits = 661
Checking for and removing duplicates
Writing label file ./rh.BA45_exvivo.label 6016
mri_label2label: Done


 mri_label2label --srcsubject fsaverage --srclabel /out/sourcedata/freesurfer/fsaverage/label/rh.V1_exvivo.label --trgsubject sub-v1s2x0051480_ses-1 --trglabel ./rh.V1_exvivo.label --hemi rh --regmethod surface 


srclabel = /out/sourcedata/freesurfer/fsaverage/label/rh.V1_exvivo.label
srcsubject = fsaverage
trgsubject = sub-v1s2x0051480_ses-1
trglabel = ./rh.V1_exvivo.label
regmethod = surface

srchemi = rh
trghemi = rh
trgsurface = white
srcsurfreg = sphere.reg
trgsurfreg = sphere.reg
usehash = 1
Use ProjAbs  = 0, 0
Use ProjFrac = 0, 0
DoPaint 0

SUBJECTS_DIR    /out/sourcedata/freesurfer
FREESURFER_HOME /opt/freesurfer
Loading source label.
Found 4727 points in source label.
Starting surface-based mapping
Reading source registration 
 /out/sourcedata/freesurfer/fsaverage/surf/rh.sphere.reg
Rescaling ...  original radius = 100
Reading target surface 
 /out/sourcedata/freesurfer/sub-v1s2x0051480_ses-1/surf/rh.white
Reading target registration 
 /out/sourcedata/freesurfer/sub-v1s2x0051480_ses-1/surf/rh.sphere.reg
Rescaling ...  original radius = 100
Building target registration hash (res=16).
Building source registration hash (res=16).
INFO: found  4727 nlabel points
Performing mapping from target back to the source label 133382
Number of reverse mapping hits = 1308
Checking for and removing duplicates
Writing label file ./rh.V1_exvivo.label 6035
mri_label2label: Done


 mri_label2label --srcsubject fsaverage --srclabel /out/sourcedata/freesurfer/fsaverage/label/rh.V2_exvivo.label --trgsubject sub-v1s2x0051480_ses-1 --trglabel ./rh.V2_exvivo.label --hemi rh --regmethod surface 


srclabel = /out/sourcedata/freesurfer/fsaverage/label/rh.V2_exvivo.label
srcsubject = fsaverage
trgsubject = sub-v1s2x0051480_ses-1
trglabel = ./rh.V2_exvivo.label
regmethod = surface

srchemi = rh
trghemi = rh
trgsurface = white
srcsurfreg = sphere.reg
trgsurfreg = sphere.reg
usehash = 1
Use ProjAbs  = 0, 0
Use ProjFrac = 0, 0
DoPaint 0

SUBJECTS_DIR    /out/sourcedata/freesurfer
FREESURFER_HOME /opt/freesurfer
Loading source label.
Found 8016 points in source label.
Starting surface-based mapping
Reading source registration 
 /out/sourcedata/freesurfer/fsaverage/surf/rh.sphere.reg
Rescaling ...  original radius = 100
Reading target surface 
 /out/sourcedata/freesurfer/sub-v1s2x0051480_ses-1/surf/rh.white
Reading target registration 
 /out/sourcedata/freesurfer/sub-v1s2x0051480_ses-1/surf/rh.sphere.reg
Rescaling ...  original radius = 100
Building target registration hash (res=16).
Building source registration hash (res=16).
INFO: found  8016 nlabel points
Performing mapping from target back to the source label 133382
Number of reverse mapping hits = 2182
Checking for and removing duplicates
Writing label file ./rh.V2_exvivo.label 10198
mri_label2label: Done


 mri_label2label --srcsubject fsaverage --srclabel /out/sourcedata/freesurfer/fsaverage/label/rh.MT_exvivo.label --trgsubject sub-v1s2x0051480_ses-1 --trglabel ./rh.MT_exvivo.label --hemi rh --regmethod surface 


srclabel = /out/sourcedata/freesurfer/fsaverage/label/rh.MT_exvivo.label
srcsubject = fsaverage
trgsubject = sub-v1s2x0051480_ses-1
trglabel = ./rh.MT_exvivo.label
regmethod = surface

srchemi = rh
trghemi = rh
trgsurface = white
srcsurfreg = sphere.reg
trgsurfreg = sphere.reg
usehash = 1
Use ProjAbs  = 0, 0
Use ProjFrac = 0, 0
DoPaint 0

SUBJECTS_DIR    /out/sourcedata/freesurfer
FREESURFER_HOME /opt/freesurfer
Loading source label.
Found 1932 points in source label.
Starting surface-based mapping
Reading source registration 
 /out/sourcedata/freesurfer/fsaverage/surf/rh.sphere.reg
Rescaling ...  original radius = 100
Reading target surface 
 /out/sourcedata/freesurfer/sub-v1s2x0051480_ses-1/surf/rh.white
Reading target registration 
 /out/sourcedata/freesurfer/sub-v1s2x0051480_ses-1/surf/rh.sphere.reg
Rescaling ...  original radius = 100
Building target registration hash (res=16).
Building source registration hash (res=16).
INFO: found  1932 nlabel points
Performing mapping from target back to the source label 133382
Number of reverse mapping hits = 689
Checking for and removing duplicates
Writing label file ./rh.MT_exvivo.label 2621
mri_label2label: Done


 mri_label2label --srcsubject fsaverage --srclabel /out/sourcedata/freesurfer/fsaverage/label/rh.entorhinal_exvivo.label --trgsubject sub-v1s2x0051480_ses-1 --trglabel ./rh.entorhinal_exvivo.label --hemi rh --regmethod surface 


srclabel = /out/sourcedata/freesurfer/fsaverage/label/rh.entorhinal_exvivo.label
srcsubject = fsaverage
trgsubject = sub-v1s2x0051480_ses-1
trglabel = ./rh.entorhinal_exvivo.label
regmethod = surface

srchemi = rh
trghemi = rh
trgsurface = white
srcsurfreg = sphere.reg
trgsurfreg = sphere.reg
usehash = 1
Use ProjAbs  = 0, 0
Use ProjFrac = 0, 0
DoPaint 0

SUBJECTS_DIR    /out/sourcedata/freesurfer
FREESURFER_HOME /opt/freesurfer
Loading source label.
Found 1038 points in source label.
Starting surface-based mapping
Reading source registration 
 /out/sourcedata/freesurfer/fsaverage/surf/rh.sphere.reg
Rescaling ...  original radius = 100
Reading target surface 
 /out/sourcedata/freesurfer/sub-v1s2x0051480_ses-1/surf/rh.white
Reading target registration 
 /out/sourcedata/freesurfer/sub-v1s2x0051480_ses-1/surf/rh.sphere.reg
Rescaling ...  original radius = 100
Building target registration hash (res=16).
Building source registration hash (res=16).
INFO: found  1038 nlabel points
Performing mapping from target back to the source label 133382
Number of reverse mapping hits = 176
Checking for and removing duplicates
Writing label file ./rh.entorhinal_exvivo.label 1214
mri_label2label: Done


 mri_label2label --srcsubject fsaverage --srclabel /out/sourcedata/freesurfer/fsaverage/label/rh.perirhinal_exvivo.label --trgsubject sub-v1s2x0051480_ses-1 --trglabel ./rh.perirhinal_exvivo.label --hemi rh --regmethod surface 


srclabel = /out/sourcedata/freesurfer/fsaverage/label/rh.perirhinal_exvivo.label
srcsubject = fsaverage
trgsubject = sub-v1s2x0051480_ses-1
trglabel = ./rh.perirhinal_exvivo.label
regmethod = surface

srchemi = rh
trghemi = rh
trgsurface = white
srcsurfreg = sphere.reg
trgsurfreg = sphere.reg
usehash = 1
Use ProjAbs  = 0, 0
Use ProjFrac = 0, 0
DoPaint 0

SUBJECTS_DIR    /out/sourcedata/freesurfer
FREESURFER_HOME /opt/freesurfer
Loading source label.
Found 752 points in source label.
Starting surface-based mapping
Reading source registration 
 /out/sourcedata/freesurfer/fsaverage/surf/rh.sphere.reg
Rescaling ...  original radius = 100
Reading target surface 
 /out/sourcedata/freesurfer/sub-v1s2x0051480_ses-1/surf/rh.white
Reading target registration 
 /out/sourcedata/freesurfer/sub-v1s2x0051480_ses-1/surf/rh.sphere.reg
Rescaling ...  original radius = 100
Building target registration hash (res=16).
Building source registration hash (res=16).
INFO: found  752 nlabel points
Performing mapping from target back to the source label 133382
Number of reverse mapping hits = 135
Checking for and removing duplicates
Writing label file ./rh.perirhinal_exvivo.label 887
mri_label2label: Done


 mri_label2label --srcsubject fsaverage --srclabel /out/sourcedata/freesurfer/fsaverage/label/rh.FG1.mpm.vpnl.label --trgsubject sub-v1s2x0051480_ses-1 --trglabel ./rh.FG1.mpm.vpnl.label --hemi rh --regmethod surface 


srclabel = /out/sourcedata/freesurfer/fsaverage/label/rh.FG1.mpm.vpnl.label
srcsubject = fsaverage
trgsubject = sub-v1s2x0051480_ses-1
trglabel = ./rh.FG1.mpm.vpnl.label
regmethod = surface

srchemi = rh
trghemi = rh
trgsurface = white
srcsurfreg = sphere.reg
trgsurfreg = sphere.reg
usehash = 1
Use ProjAbs  = 0, 0
Use ProjFrac = 0, 0
DoPaint 0

SUBJECTS_DIR    /out/sourcedata/freesurfer
FREESURFER_HOME /opt/freesurfer
Loading source label.
Found 541 points in source label.
Starting surface-based mapping
Reading source registration 
 /out/sourcedata/freesurfer/fsaverage/surf/rh.sphere.reg
Rescaling ...  original radius = 100
Reading target surface 
 /out/sourcedata/freesurfer/sub-v1s2x0051480_ses-1/surf/rh.white
Reading target registration 
 /out/sourcedata/freesurfer/sub-v1s2x0051480_ses-1/surf/rh.sphere.reg
Rescaling ...  original radius = 100
Building target registration hash (res=16).
Building source registration hash (res=16).
INFO: found  541 nlabel points
Performing mapping from target back to the source label 133382
Number of reverse mapping hits = 170
Checking for and removing duplicates
Writing label file ./rh.FG1.mpm.vpnl.label 711
mri_label2label: Done


 mri_label2label --srcsubject fsaverage --srclabel /out/sourcedata/freesurfer/fsaverage/label/rh.FG2.mpm.vpnl.label --trgsubject sub-v1s2x0051480_ses-1 --trglabel ./rh.FG2.mpm.vpnl.label --hemi rh --regmethod surface 


srclabel = /out/sourcedata/freesurfer/fsaverage/label/rh.FG2.mpm.vpnl.label
srcsubject = fsaverage
trgsubject = sub-v1s2x0051480_ses-1
trglabel = ./rh.FG2.mpm.vpnl.label
regmethod = surface

srchemi = rh
trghemi = rh
trgsurface = white
srcsurfreg = sphere.reg
trgsurfreg = sphere.reg
usehash = 1
Use ProjAbs  = 0, 0
Use ProjFrac = 0, 0
DoPaint 0

SUBJECTS_DIR    /out/sourcedata/freesurfer
FREESURFER_HOME /opt/freesurfer
Loading source label.
Found 721 points in source label.
Starting surface-based mapping
Reading source registration 
 /out/sourcedata/freesurfer/fsaverage/surf/rh.sphere.reg
Rescaling ...  original radius = 100
Reading target surface 
 /out/sourcedata/freesurfer/sub-v1s2x0051480_ses-1/surf/rh.white
Reading target registration 
 /out/sourcedata/freesurfer/sub-v1s2x0051480_ses-1/surf/rh.sphere.reg
Rescaling ...  original radius = 100
Building target registration hash (res=16).
Building source registration hash (res=16).
INFO: found  721 nlabel points
Performing mapping from target back to the source label 133382
Number of reverse mapping hits = 207
Checking for and removing duplicates
Writing label file ./rh.FG2.mpm.vpnl.label 928
mri_label2label: Done


 mri_label2label --srcsubject fsaverage --srclabel /out/sourcedata/freesurfer/fsaverage/label/rh.FG3.mpm.vpnl.label --trgsubject sub-v1s2x0051480_ses-1 --trglabel ./rh.FG3.mpm.vpnl.label --hemi rh --regmethod surface 


srclabel = /out/sourcedata/freesurfer/fsaverage/label/rh.FG3.mpm.vpnl.label
srcsubject = fsaverage
trgsubject = sub-v1s2x0051480_ses-1
trglabel = ./rh.FG3.mpm.vpnl.label
regmethod = surface

srchemi = rh
trghemi = rh
trgsurface = white
srcsurfreg = sphere.reg
trgsurfreg = sphere.reg
usehash = 1
Use ProjAbs  = 0, 0
Use ProjFrac = 0, 0
DoPaint 0

SUBJECTS_DIR    /out/sourcedata/freesurfer
FREESURFER_HOME /opt/freesurfer
Loading source label.
Found 1523 points in source label.
Starting surface-based mapping
Reading source registration 
 /out/sourcedata/freesurfer/fsaverage/surf/rh.sphere.reg
Rescaling ...  original radius = 100
Reading target surface 
 /out/sourcedata/freesurfer/sub-v1s2x0051480_ses-1/surf/rh.white
Reading target registration 
 /out/sourcedata/freesurfer/sub-v1s2x0051480_ses-1/surf/rh.sphere.reg
Rescaling ...  original radius = 100
Building target registration hash (res=16).
Building source registration hash (res=16).
INFO: found  1523 nlabel points
Performing mapping from target back to the source label 133382
Number of reverse mapping hits = 73
Checking for and removing duplicates
Writing label file ./rh.FG3.mpm.vpnl.label 1596
mri_label2label: Done


 mri_label2label --srcsubject fsaverage --srclabel /out/sourcedata/freesurfer/fsaverage/label/rh.FG4.mpm.vpnl.label --trgsubject sub-v1s2x0051480_ses-1 --trglabel ./rh.FG4.mpm.vpnl.label --hemi rh --regmethod surface 


srclabel = /out/sourcedata/freesurfer/fsaverage/label/rh.FG4.mpm.vpnl.label
srcsubject = fsaverage
trgsubject = sub-v1s2x0051480_ses-1
trglabel = ./rh.FG4.mpm.vpnl.label
regmethod = surface

srchemi = rh
trghemi = rh
trgsurface = white
srcsurfreg = sphere.reg
trgsurfreg = sphere.reg
usehash = 1
Use ProjAbs  = 0, 0
Use ProjFrac = 0, 0
DoPaint 0

SUBJECTS_DIR    /out/sourcedata/freesurfer
FREESURFER_HOME /opt/freesurfer
Loading source label.
Found 1586 points in source label.
Starting surface-based mapping
Reading source registration 
 /out/sourcedata/freesurfer/fsaverage/surf/rh.sphere.reg
Rescaling ...  original radius = 100
Reading target surface 
 /out/sourcedata/freesurfer/sub-v1s2x0051480_ses-1/surf/rh.white
Reading target registration 
 /out/sourcedata/freesurfer/sub-v1s2x0051480_ses-1/surf/rh.sphere.reg
Rescaling ...  original radius = 100
Building target registration hash (res=16).
Building source registration hash (res=16).
INFO: found  1586 nlabel points
Performing mapping from target back to the source label 133382
Number of reverse mapping hits = 299
Checking for and removing duplicates
Writing label file ./rh.FG4.mpm.vpnl.label 1885
mri_label2label: Done


 mri_label2label --srcsubject fsaverage --srclabel /out/sourcedata/freesurfer/fsaverage/label/rh.hOc1.mpm.vpnl.label --trgsubject sub-v1s2x0051480_ses-1 --trglabel ./rh.hOc1.mpm.vpnl.label --hemi rh --regmethod surface 


srclabel = /out/sourcedata/freesurfer/fsaverage/label/rh.hOc1.mpm.vpnl.label
srcsubject = fsaverage
trgsubject = sub-v1s2x0051480_ses-1
trglabel = ./rh.hOc1.mpm.vpnl.label
regmethod = surface

srchemi = rh
trghemi = rh
trgsurface = white
srcsurfreg = sphere.reg
trgsurfreg = sphere.reg
usehash = 1
Use ProjAbs  = 0, 0
Use ProjFrac = 0, 0
DoPaint 0

SUBJECTS_DIR    /out/sourcedata/freesurfer
FREESURFER_HOME /opt/freesurfer
Loading source label.
Found 3667 points in source label.
Starting surface-based mapping
Reading source registration 
 /out/sourcedata/freesurfer/fsaverage/surf/rh.sphere.reg
Rescaling ...  original radius = 100
Reading target surface 
 /out/sourcedata/freesurfer/sub-v1s2x0051480_ses-1/surf/rh.white
Reading target registration 
 /out/sourcedata/freesurfer/sub-v1s2x0051480_ses-1/surf/rh.sphere.reg
Rescaling ...  original radius = 100
Building target registration hash (res=16).
Building source registration hash (res=16).
INFO: found  3667 nlabel points
Performing mapping from target back to the source label 133382
Number of reverse mapping hits = 941
Checking for and removing duplicates
Writing label file ./rh.hOc1.mpm.vpnl.label 4608
mri_label2label: Done


 mri_label2label --srcsubject fsaverage --srclabel /out/sourcedata/freesurfer/fsaverage/label/rh.hOc2.mpm.vpnl.label --trgsubject sub-v1s2x0051480_ses-1 --trglabel ./rh.hOc2.mpm.vpnl.label --hemi rh --regmethod surface 


srclabel = /out/sourcedata/freesurfer/fsaverage/label/rh.hOc2.mpm.vpnl.label
srcsubject = fsaverage
trgsubject = sub-v1s2x0051480_ses-1
trglabel = ./rh.hOc2.mpm.vpnl.label
regmethod = surface

srchemi = rh
trghemi = rh
trgsurface = white
srcsurfreg = sphere.reg
trgsurfreg = sphere.reg
usehash = 1
Use ProjAbs  = 0, 0
Use ProjFrac = 0, 0
DoPaint 0

SUBJECTS_DIR    /out/sourcedata/freesurfer
FREESURFER_HOME /opt/freesurfer
Loading source label.
Found 2719 points in source label.
Starting surface-based mapping
Reading source registration 
 /out/sourcedata/freesurfer/fsaverage/surf/rh.sphere.reg
Rescaling ...  original radius = 100
Reading target surface 
 /out/sourcedata/freesurfer/sub-v1s2x0051480_ses-1/surf/rh.white
Reading target registration 
 /out/sourcedata/freesurfer/sub-v1s2x0051480_ses-1/surf/rh.sphere.reg
Rescaling ...  original radius = 100
Building target registration hash (res=16).
Building source registration hash (res=16).
INFO: found  2719 nlabel points
Performing mapping from target back to the source label 133382
Number of reverse mapping hits = 743
Checking for and removing duplicates
Writing label file ./rh.hOc2.mpm.vpnl.label 3462
mri_label2label: Done


 mri_label2label --srcsubject fsaverage --srclabel /out/sourcedata/freesurfer/fsaverage/label/rh.hOc3v.mpm.vpnl.label --trgsubject sub-v1s2x0051480_ses-1 --trglabel ./rh.hOc3v.mpm.vpnl.label --hemi rh --regmethod surface 


srclabel = /out/sourcedata/freesurfer/fsaverage/label/rh.hOc3v.mpm.vpnl.label
srcsubject = fsaverage
trgsubject = sub-v1s2x0051480_ses-1
trglabel = ./rh.hOc3v.mpm.vpnl.label
regmethod = surface

srchemi = rh
trghemi = rh
trgsurface = white
srcsurfreg = sphere.reg
trgsurfreg = sphere.reg
usehash = 1
Use ProjAbs  = 0, 0
Use ProjFrac = 0, 0
DoPaint 0

SUBJECTS_DIR    /out/sourcedata/freesurfer
FREESURFER_HOME /opt/freesurfer
Loading source label.
Found 1228 points in source label.
Starting surface-based mapping
Reading source registration 
 /out/sourcedata/freesurfer/fsaverage/surf/rh.sphere.reg
Rescaling ...  original radius = 100
Reading target surface 
 /out/sourcedata/freesurfer/sub-v1s2x0051480_ses-1/surf/rh.white
Reading target registration 
 /out/sourcedata/freesurfer/sub-v1s2x0051480_ses-1/surf/rh.sphere.reg
Rescaling ...  original radius = 100
Building target registration hash (res=16).
Building source registration hash (res=16).
INFO: found  1228 nlabel points
Performing mapping from target back to the source label 133382
Number of reverse mapping hits = 524
Checking for and removing duplicates
Writing label file ./rh.hOc3v.mpm.vpnl.label 1752
mri_label2label: Done


 mri_label2label --srcsubject fsaverage --srclabel /out/sourcedata/freesurfer/fsaverage/label/rh.hOc4v.mpm.vpnl.label --trgsubject sub-v1s2x0051480_ses-1 --trglabel ./rh.hOc4v.mpm.vpnl.label --hemi rh --regmethod surface 


srclabel = /out/sourcedata/freesurfer/fsaverage/label/rh.hOc4v.mpm.vpnl.label
srcsubject = fsaverage
trgsubject = sub-v1s2x0051480_ses-1
trglabel = ./rh.hOc4v.mpm.vpnl.label
regmethod = surface

srchemi = rh
trghemi = rh
trgsurface = white
srcsurfreg = sphere.reg
trgsurfreg = sphere.reg
usehash = 1
Use ProjAbs  = 0, 0
Use ProjFrac = 0, 0
DoPaint 0

SUBJECTS_DIR    /out/sourcedata/freesurfer
FREESURFER_HOME /opt/freesurfer
Loading source label.
Found 1025 points in source label.
Starting surface-based mapping
Reading source registration 
 /out/sourcedata/freesurfer/fsaverage/surf/rh.sphere.reg
Rescaling ...  original radius = 100
Reading target surface 
 /out/sourcedata/freesurfer/sub-v1s2x0051480_ses-1/surf/rh.white
Reading target registration 
 /out/sourcedata/freesurfer/sub-v1s2x0051480_ses-1/surf/rh.sphere.reg
Rescaling ...  original radius = 100
Building target registration hash (res=16).
Building source registration hash (res=16).
INFO: found  1025 nlabel points
Performing mapping from target back to the source label 133382
Number of reverse mapping hits = 331
Checking for and removing duplicates
Writing label file ./rh.hOc4v.mpm.vpnl.label 1356
mri_label2label: Done


 mris_label2annot --s sub-v1s2x0051480_ses-1 --ctab /opt/freesurfer/average/colortable_vpnl.txt --hemi rh --a mpm.vpnl --maxstatwinner --noverbose --l rh.FG1.mpm.vpnl.label --l rh.FG2.mpm.vpnl.label --l rh.FG3.mpm.vpnl.label --l rh.FG4.mpm.vpnl.label --l rh.hOc1.mpm.vpnl.label --l rh.hOc2.mpm.vpnl.label --l rh.hOc3v.mpm.vpnl.label --l rh.hOc4v.mpm.vpnl.label 

Reading ctab /opt/freesurfer/average/colortable_vpnl.txt
Number of ctab entries 9

7.3.2
cwd /out/sourcedata/freesurfer/sub-v1s2x0051480_ses-1/label
cmdline mris_label2annot --s sub-v1s2x0051480_ses-1 --ctab /opt/freesurfer/average/colortable_vpnl.txt --hemi rh --a mpm.vpnl --maxstatwinner --noverbose --l rh.FG1.mpm.vpnl.label --l rh.FG2.mpm.vpnl.label --l rh.FG3.mpm.vpnl.label --l rh.FG4.mpm.vpnl.label --l rh.hOc1.mpm.vpnl.label --l rh.hOc2.mpm.vpnl.label --l rh.hOc3v.mpm.vpnl.label --l rh.hOc4v.mpm.vpnl.label 
sysname  Linux
hostname dna056
machine  x86_64
user     oesteban

subject sub-v1s2x0051480_ses-1
hemi    rh
SUBJECTS_DIR /out/sourcedata/freesurfer
ColorTable /opt/freesurfer/average/colortable_vpnl.txt
AnnotName  mpm.vpnl
nlables 8
LabelThresh 0 0.000000
Loading /out/sourcedata/freesurfer/sub-v1s2x0051480_ses-1/surf/rh.orig
 1 1376057 FG1
 2 16711935 FG2
 3 16711680 FG3
 4 1705837 FG4
 5 25600 hOc1
 6 255 hOc2
 7 16776960 hOc3v
 8 65535 hOc4v
Mapping unhit to unknown
Found 118703 unhit vertices
Writing annot to /out/sourcedata/freesurfer/sub-v1s2x0051480_ses-1/label/rh.mpm.vpnl.annot

 mri_label2label --srcsubject fsaverage --srclabel /out/sourcedata/freesurfer/fsaverage/label/rh.BA1_exvivo.thresh.label --trgsubject sub-v1s2x0051480_ses-1 --trglabel ./rh.BA1_exvivo.thresh.label --hemi rh --regmethod surface 


srclabel = /out/sourcedata/freesurfer/fsaverage/label/rh.BA1_exvivo.thresh.label
srcsubject = fsaverage
trgsubject = sub-v1s2x0051480_ses-1
trglabel = ./rh.BA1_exvivo.thresh.label
regmethod = surface

srchemi = rh
trghemi = rh
trgsurface = white
srcsurfreg = sphere.reg
trgsurfreg = sphere.reg
usehash = 1
Use ProjAbs  = 0, 0
Use ProjFrac = 0, 0
DoPaint 0

SUBJECTS_DIR    /out/sourcedata/freesurfer
FREESURFER_HOME /opt/freesurfer
Loading source label.
Found 876 points in source label.
Starting surface-based mapping
Reading source registration 
 /out/sourcedata/freesurfer/fsaverage/surf/rh.sphere.reg
Rescaling ...  original radius = 100
Reading target surface 
 /out/sourcedata/freesurfer/sub-v1s2x0051480_ses-1/surf/rh.white
Reading target registration 
 /out/sourcedata/freesurfer/sub-v1s2x0051480_ses-1/surf/rh.sphere.reg
Rescaling ...  original radius = 100
Building target registration hash (res=16).
Building source registration hash (res=16).
INFO: found  876 nlabel points
Performing mapping from target back to the source label 133382
Number of reverse mapping hits = 43
Checking for and removing duplicates
Writing label file ./rh.BA1_exvivo.thresh.label 919
mri_label2label: Done


 mri_label2label --srcsubject fsaverage --srclabel /out/sourcedata/freesurfer/fsaverage/label/rh.BA2_exvivo.thresh.label --trgsubject sub-v1s2x0051480_ses-1 --trglabel ./rh.BA2_exvivo.thresh.label --hemi rh --regmethod surface 


srclabel = /out/sourcedata/freesurfer/fsaverage/label/rh.BA2_exvivo.thresh.label
srcsubject = fsaverage
trgsubject = sub-v1s2x0051480_ses-1
trglabel = ./rh.BA2_exvivo.thresh.label
regmethod = surface

srchemi = rh
trghemi = rh
trgsurface = white
srcsurfreg = sphere.reg
trgsurfreg = sphere.reg
usehash = 1
Use ProjAbs  = 0, 0
Use ProjFrac = 0, 0
DoPaint 0

SUBJECTS_DIR    /out/sourcedata/freesurfer
FREESURFER_HOME /opt/freesurfer
Loading source label.
Found 2688 points in source label.
Starting surface-based mapping
Reading source registration 
 /out/sourcedata/freesurfer/fsaverage/surf/rh.sphere.reg
Rescaling ...  original radius = 100
Reading target surface 
 /out/sourcedata/freesurfer/sub-v1s2x0051480_ses-1/surf/rh.white
Reading target registration 
 /out/sourcedata/freesurfer/sub-v1s2x0051480_ses-1/surf/rh.sphere.reg
Rescaling ...  original radius = 100
Building target registration hash (res=16).
Building source registration hash (res=16).
INFO: found  2688 nlabel points
Performing mapping from target back to the source label 133382
Number of reverse mapping hits = 56
Checking for and removing duplicates
Writing label file ./rh.BA2_exvivo.thresh.label 2744
mri_label2label: Done


 mri_label2label --srcsubject fsaverage --srclabel /out/sourcedata/freesurfer/fsaverage/label/rh.BA3a_exvivo.thresh.label --trgsubject sub-v1s2x0051480_ses-1 --trglabel ./rh.BA3a_exvivo.thresh.label --hemi rh --regmethod surface 


srclabel = /out/sourcedata/freesurfer/fsaverage/label/rh.BA3a_exvivo.thresh.label
srcsubject = fsaverage
trgsubject = sub-v1s2x0051480_ses-1
trglabel = ./rh.BA3a_exvivo.thresh.label
regmethod = surface

srchemi = rh
trghemi = rh
trgsurface = white
srcsurfreg = sphere.reg
trgsurfreg = sphere.reg
usehash = 1
Use ProjAbs  = 0, 0
Use ProjFrac = 0, 0
DoPaint 0

SUBJECTS_DIR    /out/sourcedata/freesurfer
FREESURFER_HOME /opt/freesurfer
Loading source label.
Found 1698 points in source label.
Starting surface-based mapping
Reading source registration 
 /out/sourcedata/freesurfer/fsaverage/surf/rh.sphere.reg
Rescaling ...  original radius = 100
Reading target surface 
 /out/sourcedata/freesurfer/sub-v1s2x0051480_ses-1/surf/rh.white
Reading target registration 
 /out/sourcedata/freesurfer/sub-v1s2x0051480_ses-1/surf/rh.sphere.reg
Rescaling ...  original radius = 100
Building target registration hash (res=16).
Building source registration hash (res=16).
INFO: found  1698 nlabel points
Performing mapping from target back to the source label 133382
Number of reverse mapping hits = 9
Checking for and removing duplicates
Writing label file ./rh.BA3a_exvivo.thresh.label 1707
mri_label2label: Done


 mri_label2label --srcsubject fsaverage --srclabel /out/sourcedata/freesurfer/fsaverage/label/rh.BA3b_exvivo.thresh.label --trgsubject sub-v1s2x0051480_ses-1 --trglabel ./rh.BA3b_exvivo.thresh.label --hemi rh --regmethod surface 


srclabel = /out/sourcedata/freesurfer/fsaverage/label/rh.BA3b_exvivo.thresh.label
srcsubject = fsaverage
trgsubject = sub-v1s2x0051480_ses-1
trglabel = ./rh.BA3b_exvivo.thresh.label
regmethod = surface

srchemi = rh
trghemi = rh
trgsurface = white
srcsurfreg = sphere.reg
trgsurfreg = sphere.reg
usehash = 1
Use ProjAbs  = 0, 0
Use ProjFrac = 0, 0
DoPaint 0

SUBJECTS_DIR    /out/sourcedata/freesurfer
FREESURFER_HOME /opt/freesurfer
Loading source label.
Found 2183 points in source label.
Starting surface-based mapping
Reading source registration 
 /out/sourcedata/freesurfer/fsaverage/surf/rh.sphere.reg
Rescaling ...  original radius = 100
Reading target surface 
 /out/sourcedata/freesurfer/sub-v1s2x0051480_ses-1/surf/rh.white
Reading target registration 
 /out/sourcedata/freesurfer/sub-v1s2x0051480_ses-1/surf/rh.sphere.reg
Rescaling ...  original radius = 100
Building target registration hash (res=16).
Building source registration hash (res=16).
INFO: found  2183 nlabel points
Performing mapping from target back to the source label 133382
Number of reverse mapping hits = 43
Checking for and removing duplicates
Writing label file ./rh.BA3b_exvivo.thresh.label 2226
mri_label2label: Done


 mri_label2label --srcsubject fsaverage --srclabel /out/sourcedata/freesurfer/fsaverage/label/rh.BA4a_exvivo.thresh.label --trgsubject sub-v1s2x0051480_ses-1 --trglabel ./rh.BA4a_exvivo.thresh.label --hemi rh --regmethod surface 


srclabel = /out/sourcedata/freesurfer/fsaverage/label/rh.BA4a_exvivo.thresh.label
srcsubject = fsaverage
trgsubject = sub-v1s2x0051480_ses-1
trglabel = ./rh.BA4a_exvivo.thresh.label
regmethod = surface

srchemi = rh
trghemi = rh
trgsurface = white
srcsurfreg = sphere.reg
trgsurfreg = sphere.reg
usehash = 1
Use ProjAbs  = 0, 0
Use ProjFrac = 0, 0
DoPaint 0

SUBJECTS_DIR    /out/sourcedata/freesurfer
FREESURFER_HOME /opt/freesurfer
Loading source label.
Found 1388 points in source label.
Starting surface-based mapping
Reading source registration 
 /out/sourcedata/freesurfer/fsaverage/surf/rh.sphere.reg
Rescaling ...  original radius = 100
Reading target surface 
 /out/sourcedata/freesurfer/sub-v1s2x0051480_ses-1/surf/rh.white
Reading target registration 
 /out/sourcedata/freesurfer/sub-v1s2x0051480_ses-1/surf/rh.sphere.reg
Rescaling ...  original radius = 100
Building target registration hash (res=16).
Building source registration hash (res=16).
INFO: found  1388 nlabel points
Performing mapping from target back to the source label 133382
Number of reverse mapping hits = 73
Checking for and removing duplicates
Writing label file ./rh.BA4a_exvivo.thresh.label 1461
mri_label2label: Done


 mri_label2label --srcsubject fsaverage --srclabel /out/sourcedata/freesurfer/fsaverage/label/rh.BA4p_exvivo.thresh.label --trgsubject sub-v1s2x0051480_ses-1 --trglabel ./rh.BA4p_exvivo.thresh.label --hemi rh --regmethod surface 


srclabel = /out/sourcedata/freesurfer/fsaverage/label/rh.BA4p_exvivo.thresh.label
srcsubject = fsaverage
trgsubject = sub-v1s2x0051480_ses-1
trglabel = ./rh.BA4p_exvivo.thresh.label
regmethod = surface

srchemi = rh
trghemi = rh
trgsurface = white
srcsurfreg = sphere.reg
trgsurfreg = sphere.reg
usehash = 1
Use ProjAbs  = 0, 0
Use ProjFrac = 0, 0
DoPaint 0

SUBJECTS_DIR    /out/sourcedata/freesurfer
FREESURFER_HOME /opt/freesurfer
Loading source label.
Found 1489 points in source label.
Starting surface-based mapping
Reading source registration 
 /out/sourcedata/freesurfer/fsaverage/surf/rh.sphere.reg
Rescaling ...  original radius = 100
Reading target surface 
 /out/sourcedata/freesurfer/sub-v1s2x0051480_ses-1/surf/rh.white
Reading target registration 
 /out/sourcedata/freesurfer/sub-v1s2x0051480_ses-1/surf/rh.sphere.reg
Rescaling ...  original radius = 100
Building target registration hash (res=16).
Building source registration hash (res=16).
INFO: found  1489 nlabel points
Performing mapping from target back to the source label 133382
Number of reverse mapping hits = 16
Checking for and removing duplicates
Writing label file ./rh.BA4p_exvivo.thresh.label 1505
mri_label2label: Done


 mri_label2label --srcsubject fsaverage --srclabel /out/sourcedata/freesurfer/fsaverage/label/rh.BA6_exvivo.thresh.label --trgsubject sub-v1s2x0051480_ses-1 --trglabel ./rh.BA6_exvivo.thresh.label --hemi rh --regmethod surface 


srclabel = /out/sourcedata/freesurfer/fsaverage/label/rh.BA6_exvivo.thresh.label
srcsubject = fsaverage
trgsubject = sub-v1s2x0051480_ses-1
trglabel = ./rh.BA6_exvivo.thresh.label
regmethod = surface

srchemi = rh
trghemi = rh
trgsurface = white
srcsurfreg = sphere.reg
trgsurfreg = sphere.reg
usehash = 1
Use ProjAbs  = 0, 0
Use ProjFrac = 0, 0
DoPaint 0

SUBJECTS_DIR    /out/sourcedata/freesurfer
FREESURFER_HOME /opt/freesurfer
Loading source label.
Found 6959 points in source label.
Starting surface-based mapping
Reading source registration 
 /out/sourcedata/freesurfer/fsaverage/surf/rh.sphere.reg
Rescaling ...  original radius = 100
Reading target surface 
 /out/sourcedata/freesurfer/sub-v1s2x0051480_ses-1/surf/rh.white
Reading target registration 
 /out/sourcedata/freesurfer/sub-v1s2x0051480_ses-1/surf/rh.sphere.reg
Rescaling ...  original radius = 100
Building target registration hash (res=16).
Building source registration hash (res=16).
INFO: found  6959 nlabel points
Performing mapping from target back to the source label 133382
Number of reverse mapping hits = 288
Checking for and removing duplicates
Writing label file ./rh.BA6_exvivo.thresh.label 7247
mri_label2label: Done


 mri_label2label --srcsubject fsaverage --srclabel /out/sourcedata/freesurfer/fsaverage/label/rh.BA44_exvivo.thresh.label --trgsubject sub-v1s2x0051480_ses-1 --trglabel ./rh.BA44_exvivo.thresh.label --hemi rh --regmethod surface 


srclabel = /out/sourcedata/freesurfer/fsaverage/label/rh.BA44_exvivo.thresh.label
srcsubject = fsaverage
trgsubject = sub-v1s2x0051480_ses-1
trglabel = ./rh.BA44_exvivo.thresh.label
regmethod = surface

srchemi = rh
trghemi = rh
trgsurface = white
srcsurfreg = sphere.reg
trgsurfreg = sphere.reg
usehash = 1
Use ProjAbs  = 0, 0
Use ProjFrac = 0, 0
DoPaint 0

SUBJECTS_DIR    /out/sourcedata/freesurfer
FREESURFER_HOME /opt/freesurfer
Loading source label.
Found 1012 points in source label.
Starting surface-based mapping
Reading source registration 
 /out/sourcedata/freesurfer/fsaverage/surf/rh.sphere.reg
Rescaling ...  original radius = 100
Reading target surface 
 /out/sourcedata/freesurfer/sub-v1s2x0051480_ses-1/surf/rh.white
Reading target registration 
 /out/sourcedata/freesurfer/sub-v1s2x0051480_ses-1/surf/rh.sphere.reg
Rescaling ...  original radius = 100
Building target registration hash (res=16).
Building source registration hash (res=16).
INFO: found  1012 nlabel points
Performing mapping from target back to the source label 133382
Number of reverse mapping hits = 80
Checking for and removing duplicates
Writing label file ./rh.BA44_exvivo.thresh.label 1092
mri_label2label: Done


 mri_label2label --srcsubject fsaverage --srclabel /out/sourcedata/freesurfer/fsaverage/label/rh.BA45_exvivo.thresh.label --trgsubject sub-v1s2x0051480_ses-1 --trglabel ./rh.BA45_exvivo.thresh.label --hemi rh --regmethod surface 


srclabel = /out/sourcedata/freesurfer/fsaverage/label/rh.BA45_exvivo.thresh.label
srcsubject = fsaverage
trgsubject = sub-v1s2x0051480_ses-1
trglabel = ./rh.BA45_exvivo.thresh.label
regmethod = surface

srchemi = rh
trghemi = rh
trgsurface = white
srcsurfreg = sphere.reg
trgsurfreg = sphere.reg
usehash = 1
Use ProjAbs  = 0, 0
Use ProjFrac = 0, 0
DoPaint 0

SUBJECTS_DIR    /out/sourcedata/freesurfer
FREESURFER_HOME /opt/freesurfer
Loading source label.
Found 1178 points in source label.
Starting surface-based mapping
Reading source registration 
 /out/sourcedata/freesurfer/fsaverage/surf/rh.sphere.reg
Rescaling ...  original radius = 100
Reading target surface 
 /out/sourcedata/freesurfer/sub-v1s2x0051480_ses-1/surf/rh.white
Reading target registration 
 /out/sourcedata/freesurfer/sub-v1s2x0051480_ses-1/surf/rh.sphere.reg
Rescaling ...  original radius = 100
Building target registration hash (res=16).
Building source registration hash (res=16).
INFO: found  1178 nlabel points
Performing mapping from target back to the source label 133382
Number of reverse mapping hits = 102
Checking for and removing duplicates
Writing label file ./rh.BA45_exvivo.thresh.label 1280
mri_label2label: Done


 mri_label2label --srcsubject fsaverage --srclabel /out/sourcedata/freesurfer/fsaverage/label/rh.V1_exvivo.thresh.label --trgsubject sub-v1s2x0051480_ses-1 --trglabel ./rh.V1_exvivo.thresh.label --hemi rh --regmethod surface 


srclabel = /out/sourcedata/freesurfer/fsaverage/label/rh.V1_exvivo.thresh.label
srcsubject = fsaverage
trgsubject = sub-v1s2x0051480_ses-1
trglabel = ./rh.V1_exvivo.thresh.label
regmethod = surface

srchemi = rh
trghemi = rh
trgsurface = white
srcsurfreg = sphere.reg
trgsurfreg = sphere.reg
usehash = 1
Use ProjAbs  = 0, 0
Use ProjFrac = 0, 0
DoPaint 0

SUBJECTS_DIR    /out/sourcedata/freesurfer
FREESURFER_HOME /opt/freesurfer
Loading source label.
Found 3232 points in source label.
Starting surface-based mapping
Reading source registration 
 /out/sourcedata/freesurfer/fsaverage/surf/rh.sphere.reg
Rescaling ...  original radius = 100
Reading target surface 
 /out/sourcedata/freesurfer/sub-v1s2x0051480_ses-1/surf/rh.white
Reading target registration 
 /out/sourcedata/freesurfer/sub-v1s2x0051480_ses-1/surf/rh.sphere.reg
Rescaling ...  original radius = 100
Building target registration hash (res=16).
Building source registration hash (res=16).
INFO: found  3232 nlabel points
Performing mapping from target back to the source label 133382
Number of reverse mapping hits = 885
Checking for and removing duplicates
Writing label file ./rh.V1_exvivo.thresh.label 4117
mri_label2label: Done


 mri_label2label --srcsubject fsaverage --srclabel /out/sourcedata/freesurfer/fsaverage/label/rh.V2_exvivo.thresh.label --trgsubject sub-v1s2x0051480_ses-1 --trglabel ./rh.V2_exvivo.thresh.label --hemi rh --regmethod surface 


srclabel = /out/sourcedata/freesurfer/fsaverage/label/rh.V2_exvivo.thresh.label
srcsubject = fsaverage
trgsubject = sub-v1s2x0051480_ses-1
trglabel = ./rh.V2_exvivo.thresh.label
regmethod = surface

srchemi = rh
trghemi = rh
trgsurface = white
srcsurfreg = sphere.reg
trgsurfreg = sphere.reg
usehash = 1
Use ProjAbs  = 0, 0
Use ProjFrac = 0, 0
DoPaint 0

SUBJECTS_DIR    /out/sourcedata/freesurfer
FREESURFER_HOME /opt/freesurfer
Loading source label.
Found 3437 points in source label.
Starting surface-based mapping
Reading source registration 
 /out/sourcedata/freesurfer/fsaverage/surf/rh.sphere.reg
Rescaling ...  original radius = 100
Reading target surface 
 /out/sourcedata/freesurfer/sub-v1s2x0051480_ses-1/surf/rh.white
Reading target registration 
 /out/sourcedata/freesurfer/sub-v1s2x0051480_ses-1/surf/rh.sphere.reg
Rescaling ...  original radius = 100
Building target registration hash (res=16).
Building source registration hash (res=16).
INFO: found  3437 nlabel points
Performing mapping from target back to the source label 133382
Number of reverse mapping hits = 920
Checking for and removing duplicates
Writing label file ./rh.V2_exvivo.thresh.label 4357
mri_label2label: Done


 mri_label2label --srcsubject fsaverage --srclabel /out/sourcedata/freesurfer/fsaverage/label/rh.MT_exvivo.thresh.label --trgsubject sub-v1s2x0051480_ses-1 --trglabel ./rh.MT_exvivo.thresh.label --hemi rh --regmethod surface 


srclabel = /out/sourcedata/freesurfer/fsaverage/label/rh.MT_exvivo.thresh.label
srcsubject = fsaverage
trgsubject = sub-v1s2x0051480_ses-1
trglabel = ./rh.MT_exvivo.thresh.label
regmethod = surface

srchemi = rh
trghemi = rh
trgsurface = white
srcsurfreg = sphere.reg
trgsurfreg = sphere.reg
usehash = 1
Use ProjAbs  = 0, 0
Use ProjFrac = 0, 0
DoPaint 0

SUBJECTS_DIR    /out/sourcedata/freesurfer
FREESURFER_HOME /opt/freesurfer
Loading source label.
Found 268 points in source label.
Starting surface-based mapping
Reading source registration 
 /out/sourcedata/freesurfer/fsaverage/surf/rh.sphere.reg
Rescaling ...  original radius = 100
Reading target surface 
 /out/sourcedata/freesurfer/sub-v1s2x0051480_ses-1/surf/rh.white
Reading target registration 
 /out/sourcedata/freesurfer/sub-v1s2x0051480_ses-1/surf/rh.sphere.reg
Rescaling ...  original radius = 100
Building target registration hash (res=16).
Building source registration hash (res=16).
INFO: found  268 nlabel points
Performing mapping from target back to the source label 133382
Number of reverse mapping hits = 82
Checking for and removing duplicates
Writing label file ./rh.MT_exvivo.thresh.label 350
mri_label2label: Done


 mri_label2label --srcsubject fsaverage --srclabel /out/sourcedata/freesurfer/fsaverage/label/rh.entorhinal_exvivo.thresh.label --trgsubject sub-v1s2x0051480_ses-1 --trglabel ./rh.entorhinal_exvivo.thresh.label --hemi rh --regmethod surface 


srclabel = /out/sourcedata/freesurfer/fsaverage/label/rh.entorhinal_exvivo.thresh.label
srcsubject = fsaverage
trgsubject = sub-v1s2x0051480_ses-1
trglabel = ./rh.entorhinal_exvivo.thresh.label
regmethod = surface

srchemi = rh
trghemi = rh
trgsurface = white
srcsurfreg = sphere.reg
trgsurfreg = sphere.reg
usehash = 1
Use ProjAbs  = 0, 0
Use ProjFrac = 0, 0
DoPaint 0

SUBJECTS_DIR    /out/sourcedata/freesurfer
FREESURFER_HOME /opt/freesurfer
Loading source label.
Found 694 points in source label.
Starting surface-based mapping
Reading source registration 
 /out/sourcedata/freesurfer/fsaverage/surf/rh.sphere.reg
Rescaling ...  original radius = 100
Reading target surface 
 /out/sourcedata/freesurfer/sub-v1s2x0051480_ses-1/surf/rh.white
Reading target registration 
 /out/sourcedata/freesurfer/sub-v1s2x0051480_ses-1/surf/rh.sphere.reg
Rescaling ...  original radius = 100
Building target registration hash (res=16).
Building source registration hash (res=16).
INFO: found  694 nlabel points
Performing mapping from target back to the source label 133382
Number of reverse mapping hits = 123
Checking for and removing duplicates
Writing label file ./rh.entorhinal_exvivo.thresh.label 817
mri_label2label: Done


 mri_label2label --srcsubject fsaverage --srclabel /out/sourcedata/freesurfer/fsaverage/label/rh.perirhinal_exvivo.thresh.label --trgsubject sub-v1s2x0051480_ses-1 --trglabel ./rh.perirhinal_exvivo.thresh.label --hemi rh --regmethod surface 


srclabel = /out/sourcedata/freesurfer/fsaverage/label/rh.perirhinal_exvivo.thresh.label
srcsubject = fsaverage
trgsubject = sub-v1s2x0051480_ses-1
trglabel = ./rh.perirhinal_exvivo.thresh.label
regmethod = surface

srchemi = rh
trghemi = rh
trgsurface = white
srcsurfreg = sphere.reg
trgsurfreg = sphere.reg
usehash = 1
Use ProjAbs  = 0, 0
Use ProjFrac = 0, 0
DoPaint 0

SUBJECTS_DIR    /out/sourcedata/freesurfer
FREESURFER_HOME /opt/freesurfer
Loading source label.
Found 291 points in source label.
Starting surface-based mapping
Reading source registration 
 /out/sourcedata/freesurfer/fsaverage/surf/rh.sphere.reg
Rescaling ...  original radius = 100
Reading target surface 
 /out/sourcedata/freesurfer/sub-v1s2x0051480_ses-1/surf/rh.white
Reading target registration 
 /out/sourcedata/freesurfer/sub-v1s2x0051480_ses-1/surf/rh.sphere.reg
Rescaling ...  original radius = 100
Building target registration hash (res=16).
Building source registration hash (res=16).
INFO: found  291 nlabel points
Performing mapping from target back to the source label 133382
Number of reverse mapping hits = 70
Checking for and removing duplicates
Writing label file ./rh.perirhinal_exvivo.thresh.label 361
mri_label2label: Done


 mris_label2annot --s sub-v1s2x0051480_ses-1 --hemi rh --ctab /opt/freesurfer/average/colortable_BA.txt --l rh.BA1_exvivo.label --l rh.BA2_exvivo.label --l rh.BA3a_exvivo.label --l rh.BA3b_exvivo.label --l rh.BA4a_exvivo.label --l rh.BA4p_exvivo.label --l rh.BA6_exvivo.label --l rh.BA44_exvivo.label --l rh.BA45_exvivo.label --l rh.V1_exvivo.label --l rh.V2_exvivo.label --l rh.MT_exvivo.label --l rh.perirhinal_exvivo.label --l rh.entorhinal_exvivo.label --a BA_exvivo --maxstatwinner --noverbose 

Reading ctab /opt/freesurfer/average/colortable_BA.txt
Number of ctab entries 15

7.3.2
cwd /out/sourcedata/freesurfer/sub-v1s2x0051480_ses-1/label
cmdline mris_label2annot --s sub-v1s2x0051480_ses-1 --hemi rh --ctab /opt/freesurfer/average/colortable_BA.txt --l rh.BA1_exvivo.label --l rh.BA2_exvivo.label --l rh.BA3a_exvivo.label --l rh.BA3b_exvivo.label --l rh.BA4a_exvivo.label --l rh.BA4p_exvivo.label --l rh.BA6_exvivo.label --l rh.BA44_exvivo.label --l rh.BA45_exvivo.label --l rh.V1_exvivo.label --l rh.V2_exvivo.label --l rh.MT_exvivo.label --l rh.perirhinal_exvivo.label --l rh.entorhinal_exvivo.label --a BA_exvivo --maxstatwinner --noverbose 
sysname  Linux
hostname dna056
machine  x86_64
user     oesteban

subject sub-v1s2x0051480_ses-1
hemi    rh
SUBJECTS_DIR /out/sourcedata/freesurfer
ColorTable /opt/freesurfer/average/colortable_BA.txt
AnnotName  BA_exvivo
nlables 14
LabelThresh 0 0.000000
Loading /out/sourcedata/freesurfer/sub-v1s2x0051480_ses-1/surf/rh.orig
 1 1530880 BA1_exvivo
 2 16749699 BA2_exvivo
 3 16711680 BA3a_exvivo
 4 3368703 BA3b_exvivo
 5 1376196 BA4a_exvivo
 6 13382655 BA4p_exvivo
 7 10036737 BA6_exvivo
 8 2490521 BA44_exvivo
 9 39283 BA45_exvivo
10 3993 V1_exvivo
11 8508928 V2_exvivo
12 10027163 MT_exvivo
13 16422433 perirhinal_exvivo
14 16392598 entorhinal_exvivo
Mapping unhit to unknown
Found 91989 unhit vertices
Writing annot to /out/sourcedata/freesurfer/sub-v1s2x0051480_ses-1/label/rh.BA_exvivo.annot

 mris_label2annot --s sub-v1s2x0051480_ses-1 --hemi rh --ctab /opt/freesurfer/average/colortable_BA.txt --l rh.BA1_exvivo.thresh.label --l rh.BA2_exvivo.thresh.label --l rh.BA3a_exvivo.thresh.label --l rh.BA3b_exvivo.thresh.label --l rh.BA4a_exvivo.thresh.label --l rh.BA4p_exvivo.thresh.label --l rh.BA6_exvivo.thresh.label --l rh.BA44_exvivo.thresh.label --l rh.BA45_exvivo.thresh.label --l rh.V1_exvivo.thresh.label --l rh.V2_exvivo.thresh.label --l rh.MT_exvivo.thresh.label --l rh.perirhinal_exvivo.thresh.label --l rh.entorhinal_exvivo.thresh.label --a BA_exvivo.thresh --maxstatwinner --noverbose 

Reading ctab /opt/freesurfer/average/colortable_BA.txt
Number of ctab entries 15

7.3.2
cwd /out/sourcedata/freesurfer/sub-v1s2x0051480_ses-1/label
cmdline mris_label2annot --s sub-v1s2x0051480_ses-1 --hemi rh --ctab /opt/freesurfer/average/colortable_BA.txt --l rh.BA1_exvivo.thresh.label --l rh.BA2_exvivo.thresh.label --l rh.BA3a_exvivo.thresh.label --l rh.BA3b_exvivo.thresh.label --l rh.BA4a_exvivo.thresh.label --l rh.BA4p_exvivo.thresh.label --l rh.BA6_exvivo.thresh.label --l rh.BA44_exvivo.thresh.label --l rh.BA45_exvivo.thresh.label --l rh.V1_exvivo.thresh.label --l rh.V2_exvivo.thresh.label --l rh.MT_exvivo.thresh.label --l rh.perirhinal_exvivo.thresh.label --l rh.entorhinal_exvivo.thresh.label --a BA_exvivo.thresh --maxstatwinner --noverbose 
sysname  Linux
hostname dna056
machine  x86_64
user     oesteban

subject sub-v1s2x0051480_ses-1
hemi    rh
SUBJECTS_DIR /out/sourcedata/freesurfer
ColorTable /opt/freesurfer/average/colortable_BA.txt
AnnotName  BA_exvivo.thresh
nlables 14
LabelThresh 0 0.000000
Loading /out/sourcedata/freesurfer/sub-v1s2x0051480_ses-1/surf/rh.orig
 1 1530880 BA1_exvivo
 2 16749699 BA2_exvivo
 3 16711680 BA3a_exvivo
 4 3368703 BA3b_exvivo
 5 1376196 BA4a_exvivo
 6 13382655 BA4p_exvivo
 7 10036737 BA6_exvivo
 8 2490521 BA44_exvivo
 9 39283 BA45_exvivo
10 3993 V1_exvivo
11 8508928 V2_exvivo
12 10027163 MT_exvivo
13 16422433 perirhinal_exvivo
14 16392598 entorhinal_exvivo
Mapping unhit to unknown
Found 110418 unhit vertices
Writing annot to /out/sourcedata/freesurfer/sub-v1s2x0051480_ses-1/label/rh.BA_exvivo.thresh.annot

 mris_anatomical_stats -th3 -mgz -noglobal -f ../stats/rh.BA_exvivo.stats -b -a ./rh.BA_exvivo.annot -c ./BA_exvivo.ctab sub-v1s2x0051480_ses-1 rh white 

computing statistics for each annotation in ./rh.BA_exvivo.annot.
reading volume /out/sourcedata/freesurfer/sub-v1s2x0051480_ses-1/mri/wm.mgz...
reading input surface /out/sourcedata/freesurfer/sub-v1s2x0051480_ses-1/surf/rh.white...
reading input pial surface /out/sourcedata/freesurfer/sub-v1s2x0051480_ses-1/surf/rh.pial...
reading input white surface /out/sourcedata/freesurfer/sub-v1s2x0051480_ses-1/surf/rh.white...
INFO: using TH3 volume calc
INFO: assuming MGZ format for volumes.
INFO: not computing global stats
Using TH3 vertex volume calc
Total face volume 228385
Total vertex volume 228191 (mask=0)
Saving annotation colortable ./BA_exvivo.ctab

table columns are:
    number of vertices
    total surface area (mm^2)
    total gray matter volume (mm^3)
    average cortical thickness +- standard deviation (mm)
    integrated rectified mean curvature
    integrated rectified Gaussian curvature
    folding index
    intrinsic curvature index
    structure name

  943    483   1528  2.322 0.513     0.105     0.024        9     0.9  BA1_exvivo
 3145   1939   4633  2.409 0.500     0.102     0.018       22     2.4  BA2_exvivo
 1132    716    878  1.579 0.440     0.127     0.028       12     1.3  BA3a_exvivo
 1990   1263   2330  1.700 0.609     0.111     0.020       16     1.9  BA3b_exvivo
 1778   1041   2861  2.425 0.643     0.106     0.021       14     1.7  BA4a_exvivo
 1298    889   1738  2.149 0.676     0.113     0.023        8     1.4  BA4p_exvivo
 7836   5048  16825  2.934 0.503     0.111     0.021       70     6.7  BA6_exvivo
 3650   2420   6751  2.695 0.451     0.103     0.016       28     2.7  BA44_exvivo
 4160   2903   9053  2.729 0.483     0.128     0.025       49     4.2  BA45_exvivo
 3909   2603   3380  1.348 0.458     0.138     0.036       55     6.3  V1_exvivo
 7774   5155   9226  1.755 0.518     0.140     0.032      104    11.2  V2_exvivo
 2533   1676   4202  2.484 0.407     0.114     0.021       26     2.2  MT_exvivo
  491    356   1403  3.350 0.676     0.120     0.026        6     0.5  perirhinal_exvivo
  754    515   2004  2.872 0.734     0.096     0.020        7     0.5  entorhinal_exvivo

 mris_anatomical_stats -th3 -mgz -f ../stats/rh.BA_exvivo.thresh.stats -noglobal -b -a ./rh.BA_exvivo.thresh.annot -c ./BA_exvivo.thresh.ctab sub-v1s2x0051480_ses-1 rh white 

computing statistics for each annotation in ./rh.BA_exvivo.thresh.annot.
reading volume /out/sourcedata/freesurfer/sub-v1s2x0051480_ses-1/mri/wm.mgz...
reading input surface /out/sourcedata/freesurfer/sub-v1s2x0051480_ses-1/surf/rh.white...
reading input pial surface /out/sourcedata/freesurfer/sub-v1s2x0051480_ses-1/surf/rh.pial...
reading input white surface /out/sourcedata/freesurfer/sub-v1s2x0051480_ses-1/surf/rh.white...
INFO: using TH3 volume calc
INFO: assuming MGZ format for volumes.
INFO: not computing global stats
Using TH3 vertex volume calc
Total face volume 228385
Total vertex volume 228191 (mask=0)
Saving annotation colortable ./BA_exvivo.thresh.ctab

table columns are:
    number of vertices
    total surface area (mm^2)
    total gray matter volume (mm^3)
    average cortical thickness +- standard deviation (mm)
    integrated rectified mean curvature
    integrated rectified Gaussian curvature
    folding index
    intrinsic curvature index
    structure name

  618    307    904  2.248 0.468     0.116     0.029        7     0.8  BA1_exvivo
 1751   1057   2783  2.453 0.491     0.095     0.017       12     1.3  BA2_exvivo
 1038    653    762  1.595 0.463     0.133     0.028       11     1.2  BA3a_exvivo
 1588   1031   1561  1.526 0.492     0.101     0.016       11     1.2  BA3b_exvivo
 1107    597   1680  2.451 0.485     0.111     0.022       10     1.2  BA4a_exvivo
 1042    722   1318  2.065 0.697     0.118     0.027        7     1.2  BA4p_exvivo
 5065   3211  10532  2.924 0.515     0.109     0.021       44     4.4  BA6_exvivo
  910    618   2014  2.716 0.408     0.105     0.018        9     0.8  BA44_exvivo
 1040    718   2268  2.797 0.484     0.117     0.024       11     1.0  BA45_exvivo
 3701   2465   3083  1.323 0.443     0.138     0.036       53     5.9  V1_exvivo
 3971   2682   4510  1.663 0.473     0.146     0.033       56     6.2  V2_exvivo
  332    215    542  2.506 0.287     0.118     0.018        4     0.2  MT_exvivo
   47     35    127  3.602 0.574     0.091     0.016        0     0.0  perirhinal_exvivo
  754    517   1720  2.825 0.620     0.092     0.015        6     0.5  entorhinal_exvivo

Started at Tue Mar 10 01:06:46 CET 2026 
Ended   at Tue Mar 10 01:10:12 CET 2026
#@#%# recon-all-run-time-hours 0.057
recon-all -s sub-v1s2x0051480_ses-1 finished without error at Tue Mar 10 01:10:12 CET 2026
