
Mon Mar  9 23:40:30 CET 2026
cd /out/sourcedata/freesurfer/sub-v1s2x0051477_ses-1
setenv SUBJECTS_DIR /out/sourcedata/freesurfer
/opt/freesurfer/bin/recon-all -autorecon-hemi lh -noparcstats -noparcstats2 -noparcstats3 -nohyporelabel -nobalabels -lh-only -openmp 16 -subjid sub-v1s2x0051477_ses-1 -sd /out/sourcedata/freesurfer

subjid sub-v1s2x0051477_ses-1
setenv SUBJECTS_DIR /out/sourcedata/freesurfer
FREESURFER_HOME /opt/freesurfer
Actual FREESURFER_HOME /opt/freesurfer
build-stamp.txt: freesurfer-linux-ubuntu22_x86_64-7.3.2-20220804-6354275
Linux dna056 5.14.0-427.37.1.el9_4.x86_64 #1 SMP PREEMPT_DYNAMIC Fri Sep 13 12:41:50 EDT 2024 x86_64 x86_64 x86_64 GNU/Linux
cputime      unlimited
filesize     unlimited
datasize     unlimited
stacksize    8192 kbytes
coredumpsize 0 kbytes
memoryuse    67108864 kbytes
vmemoryuse   unlimited
descriptors  1024 
memorylocked unlimited
maxproc      2061970 
maxlocks     unlimited
maxsignal    2061970 
maxmessage   819200 
maxnice      0 
maxrtprio    0 
maxrttime    unlimited

               total        used        free      shared  buff/cache   available
Mem:           503Gi        61Gi       407Gi        11Gi        34Gi       427Gi
Swap:             0B          0B          0B

########################################
program versions used
7.3.2 (freesurfer-linux-ubuntu22_x86_64-7.3.2-20220804-6354275)
7.3.2

ProgramName: lta_convert  ProgramArguments: lta_convert -all-info  ProgramVersion: 7.3.2  TimeStamp: 2026/03/09-22:40:30-GMT  BuildTime: Aug  4 2022 06:17:15  BuildStamp: freesurfer-linux-ubuntu22_x86_64-7.3.2-20220804-6354275  User: oesteban  Machine: dna056  Platform: Linux  PlatformVersion: 5.14.0-427.37.1.el9_4.x86_64  CompilerName: GCC  CompilerVersion: 8.4.0
ProgramName: mri_and  ProgramArguments: mri_and -all-info  ProgramVersion: 7.3.2  TimeStamp: 2026/03/09-22:40:30-GMT  BuildTime: Aug  4 2022 06:17:15  BuildStamp: freesurfer-linux-ubuntu22_x86_64-7.3.2-20220804-6354275  User: oesteban  Machine: dna056  Platform: Linux  PlatformVersion: 5.14.0-427.37.1.el9_4.x86_64  CompilerName: GCC  CompilerVersion: 8.4.0
ProgramName: mri_annotation2label  ProgramArguments: mri_annotation2label -all-info  ProgramVersion: 7.3.2  TimeStamp: 2026/03/09-22:40:30-GMT  BuildTime: Aug  4 2022 06:17:15  BuildStamp: freesurfer-linux-ubuntu22_x86_64-7.3.2-20220804-6354275  User: oesteban  Machine: dna056  Platform: Linux  PlatformVersion: 5.14.0-427.37.1.el9_4.x86_64  CompilerName: GCC  CompilerVersion: 8.4.0
ProgramName: mri_aparc2aseg  ProgramArguments: mri_aparc2aseg -all-info  ProgramVersion: 7.3.2  TimeStamp: 2026/03/09-22:40:30-GMT  BuildTime: Aug  4 2022 06:17:15  BuildStamp: freesurfer-linux-ubuntu22_x86_64-7.3.2-20220804-6354275  User: oesteban  Machine: dna056  Platform: Linux  PlatformVersion: 5.14.0-427.37.1.el9_4.x86_64  CompilerName: GCC  CompilerVersion: 8.4.0
ProgramName: mri_surf2volseg  ProgramArguments: mri_surf2volseg -all-info  ProgramVersion: 7.3.2  TimeStamp: 2026/03/09-22:40:30-GMT  BuildTime: Aug  4 2022 06:17:15  BuildStamp: freesurfer-linux-ubuntu22_x86_64-7.3.2-20220804-6354275  User: oesteban  Machine: dna056  Platform: Linux  PlatformVersion: 5.14.0-427.37.1.el9_4.x86_64  CompilerName: GCC  CompilerVersion: 8.4.0
ProgramName: mri_binarize  ProgramArguments: mri_binarize -all-info  ProgramVersion: 7.3.2  TimeStamp: 2026/03/09-22:40:30-GMT  BuildTime: Aug  4 2022 06:17:15  BuildStamp: freesurfer-linux-ubuntu22_x86_64-7.3.2-20220804-6354275  User: oesteban  Machine: dna056  Platform: Linux  PlatformVersion: 5.14.0-427.37.1.el9_4.x86_64  CompilerName: GCC  CompilerVersion: 8.4.0
ProgramName: mri_ca_label  ProgramArguments: mri_ca_label -all-info  ProgramVersion: 7.3.2  TimeStamp: 2026/03/09-22:40:30-GMT  BuildTime: Aug  4 2022 06:17:15  BuildStamp: freesurfer-linux-ubuntu22_x86_64-7.3.2-20220804-6354275  User: oesteban  Machine: dna056  Platform: Linux  PlatformVersion: 5.14.0-427.37.1.el9_4.x86_64  CompilerName: GCC  CompilerVersion: 8.4.0
ProgramName: mri_ca_normalize  ProgramArguments: mri_ca_normalize -all-info  ProgramVersion: 7.3.2  TimeStamp: 2026/03/09-22:40:30-GMT  BuildTime: Aug  4 2022 06:17:15  BuildStamp: freesurfer-linux-ubuntu22_x86_64-7.3.2-20220804-6354275  User: oesteban  Machine: dna056  Platform: Linux  PlatformVersion: 5.14.0-427.37.1.el9_4.x86_64  CompilerName: GCC  CompilerVersion: 8.4.0
ProgramName: mri_ca_register  ProgramArguments: mri_ca_register -all-info  ProgramVersion: 7.3.2  TimeStamp: 2026/03/09-22:40:30-GMT  BuildTime: Aug  4 2022 06:17:15  BuildStamp: freesurfer-linux-ubuntu22_x86_64-7.3.2-20220804-6354275  User: oesteban  Machine: dna056  Platform: Linux  PlatformVersion: 5.14.0-427.37.1.el9_4.x86_64  CompilerName: GCC  CompilerVersion: 8.4.0
ProgramName: mri_cc  ProgramArguments: mri_cc -all-info  ProgramVersion: 7.3.2  TimeStamp: 2026/03/09-22:40:30-GMT  BuildTime: Aug  4 2022 06:17:15  BuildStamp: freesurfer-linux-ubuntu22_x86_64-7.3.2-20220804-6354275  User: oesteban  Machine: dna056  Platform: Linux  PlatformVersion: 5.14.0-427.37.1.el9_4.x86_64  CompilerName: GCC  CompilerVersion: 8.4.0
ProgramName: mri_compute_overlap  ProgramArguments: mri_compute_overlap -all-info  ProgramVersion: 7.3.2  TimeStamp: 2026/03/09-22:40:30-GMT  BuildTime: Aug  4 2022 06:17:15  BuildStamp: freesurfer-linux-ubuntu22_x86_64-7.3.2-20220804-6354275  User: oesteban  Machine: dna056  Platform: Linux  PlatformVersion: 5.14.0-427.37.1.el9_4.x86_64  CompilerName: GCC  CompilerVersion: 8.4.0
ProgramName: mri_compute_seg_overlap  ProgramArguments: mri_compute_seg_overlap -all-info  ProgramVersion: 7.3.2  TimeStamp: 2026/03/09-22:40:30-GMT  BuildTime: Aug  4 2022 06:17:15  BuildStamp: freesurfer-linux-ubuntu22_x86_64-7.3.2-20220804-6354275  User: oesteban  Machine: dna056  Platform: Linux  PlatformVersion: 5.14.0-427.37.1.el9_4.x86_64  CompilerName: GCC  CompilerVersion: 8.4.0
ProgramName: mri_concat  ProgramArguments: mri_concat -all-info  ProgramVersion: 7.3.2  TimeStamp: 2026/03/09-22:40:30-GMT  BuildTime: Aug  4 2022 06:17:15  BuildStamp: freesurfer-linux-ubuntu22_x86_64-7.3.2-20220804-6354275  User: oesteban  Machine: dna056  Platform: Linux  PlatformVersion: 5.14.0-427.37.1.el9_4.x86_64  CompilerName: GCC  CompilerVersion: 8.4.0
ProgramName: mri_concatenate_lta  ProgramArguments: mri_concatenate_lta -all-info  ProgramVersion: 7.3.2  TimeStamp: 2026/03/09-22:40:30-GMT  BuildTime: Aug  4 2022 06:17:15  BuildStamp: freesurfer-linux-ubuntu22_x86_64-7.3.2-20220804-6354275  User: oesteban  Machine: dna056  Platform: Linux  PlatformVersion: 5.14.0-427.37.1.el9_4.x86_64  CompilerName: GCC  CompilerVersion: 8.4.0
mri_convert -all-info 
ProgramName: mri_convert  ProgramArguments: mri_convert -all-info  ProgramVersion: 7.3.2  TimeStamp: 2026/03/09-22:40:30-GMT  BuildTime: Aug  4 2022 06:17:15  BuildStamp: freesurfer-linux-ubuntu22_x86_64-7.3.2-20220804-6354275  User: oesteban  Machine: dna056  Platform: Linux  PlatformVersion: 5.14.0-427.37.1.el9_4.x86_64  CompilerName: GCC  CompilerVersion: 8.4.0
ProgramName: mri_diff  ProgramArguments: mri_diff -all-info  ProgramVersion: 7.3.2  TimeStamp: 2026/03/09-22:40:30-GMT  BuildTime: Aug  4 2022 06:17:15  BuildStamp: freesurfer-linux-ubuntu22_x86_64-7.3.2-20220804-6354275  User: oesteban  Machine: dna056  Platform: Linux  PlatformVersion: 5.14.0-427.37.1.el9_4.x86_64  CompilerName: GCC  CompilerVersion: 8.4.0
ProgramName: mri_edit_wm_with_aseg  ProgramArguments: mri_edit_wm_with_aseg -all-info  ProgramVersion: 7.3.2  TimeStamp: 2026/03/09-22:40:30-GMT  BuildTime: Aug  4 2022 06:17:15  BuildStamp: freesurfer-linux-ubuntu22_x86_64-7.3.2-20220804-6354275  User: oesteban  Machine: dna056  Platform: Linux  PlatformVersion: 5.14.0-427.37.1.el9_4.x86_64  CompilerName: GCC  CompilerVersion: 8.4.0
ProgramName: mri_em_register  ProgramArguments: mri_em_register -all-info  ProgramVersion: 7.3.2  TimeStamp: 2026/03/09-22:40:30-GMT  BuildTime: Aug  4 2022 06:17:15  BuildStamp: freesurfer-linux-ubuntu22_x86_64-7.3.2-20220804-6354275  User: oesteban  Machine: dna056  Platform: Linux  PlatformVersion: 5.14.0-427.37.1.el9_4.x86_64  CompilerName: GCC  CompilerVersion: 8.4.0
ProgramName: mri_fill  ProgramArguments: mri_fill -all-info  ProgramVersion: 7.3.2  TimeStamp: 2026/03/09-22:40:30-GMT  BuildTime: Aug  4 2022 06:17:15  BuildStamp: freesurfer-linux-ubuntu22_x86_64-7.3.2-20220804-6354275  User: oesteban  Machine: dna056  Platform: Linux  PlatformVersion: 5.14.0-427.37.1.el9_4.x86_64  CompilerName: GCC  CompilerVersion: 8.4.0
ProgramName: mri_fuse_segmentations  ProgramArguments: mri_fuse_segmentations -all-info  ProgramVersion: 7.3.2  TimeStamp: 2026/03/09-22:40:30-GMT  BuildTime: Aug  4 2022 06:17:15  BuildStamp: freesurfer-linux-ubuntu22_x86_64-7.3.2-20220804-6354275  User: oesteban  Machine: dna056  Platform: Linux  PlatformVersion: 5.14.0-427.37.1.el9_4.x86_64  CompilerName: GCC  CompilerVersion: 8.4.0
ProgramName: mri_fwhm  ProgramArguments: mri_fwhm -all-info  ProgramVersion: 7.3.2  TimeStamp: 2026/03/09-22:40:30-GMT  BuildTime: Aug  4 2022 06:17:15  BuildStamp: freesurfer-linux-ubuntu22_x86_64-7.3.2-20220804-6354275  User: oesteban  Machine: dna056  Platform: Linux  PlatformVersion: 5.14.0-427.37.1.el9_4.x86_64  CompilerName: GCC  CompilerVersion: 8.4.0
ProgramName: mri_gcut  ProgramArguments: mri_gcut -all-info  ProgramVersion: 7.3.2  TimeStamp: 2026/03/09-22:40:30-GMT  BuildTime: Aug  4 2022 06:17:15  BuildStamp: freesurfer-linux-ubuntu22_x86_64-7.3.2-20220804-6354275  User: oesteban  Machine: dna056  Platform: Linux  PlatformVersion: 5.14.0-427.37.1.el9_4.x86_64  CompilerName: GCC  CompilerVersion: 8.4.0
ProgramName: mri_info  ProgramArguments: mri_info -all-info  ProgramVersion: 7.3.2  TimeStamp: 2026/03/09-22:40:30-GMT  BuildTime: Aug  4 2022 06:17:15  BuildStamp: freesurfer-linux-ubuntu22_x86_64-7.3.2-20220804-6354275  User: oesteban  Machine: dna056  Platform: Linux  PlatformVersion: 5.14.0-427.37.1.el9_4.x86_64  CompilerName: GCC  CompilerVersion: 8.4.0
ProgramName: mri_label2label  ProgramArguments: mri_label2label -all-info  ProgramVersion: 7.3.2  TimeStamp: 2026/03/09-22:40:30-GMT  BuildTime: Aug  4 2022 06:17:15  BuildStamp: freesurfer-linux-ubuntu22_x86_64-7.3.2-20220804-6354275  User: oesteban  Machine: dna056  Platform: Linux  PlatformVersion: 5.14.0-427.37.1.el9_4.x86_64  CompilerName: GCC  CompilerVersion: 8.4.0
ProgramName: mri_label2vol  ProgramArguments: mri_label2vol -all-info  ProgramVersion: 7.3.2  TimeStamp: 2026/03/09-22:40:30-GMT  BuildTime: Aug  4 2022 06:17:15  BuildStamp: freesurfer-linux-ubuntu22_x86_64-7.3.2-20220804-6354275  User: oesteban  Machine: dna056  Platform: Linux  PlatformVersion: 5.14.0-427.37.1.el9_4.x86_64  CompilerName: GCC  CompilerVersion: 8.4.0
ProgramName: mri_log_likelihood  ProgramArguments: mri_log_likelihood -all-info  ProgramVersion: 7.3.2  TimeStamp: 2026/03/09-22:40:30-GMT  BuildTime: Aug  4 2022 06:17:15  BuildStamp: freesurfer-linux-ubuntu22_x86_64-7.3.2-20220804-6354275  User: oesteban  Machine: dna056  Platform: Linux  PlatformVersion: 5.14.0-427.37.1.el9_4.x86_64  CompilerName: GCC  CompilerVersion: 8.4.0
ProgramName: mri_mask  ProgramArguments: mri_mask -all-info  ProgramVersion: 7.3.2  TimeStamp: 2026/03/09-22:40:30-GMT  BuildTime: Aug  4 2022 06:17:15  BuildStamp: freesurfer-linux-ubuntu22_x86_64-7.3.2-20220804-6354275  User: oesteban  Machine: dna056  Platform: Linux  PlatformVersion: 5.14.0-427.37.1.el9_4.x86_64  CompilerName: GCC  CompilerVersion: 8.4.0
ProgramName: mri_matrix_multiply  ProgramArguments: mri_matrix_multiply -all-info  ProgramVersion: 7.3.2  TimeStamp: 2026/03/09-22:40:30-GMT  BuildTime: Aug  4 2022 06:17:15  BuildStamp: freesurfer-linux-ubuntu22_x86_64-7.3.2-20220804-6354275  User: oesteban  Machine: dna056  Platform: Linux  PlatformVersion: 5.14.0-427.37.1.el9_4.x86_64  CompilerName: GCC  CompilerVersion: 8.4.0
ProgramName: mri_normalize  ProgramArguments: mri_normalize -all-info  ProgramVersion: 7.3.2  TimeStamp: 2026/03/09-22:40:30-GMT  BuildTime: Aug  4 2022 06:17:15  BuildStamp: freesurfer-linux-ubuntu22_x86_64-7.3.2-20220804-6354275  User: oesteban  Machine: dna056  Platform: Linux  PlatformVersion: 5.14.0-427.37.1.el9_4.x86_64  CompilerName: GCC  CompilerVersion: 8.4.0
ProgramName: mri_normalize_tp2  ProgramArguments: mri_normalize_tp2 -all-info  ProgramVersion: 7.3.2  TimeStamp: 2026/03/09-22:40:30-GMT  BuildTime: Aug  4 2022 06:17:15  BuildStamp: freesurfer-linux-ubuntu22_x86_64-7.3.2-20220804-6354275  User: oesteban  Machine: dna056  Platform: Linux  PlatformVersion: 5.14.0-427.37.1.el9_4.x86_64  CompilerName: GCC  CompilerVersion: 8.4.0
ProgramName: mri_or  ProgramArguments: mri_or -all-info  ProgramVersion: 7.3.2  TimeStamp: 2026/03/09-22:40:30-GMT  BuildTime: Aug  4 2022 06:17:15  BuildStamp: freesurfer-linux-ubuntu22_x86_64-7.3.2-20220804-6354275  User: oesteban  Machine: dna056  Platform: Linux  PlatformVersion: 5.14.0-427.37.1.el9_4.x86_64  CompilerName: GCC  CompilerVersion: 8.4.0
ProgramName: mri_relabel_hypointensities  ProgramArguments: mri_relabel_hypointensities -all-info  ProgramVersion: 7.3.2  TimeStamp: 2026/03/09-22:40:30-GMT  BuildTime: Aug  4 2022 06:17:15  BuildStamp: freesurfer-linux-ubuntu22_x86_64-7.3.2-20220804-6354275  User: oesteban  Machine: dna056  Platform: Linux  PlatformVersion: 5.14.0-427.37.1.el9_4.x86_64  CompilerName: GCC  CompilerVersion: 8.4.0
ProgramName: mri_relabel_nonwm_hypos  ProgramArguments: mri_relabel_nonwm_hypos -all-info  ProgramVersion: 7.3.2  TimeStamp: 2026/03/09-22:40:30-GMT  BuildTime: Aug  4 2022 06:17:15  BuildStamp: freesurfer-linux-ubuntu22_x86_64-7.3.2-20220804-6354275  User: oesteban  Machine: dna056  Platform: Linux  PlatformVersion: 5.14.0-427.37.1.el9_4.x86_64  CompilerName: GCC  CompilerVersion: 8.4.0
ProgramName: mri_remove_neck  ProgramArguments: mri_remove_neck -all-info  ProgramVersion: 7.3.2  TimeStamp: 2026/03/09-22:40:30-GMT  BuildTime: Aug  4 2022 06:17:15  BuildStamp: freesurfer-linux-ubuntu22_x86_64-7.3.2-20220804-6354275  User: oesteban  Machine: dna056  Platform: Linux  PlatformVersion: 5.14.0-427.37.1.el9_4.x86_64  CompilerName: GCC  CompilerVersion: 8.4.0
7.3.2

ProgramName: mri_robust_register  ProgramArguments: mri_robust_register -all-info  ProgramVersion: 7.3.2  TimeStamp: 2026/03/09-22:40:30-GMT  BuildTime: Aug  4 2022 06:17:15  BuildStamp: freesurfer-linux-ubuntu22_x86_64-7.3.2-20220804-6354275  User: oesteban  Machine: dna056  Platform: Linux  PlatformVersion: 5.14.0-427.37.1.el9_4.x86_64  CompilerName: GCC  CompilerVersion: 8.4.0
7.3.2

ProgramName: mri_robust_template  ProgramArguments: mri_robust_template -all-info  ProgramVersion: 7.3.2  TimeStamp: 2026/03/09-22:40:30-GMT  BuildTime: Aug  4 2022 06:17:15  BuildStamp: freesurfer-linux-ubuntu22_x86_64-7.3.2-20220804-6354275  User: oesteban  Machine: dna056  Platform: Linux  PlatformVersion: 5.14.0-427.37.1.el9_4.x86_64  CompilerName: GCC  CompilerVersion: 8.4.0
ProgramName: mris_anatomical_stats  ProgramArguments: mris_anatomical_stats -all-info  ProgramVersion: 7.3.2  TimeStamp: 2026/03/09-22:40:30-GMT  BuildTime: Aug  4 2022 06:17:15  BuildStamp: freesurfer-linux-ubuntu22_x86_64-7.3.2-20220804-6354275  User: oesteban  Machine: dna056  Platform: Linux  PlatformVersion: 5.14.0-427.37.1.el9_4.x86_64  CompilerName: GCC  CompilerVersion: 8.4.0
ProgramName: mris_ca_label  ProgramArguments: mris_ca_label -all-info  ProgramVersion: 7.3.2  TimeStamp: 2026/03/09-22:40:30-GMT  BuildTime: Aug  4 2022 06:17:15  BuildStamp: freesurfer-linux-ubuntu22_x86_64-7.3.2-20220804-6354275  User: oesteban  Machine: dna056  Platform: Linux  PlatformVersion: 5.14.0-427.37.1.el9_4.x86_64  CompilerName: GCC  CompilerVersion: 8.4.0
ProgramName: mris_calc  ProgramArguments: mris_calc -all-info  ProgramVersion: 7.3.2  TimeStamp: 2026/03/09-22:40:30-GMT  BuildTime: Aug  4 2022 06:17:15  BuildStamp: freesurfer-linux-ubuntu22_x86_64-7.3.2-20220804-6354275  User: oesteban  Machine: dna056  Platform: Linux  PlatformVersion: 5.14.0-427.37.1.el9_4.x86_64  CompilerName: GCC  CompilerVersion: 8.4.0
ProgramName: mris_convert  ProgramArguments: mris_convert -all-info  ProgramVersion: 7.3.2  TimeStamp: 2026/03/09-22:40:30-GMT  BuildTime: Aug  4 2022 06:17:15  BuildStamp: freesurfer-linux-ubuntu22_x86_64-7.3.2-20220804-6354275  User: oesteban  Machine: dna056  Platform: Linux  PlatformVersion: 5.14.0-427.37.1.el9_4.x86_64  CompilerName: GCC  CompilerVersion: 8.4.0
ProgramName: mris_curvature  ProgramArguments: mris_curvature -all-info  ProgramVersion: 7.3.2  TimeStamp: 2026/03/09-22:40:30-GMT  BuildTime: Aug  4 2022 06:17:15  BuildStamp: freesurfer-linux-ubuntu22_x86_64-7.3.2-20220804-6354275  User: oesteban  Machine: dna056  Platform: Linux  PlatformVersion: 5.14.0-427.37.1.el9_4.x86_64  CompilerName: GCC  CompilerVersion: 8.4.0
ProgramName: mris_curvature_stats  ProgramArguments: mris_curvature_stats -all-info  ProgramVersion: 7.3.2  TimeStamp: 2026/03/09-22:40:30-GMT  BuildTime: Aug  4 2022 06:17:15  BuildStamp: freesurfer-linux-ubuntu22_x86_64-7.3.2-20220804-6354275  User: oesteban  Machine: dna056  Platform: Linux  PlatformVersion: 5.14.0-427.37.1.el9_4.x86_64  CompilerName: GCC  CompilerVersion: 8.4.0
ProgramName: mris_diff  ProgramArguments: mris_diff -all-info  ProgramVersion: 7.3.2  TimeStamp: 2026/03/09-22:40:30-GMT  BuildTime: Aug  4 2022 06:17:15  BuildStamp: freesurfer-linux-ubuntu22_x86_64-7.3.2-20220804-6354275  User: oesteban  Machine: dna056  Platform: Linux  PlatformVersion: 5.14.0-427.37.1.el9_4.x86_64  CompilerName: GCC  CompilerVersion: 8.4.0
ProgramName: mris_divide_parcellation  ProgramArguments: mris_divide_parcellation -all-info  ProgramVersion: 7.3.2  TimeStamp: 2026/03/09-22:40:30-GMT  BuildTime: Aug  4 2022 06:17:15  BuildStamp: freesurfer-linux-ubuntu22_x86_64-7.3.2-20220804-6354275  User: oesteban  Machine: dna056  Platform: Linux  PlatformVersion: 5.14.0-427.37.1.el9_4.x86_64  CompilerName: GCC  CompilerVersion: 8.4.0
ProgramName: mri_segment  ProgramArguments: mri_segment -all-info  ProgramVersion: 7.3.2  TimeStamp: 2026/03/09-22:40:30-GMT  BuildTime: Aug  4 2022 06:17:15  BuildStamp: freesurfer-linux-ubuntu22_x86_64-7.3.2-20220804-6354275  User: oesteban  Machine: dna056  Platform: Linux  PlatformVersion: 5.14.0-427.37.1.el9_4.x86_64  CompilerName: GCC  CompilerVersion: 8.4.0
ProgramName: mri_segstats  ProgramArguments: mri_segstats -all-info  ProgramVersion: 7.3.2  TimeStamp: 2026/03/09-22:40:30-GMT  BuildTime: Aug  4 2022 06:17:15  BuildStamp: freesurfer-linux-ubuntu22_x86_64-7.3.2-20220804-6354275  User: oesteban  Machine: dna056  Platform: Linux  PlatformVersion: 5.14.0-427.37.1.el9_4.x86_64  CompilerName: GCC  CompilerVersion: 8.4.0
ProgramName: mris_euler_number  ProgramArguments: mris_euler_number -all-info  ProgramVersion: 7.3.2  TimeStamp: 2026/03/09-22:40:30-GMT  BuildTime: Aug  4 2022 06:17:15  BuildStamp: freesurfer-linux-ubuntu22_x86_64-7.3.2-20220804-6354275  User: oesteban  Machine: dna056  Platform: Linux  PlatformVersion: 5.14.0-427.37.1.el9_4.x86_64  CompilerName: GCC  CompilerVersion: 8.4.0
ProgramName: mris_fix_topology  ProgramArguments: mris_fix_topology -all-info  ProgramVersion: 7.3.2  TimeStamp: 2026/03/09-22:40:30-GMT  BuildTime: Aug  4 2022 06:17:15  BuildStamp: freesurfer-linux-ubuntu22_x86_64-7.3.2-20220804-6354275  User: oesteban  Machine: dna056  Platform: Linux  PlatformVersion: 5.14.0-427.37.1.el9_4.x86_64  CompilerName: GCC  CompilerVersion: 8.4.0
ProgramName: mris_topo_fixer  ProgramArguments: mris_topo_fixer -all-info  ProgramVersion: 7.3.2  TimeStamp: 2026/03/09-22:40:30-GMT  BuildTime: Aug  4 2022 06:17:15  BuildStamp: freesurfer-linux-ubuntu22_x86_64-7.3.2-20220804-6354275  User: oesteban  Machine: dna056  Platform: Linux  PlatformVersion: 5.14.0-427.37.1.el9_4.x86_64  CompilerName: GCC  CompilerVersion: 8.4.0
ProgramName: mris_jacobian  ProgramArguments: mris_jacobian -all-info  ProgramVersion: 7.3.2  TimeStamp: 2026/03/09-22:40:30-GMT  BuildTime: Aug  4 2022 06:17:15  BuildStamp: freesurfer-linux-ubuntu22_x86_64-7.3.2-20220804-6354275  User: oesteban  Machine: dna056  Platform: Linux  PlatformVersion: 5.14.0-427.37.1.el9_4.x86_64  CompilerName: GCC  CompilerVersion: 8.4.0
ProgramName: mris_label2annot  ProgramArguments: mris_label2annot -all-info  ProgramVersion: 7.3.2  TimeStamp: 2026/03/09-22:40:30-GMT  BuildTime: Aug  4 2022 06:17:15  BuildStamp: freesurfer-linux-ubuntu22_x86_64-7.3.2-20220804-6354275  User: oesteban  Machine: dna056  Platform: Linux  PlatformVersion: 5.14.0-427.37.1.el9_4.x86_64  CompilerName: GCC  CompilerVersion: 8.4.0
ProgramName: mris_left_right_register  ProgramArguments: mris_left_right_register -all-info  ProgramVersion: 7.3.2  TimeStamp: 2026/03/09-22:40:30-GMT  BuildTime: Aug  4 2022 06:17:15  BuildStamp: freesurfer-linux-ubuntu22_x86_64-7.3.2-20220804-6354275  User: oesteban  Machine: dna056  Platform: Linux  PlatformVersion: 5.14.0-427.37.1.el9_4.x86_64  CompilerName: GCC  CompilerVersion: 8.4.0
ProgramName: mris_place_surface  ProgramArguments: mris_place_surface -all-info  ProgramVersion: 7.3.2  TimeStamp: 2026/03/09-22:40:30-GMT  BuildTime: Aug  4 2022 06:17:15  BuildStamp: freesurfer-linux-ubuntu22_x86_64-7.3.2-20220804-6354275  User: oesteban  Machine: dna056  Platform: Linux  PlatformVersion: 5.14.0-427.37.1.el9_4.x86_64  CompilerName: GCC  CompilerVersion: 8.4.0
ProgramName: mrisp_paint  ProgramArguments: mrisp_paint -all-info  ProgramVersion: 7.3.2  TimeStamp: 2026/03/09-22:40:30-GMT  BuildTime: Aug  4 2022 06:17:15  BuildStamp: freesurfer-linux-ubuntu22_x86_64-7.3.2-20220804-6354275  User: oesteban  Machine: dna056  Platform: Linux  PlatformVersion: 5.14.0-427.37.1.el9_4.x86_64  CompilerName: GCC  CompilerVersion: 8.4.0
ProgramName: mris_register  ProgramArguments: mris_register -all-info  ProgramVersion: 7.3.2  TimeStamp: 2026/03/09-22:40:30-GMT  BuildTime: Aug  4 2022 06:17:15  BuildStamp: freesurfer-linux-ubuntu22_x86_64-7.3.2-20220804-6354275  User: oesteban  Machine: dna056  Platform: Linux  PlatformVersion: 5.14.0-427.37.1.el9_4.x86_64  CompilerName: GCC  CompilerVersion: 8.4.0
ProgramName: mris_smooth  ProgramArguments: mris_smooth -all-info  ProgramVersion: 7.3.2  TimeStamp: 2026/03/09-22:40:30-GMT  BuildTime: Aug  4 2022 06:17:15  BuildStamp: freesurfer-linux-ubuntu22_x86_64-7.3.2-20220804-6354275  User: oesteban  Machine: dna056  Platform: Linux  PlatformVersion: 5.14.0-427.37.1.el9_4.x86_64  CompilerName: GCC  CompilerVersion: 8.4.0
ProgramName: mris_sphere  ProgramArguments: mris_sphere -all-info  ProgramVersion: 7.3.2  TimeStamp: 2026/03/09-22:40:30-GMT  BuildTime: Aug  4 2022 06:17:15  BuildStamp: freesurfer-linux-ubuntu22_x86_64-7.3.2-20220804-6354275  User: oesteban  Machine: dna056  Platform: Linux  PlatformVersion: 5.14.0-427.37.1.el9_4.x86_64  CompilerName: GCC  CompilerVersion: 8.4.0
ProgramName: mris_surface_stats  ProgramArguments: mris_surface_stats -all-info  ProgramVersion: 7.3.2  TimeStamp: 2026/03/09-22:40:30-GMT  BuildTime: Aug  4 2022 06:17:15  BuildStamp: freesurfer-linux-ubuntu22_x86_64-7.3.2-20220804-6354275  User: oesteban  Machine: dna056  Platform: Linux  PlatformVersion: 5.14.0-427.37.1.el9_4.x86_64  CompilerName: GCC  CompilerVersion: 8.4.0
ProgramName: mri_stats2seg  ProgramArguments: mri_stats2seg -all-info  ProgramVersion: 7.3.2  TimeStamp: 2026/03/09-22:40:30-GMT  BuildTime: Aug  4 2022 06:17:15  BuildStamp: freesurfer-linux-ubuntu22_x86_64-7.3.2-20220804-6354275  User: oesteban  Machine: dna056  Platform: Linux  PlatformVersion: 5.14.0-427.37.1.el9_4.x86_64  CompilerName: GCC  CompilerVersion: 8.4.0
ProgramName: mris_thickness  ProgramArguments: mris_thickness -all-info  ProgramVersion: 7.3.2  TimeStamp: 2026/03/09-22:40:30-GMT  BuildTime: Aug  4 2022 06:17:15  BuildStamp: freesurfer-linux-ubuntu22_x86_64-7.3.2-20220804-6354275  User: oesteban  Machine: dna056  Platform: Linux  PlatformVersion: 5.14.0-427.37.1.el9_4.x86_64  CompilerName: GCC  CompilerVersion: 8.4.0
ProgramName: mris_thickness_diff  ProgramArguments: mris_thickness_diff -all-info  ProgramVersion: 7.3.2  TimeStamp: 2026/03/09-22:40:30-GMT  BuildTime: Aug  4 2022 06:17:15  BuildStamp: freesurfer-linux-ubuntu22_x86_64-7.3.2-20220804-6354275  User: oesteban  Machine: dna056  Platform: Linux  PlatformVersion: 5.14.0-427.37.1.el9_4.x86_64  CompilerName: GCC  CompilerVersion: 8.4.0
ProgramName: mris_topo_fixer  ProgramArguments: mris_topo_fixer -all-info  ProgramVersion: 7.3.2  TimeStamp: 2026/03/09-22:40:30-GMT  BuildTime: Aug  4 2022 06:17:15  BuildStamp: freesurfer-linux-ubuntu22_x86_64-7.3.2-20220804-6354275  User: oesteban  Machine: dna056  Platform: Linux  PlatformVersion: 5.14.0-427.37.1.el9_4.x86_64  CompilerName: GCC  CompilerVersion: 8.4.0
ProgramName: mri_surf2surf  ProgramArguments: mri_surf2surf -all-info  ProgramVersion: 7.3.2  TimeStamp: 2026/03/09-22:40:30-GMT  BuildTime: Aug  4 2022 06:17:15  BuildStamp: freesurfer-linux-ubuntu22_x86_64-7.3.2-20220804-6354275  User: oesteban  Machine: dna056  Platform: Linux  PlatformVersion: 5.14.0-427.37.1.el9_4.x86_64  CompilerName: GCC  CompilerVersion: 8.4.0
ProgramName: mri_surf2vol  ProgramArguments: mri_surf2vol -all-info  ProgramVersion: 7.3.2  TimeStamp: 2026/03/09-22:40:30-GMT  BuildTime: Aug  4 2022 06:17:15  BuildStamp: freesurfer-linux-ubuntu22_x86_64-7.3.2-20220804-6354275  User: oesteban  Machine: dna056  Platform: Linux  PlatformVersion: 5.14.0-427.37.1.el9_4.x86_64  CompilerName: GCC  CompilerVersion: 8.4.0
ProgramName: mri_surfcluster  ProgramArguments: mri_surfcluster -all-info  ProgramVersion: 7.3.2  TimeStamp: 2026/03/09-22:40:30-GMT  BuildTime: Aug  4 2022 06:17:15  BuildStamp: freesurfer-linux-ubuntu22_x86_64-7.3.2-20220804-6354275  User: oesteban  Machine: dna056  Platform: Linux  PlatformVersion: 5.14.0-427.37.1.el9_4.x86_64  CompilerName: GCC  CompilerVersion: 8.4.0
ProgramName: mris_volmask  ProgramArguments: mris_volmask -all-info  ProgramVersion: 7.3.2  TimeStamp: 2026/03/09-22:40:30-GMT  BuildTime: Aug  4 2022 06:17:15  BuildStamp: freesurfer-linux-ubuntu22_x86_64-7.3.2-20220804-6354275  User: oesteban  Machine: dna056  Platform: Linux  PlatformVersion: 5.14.0-427.37.1.el9_4.x86_64  CompilerName: GCC  CompilerVersion: 8.4.0
ProgramName: mri_tessellate  ProgramArguments: mri_tessellate -all-info  ProgramVersion: 7.3.2  TimeStamp: 2026/03/09-22:40:30-GMT  BuildTime: Aug  4 2022 06:17:15  BuildStamp: freesurfer-linux-ubuntu22_x86_64-7.3.2-20220804-6354275  User: oesteban  Machine: dna056  Platform: Linux  PlatformVersion: 5.14.0-427.37.1.el9_4.x86_64  CompilerName: GCC  CompilerVersion: 8.4.0
ProgramName: mri_vol2surf  ProgramArguments: mri_vol2surf -all-info  ProgramVersion: 7.3.2  TimeStamp: 2026/03/09-22:40:30-GMT  BuildTime: Aug  4 2022 06:17:15  BuildStamp: freesurfer-linux-ubuntu22_x86_64-7.3.2-20220804-6354275  User: oesteban  Machine: dna056  Platform: Linux  PlatformVersion: 5.14.0-427.37.1.el9_4.x86_64  CompilerName: GCC  CompilerVersion: 8.4.0
ProgramName: mri_vol2vol  ProgramArguments: mri_vol2vol -all-info  ProgramVersion: 7.3.2  TimeStamp: 2026/03/09-22:40:30-GMT  BuildTime: Aug  4 2022 06:17:15  BuildStamp: freesurfer-linux-ubuntu22_x86_64-7.3.2-20220804-6354275  User: oesteban  Machine: dna056  Platform: Linux  PlatformVersion: 5.14.0-427.37.1.el9_4.x86_64  CompilerName: GCC  CompilerVersion: 8.4.0
ProgramName: mri_voldiff  ProgramArguments: mri_voldiff -all-info  ProgramVersion: 7.3.2  TimeStamp: 2026/03/09-22:40:30-GMT  BuildTime: Aug  4 2022 06:17:15  BuildStamp: freesurfer-linux-ubuntu22_x86_64-7.3.2-20220804-6354275  User: oesteban  Machine: dna056  Platform: Linux  PlatformVersion: 5.14.0-427.37.1.el9_4.x86_64  CompilerName: GCC  CompilerVersion: 8.4.0
ProgramName: mri_watershed  ProgramArguments: mri_watershed -all-info  ProgramVersion: 7.3.2  TimeStamp: 2026/03/09-22:40:30-GMT  BuildTime: Aug  4 2022 06:17:15  BuildStamp: freesurfer-linux-ubuntu22_x86_64-7.3.2-20220804-6354275  User: oesteban  Machine: dna056  Platform: Linux  PlatformVersion: 5.14.0-427.37.1.el9_4.x86_64  CompilerName: GCC  CompilerVersion: 8.4.0
ProgramName: tkregister2  ProgramArguments: tkregister2_cmdl -all-info  ProgramVersion: 7.3.2  TimeStamp: 2026/03/09-22:40:30-GMT  BuildTime: Aug  4 2022 06:17:15  BuildStamp: freesurfer-linux-ubuntu22_x86_64-7.3.2-20220804-6354275  User: oesteban  Machine: dna056  Platform: Linux  PlatformVersion: 5.14.0-427.37.1.el9_4.x86_64  CompilerName: GCC  CompilerVersion: 8.4.0
mri_motion_correct.fsl 7.3.2
mri_convert -all-info 
ProgramName: mri_convert  ProgramArguments: mri_convert -all-info  ProgramVersion: 7.3.2  TimeStamp: 2026/03/09-22:40:30-GMT  BuildTime: Aug  4 2022 06:17:15  BuildStamp: freesurfer-linux-ubuntu22_x86_64-7.3.2-20220804-6354275  User: oesteban  Machine: dna056  Platform: Linux  PlatformVersion: 5.14.0-427.37.1.el9_4.x86_64  CompilerName: GCC  CompilerVersion: 8.4.0
Program nu_correct, built from:
Package MNI N3, version 1.12.0, compiled by nicks@terrier (x86_64-unknown-linux-gnu) on 2015-06-19 at 01:25:34
#######################################
GCADIR /opt/freesurfer/average
GCA RB_all_2020-01-02.gca
GCASkull RB_all_withskull_2020_01_02.gca
AvgCurvTif folding.atlas.acfb40.noaparc.i12.2016-08-02.tif
GCSDIR /opt/freesurfer/average
GCS DKaparc.atlas.acfb40.noaparc.i12.2016-08-02.gcs
#######################################
#--------------------------------------------
#@# Tessellate lh Mon Mar  9 23:40:30 CET 2026
/out/sourcedata/freesurfer/sub-v1s2x0051477_ses-1/scripts

 mri_pretess ../mri/filled.mgz 255 ../mri/norm.mgz ../mri/filled-pretess255.mgz 


Iteration Number : 1
pass   1 (xy+):   0 found -   0 modified     |    TOTAL:   0
pass   1 (xy-):   2 found -   2 modified     |    TOTAL:   2
pass   2 (xy-):   0 found -   2 modified     |    TOTAL:   2
pass   1 (yz+):  11 found -  11 modified     |    TOTAL:  13
pass   2 (yz+):   0 found -  11 modified     |    TOTAL:  13
pass   1 (yz-):   4 found -   4 modified     |    TOTAL:  17
pass   2 (yz-):   0 found -   4 modified     |    TOTAL:  17
pass   1 (xz+):   1 found -   1 modified     |    TOTAL:  18
pass   2 (xz+):   0 found -   1 modified     |    TOTAL:  18
pass   1 (xz-):   0 found -   0 modified     |    TOTAL:  18
Iteration Number : 1
pass   1 (+++):   0 found -   0 modified     |    TOTAL:   0
pass   1 (+++):   2 found -   2 modified     |    TOTAL:   2
pass   2 (+++):   0 found -   2 modified     |    TOTAL:   2
pass   1 (+++):   0 found -   0 modified     |    TOTAL:   2
pass   1 (+++):   0 found -   0 modified     |    TOTAL:   2
Iteration Number : 1
pass   1 (++):   1 found -   1 modified     |    TOTAL:   1
pass   2 (++):   0 found -   1 modified     |    TOTAL:   1
pass   1 (+-):   1 found -   1 modified     |    TOTAL:   2
pass   2 (+-):   0 found -   1 modified     |    TOTAL:   2
pass   1 (--):   0 found -   0 modified     |    TOTAL:   2
pass   1 (-+):   1 found -   1 modified     |    TOTAL:   3
pass   2 (-+):   0 found -   1 modified     |    TOTAL:   3
Iteration Number : 2
pass   1 (xy+):   1 found -   1 modified     |    TOTAL:   1
pass   2 (xy+):   0 found -   1 modified     |    TOTAL:   1
pass   1 (xy-):   0 found -   0 modified     |    TOTAL:   1
pass   1 (yz+):   0 found -   0 modified     |    TOTAL:   1
pass   1 (yz-):   0 found -   0 modified     |    TOTAL:   1
pass   1 (xz+):   0 found -   0 modified     |    TOTAL:   1
pass   1 (xz-):   0 found -   0 modified     |    TOTAL:   1
Iteration Number : 2
pass   1 (+++):   0 found -   0 modified     |    TOTAL:   0
pass   1 (+++):   0 found -   0 modified     |    TOTAL:   0
pass   1 (+++):   0 found -   0 modified     |    TOTAL:   0
pass   1 (+++):   0 found -   0 modified     |    TOTAL:   0
Iteration Number : 2
pass   1 (++):   0 found -   0 modified     |    TOTAL:   0
pass   1 (+-):   0 found -   0 modified     |    TOTAL:   0
pass   1 (--):   0 found -   0 modified     |    TOTAL:   0
pass   1 (-+):   0 found -   0 modified     |    TOTAL:   0
Iteration Number : 3
pass   1 (xy+):   0 found -   0 modified     |    TOTAL:   0
pass   1 (xy-):   0 found -   0 modified     |    TOTAL:   0
pass   1 (yz+):   0 found -   0 modified     |    TOTAL:   0
pass   1 (yz-):   0 found -   0 modified     |    TOTAL:   0
pass   1 (xz+):   0 found -   0 modified     |    TOTAL:   0
pass   1 (xz-):   0 found -   0 modified     |    TOTAL:   0
Iteration Number : 3
pass   1 (+++):   0 found -   0 modified     |    TOTAL:   0
pass   1 (+++):   0 found -   0 modified     |    TOTAL:   0
pass   1 (+++):   0 found -   0 modified     |    TOTAL:   0
pass   1 (+++):   0 found -   0 modified     |    TOTAL:   0
Iteration Number : 3
pass   1 (++):   0 found -   0 modified     |    TOTAL:   0
pass   1 (+-):   0 found -   0 modified     |    TOTAL:   0
pass   1 (--):   0 found -   0 modified     |    TOTAL:   0
pass   1 (-+):   0 found -   0 modified     |    TOTAL:   0

Total Number of Modified Voxels = 24 (out of 290471: 0.008262)
Ambiguous edge configurations... 

mri_pretess done


 mri_tessellate ../mri/filled-pretess255.mgz 255 ../surf/lh.orig.nofix 

7.3.2
  7.3.2
slice 30: 1111 vertices, 1217 faces
slice 40: 6827 vertices, 7047 faces
slice 50: 16149 vertices, 16547 faces
slice 60: 27630 vertices, 27989 faces
slice 70: 38762 vertices, 39189 faces
slice 80: 49883 vertices, 50268 faces
slice 90: 62018 vertices, 62409 faces
slice 100: 73609 vertices, 74003 faces
slice 110: 84812 vertices, 85197 faces
slice 120: 95523 vertices, 95879 faces
slice 130: 105137 vertices, 105452 faces
slice 140: 113092 vertices, 113353 faces
slice 150: 120767 vertices, 121016 faces
slice 160: 126442 vertices, 126653 faces
slice 170: 132039 vertices, 132248 faces
slice 180: 135613 vertices, 135722 faces
slice 190: 136644 vertices, 136666 faces
slice 200: 136644 vertices, 136666 faces
slice 210: 136644 vertices, 136666 faces
slice 220: 136644 vertices, 136666 faces
slice 230: 136644 vertices, 136666 faces
slice 240: 136644 vertices, 136666 faces
slice 250: 136644 vertices, 136666 faces
using the conformed surface RAS to save vertex points...
writing ../surf/lh.orig.nofix
using vox2ras matrix:
-1.00000   0.00000   0.00000   128.00000;
 0.00000   0.00000   1.00000  -128.00000;
 0.00000  -1.00000   0.00000   128.00000;
 0.00000   0.00000   0.00000   1.00000;

 rm -f ../mri/filled-pretess255.mgz 


 mris_extract_main_component ../surf/lh.orig.nofix ../surf/lh.orig.nofix 


counting number of connected components...
   136644 voxel in cpt #1: X=-22 [v=136644,e=409998,f=273332] located at (-27.788977, -31.061319, 52.815235)
For the whole surface: X=-22 [v=136644,e=409998,f=273332]
One single component has been found
nothing to do
done

#--------------------------------------------
#@# Smooth1 lh Mon Mar  9 23:40:34 CET 2026
/out/sourcedata/freesurfer/sub-v1s2x0051477_ses-1/scripts

 mris_smooth -nw -seed 1234 ../surf/lh.orig.nofix ../surf/lh.smoothwm.nofix 

setting seed for random number generator to 1234
smoothing surface tessellation for 10 iterations...
smoothing complete - recomputing first and second fundamental forms...
#--------------------------------------------
#@# Inflation1 lh Mon Mar  9 23:40:37 CET 2026
/out/sourcedata/freesurfer/sub-v1s2x0051477_ses-1/scripts

 mris_inflate -no-save-sulc ../surf/lh.smoothwm.nofix ../surf/lh.inflated.nofix 

Not saving sulc
Reading ../surf/lh.smoothwm.nofix
avg radius = 46.4 mm, total surface area = 73756 mm^2
step 000: RMS=0.148 (target=0.015)   step 005: RMS=0.112 (target=0.015)   step 010: RMS=0.083 (target=0.015)   step 015: RMS=0.068 (target=0.015)   step 020: RMS=0.059 (target=0.015)   step 025: RMS=0.053 (target=0.015)   step 030: RMS=0.047 (target=0.015)   step 035: RMS=0.044 (target=0.015)   step 040: RMS=0.041 (target=0.015)   step 045: RMS=0.039 (target=0.015)   step 050: RMS=0.037 (target=0.015)   step 055: RMS=0.036 (target=0.015)   step 060: RMS=0.035 (target=0.015)   writing inflated surface to ../surf/lh.inflated.nofix
inflation took 0.2 minutes

inflation complete.
Not saving sulc
mris_inflate utimesec    66.159331
mris_inflate stimesec    1.844508
mris_inflate ru_maxrss   218384
mris_inflate ru_ixrss    0
mris_inflate ru_idrss    0
mris_inflate ru_isrss    0
mris_inflate ru_minflt   480796
mris_inflate ru_majflt   32
mris_inflate ru_nswap    0
mris_inflate ru_inblock  1672
mris_inflate ru_oublock  9616
mris_inflate ru_msgsnd   0
mris_inflate ru_msgrcv   0
mris_inflate ru_nsignals 0
mris_inflate ru_nvcsw    7985
mris_inflate ru_nivcsw   342
#--------------------------------------------
#@# QSphere lh Mon Mar  9 23:40:52 CET 2026
/out/sourcedata/freesurfer/sub-v1s2x0051477_ses-1/scripts

 mris_sphere -q -p 6 -a 128 -seed 1234 ../surf/lh.inflated.nofix ../surf/lh.qsphere.nofix 

doing quick spherical unfolding.
limitting unfolding to 6 passes
using n_averages = 128
setting seed for random number genererator to 1234
version: 7.3.2
available threads: 16
scaling brain by 0.311...
inflating...
projecting onto sphere...
surface projected - minimizing metric distortion...
vertex spacing 0.98 +- 0.56 (0.00-->7.22) (max @ vno 53247 --> 54599)
face area 0.03 +- 0.03 (-0.09-->0.67)
Entering MRISinflateToSphere()
inflating to sphere (rms error < 2.00)
000: dt: 0.0000, rms radial error=176.630, avgs=0
005/300: dt: 0.9000, rms radial error=176.370, avgs=0
010/300: dt: 0.9000, rms radial error=175.812, avgs=0
015/300: dt: 0.9000, rms radial error=175.079, avgs=0
020/300: dt: 0.9000, rms radial error=174.244, avgs=0
025/300: dt: 0.9000, rms radial error=173.351, avgs=0
030/300: dt: 0.9000, rms radial error=172.425, avgs=0
035/300: dt: 0.9000, rms radial error=171.484, avgs=0
040/300: dt: 0.9000, rms radial error=170.535, avgs=0
045/300: dt: 0.9000, rms radial error=169.583, avgs=0
050/300: dt: 0.9000, rms radial error=168.633, avgs=0
055/300: dt: 0.9000, rms radial error=167.685, avgs=0
060/300: dt: 0.9000, rms radial error=166.741, avgs=0
065/300: dt: 0.9000, rms radial error=165.801, avgs=0
070/300: dt: 0.9000, rms radial error=164.866, avgs=0
075/300: dt: 0.9000, rms radial error=163.935, avgs=0
080/300: dt: 0.9000, rms radial error=163.010, avgs=0
085/300: dt: 0.9000, rms radial error=162.090, avgs=0
090/300: dt: 0.9000, rms radial error=161.176, avgs=0
095/300: dt: 0.9000, rms radial error=160.266, avgs=0
100/300: dt: 0.9000, rms radial error=159.361, avgs=0
105/300: dt: 0.9000, rms radial error=158.462, avgs=0
110/300: dt: 0.9000, rms radial error=157.567, avgs=0
115/300: dt: 0.9000, rms radial error=156.677, avgs=0
120/300: dt: 0.9000, rms radial error=155.793, avgs=0
125/300: dt: 0.9000, rms radial error=154.913, avgs=0
130/300: dt: 0.9000, rms radial error=154.038, avgs=0
135/300: dt: 0.9000, rms radial error=153.168, avgs=0
140/300: dt: 0.9000, rms radial error=152.305, avgs=0
145/300: dt: 0.9000, rms radial error=151.447, avgs=0
150/300: dt: 0.9000, rms radial error=150.594, avgs=0
155/300: dt: 0.9000, rms radial error=149.745, avgs=0
160/300: dt: 0.9000, rms radial error=148.901, avgs=0
165/300: dt: 0.9000, rms radial error=148.061, avgs=0
170/300: dt: 0.9000, rms radial error=147.227, avgs=0
175/300: dt: 0.9000, rms radial error=146.397, avgs=0
180/300: dt: 0.9000, rms radial error=145.571, avgs=0
185/300: dt: 0.9000, rms radial error=144.750, avgs=0
190/300: dt: 0.9000, rms radial error=143.934, avgs=0
195/300: dt: 0.9000, rms radial error=143.122, avgs=0
200/300: dt: 0.9000, rms radial error=142.315, avgs=0
205/300: dt: 0.9000, rms radial error=141.512, avgs=0
210/300: dt: 0.9000, rms radial error=140.714, avgs=0
215/300: dt: 0.9000, rms radial error=139.920, avgs=0
220/300: dt: 0.9000, rms radial error=139.131, avgs=0
225/300: dt: 0.9000, rms radial error=138.346, avgs=0
230/300: dt: 0.9000, rms radial error=137.565, avgs=0
235/300: dt: 0.9000, rms radial error=136.789, avgs=0
240/300: dt: 0.9000, rms radial error=136.017, avgs=0
245/300: dt: 0.9000, rms radial error=135.250, avgs=0
250/300: dt: 0.9000, rms radial error=134.487, avgs=0
255/300: dt: 0.9000, rms radial error=133.728, avgs=0
260/300: dt: 0.9000, rms radial error=132.974, avgs=0
265/300: dt: 0.9000, rms radial error=132.224, avgs=0
270/300: dt: 0.9000, rms radial error=131.478, avgs=0
275/300: dt: 0.9000, rms radial error=130.736, avgs=0
280/300: dt: 0.9000, rms radial error=129.998, avgs=0
285/300: dt: 0.9000, rms radial error=129.264, avgs=0
290/300: dt: 0.9000, rms radial error=128.535, avgs=0
295/300: dt: 0.9000, rms radial error=127.810, avgs=0
300/300: dt: 0.9000, rms radial error=127.089, avgs=0

spherical inflation complete.
epoch 1 (K=10.0), pass 1, starting sse = 15914.38
taking momentum steps...
taking momentum steps...
taking momentum steps...
taking momentum steps...
pass 1 complete, delta sse/iter = 0.00/13 = 0.00026
epoch 2 (K=40.0), pass 1, starting sse = 2582.76
taking momentum steps...
taking momentum steps...
taking momentum steps...
taking momentum steps...
pass 1 complete, delta sse/iter = 0.00/13 = 0.00016
epoch 3 (K=160.0), pass 1, starting sse = 237.05
taking momentum steps...
taking momentum steps...
taking momentum steps...
taking momentum steps...
pass 1 complete, delta sse/iter = 0.17/19 = 0.00916
epoch 4 (K=640.0), pass 1, starting sse = 9.88
taking momentum steps...
taking momentum steps...
taking momentum steps...
taking momentum steps...
pass 1 complete, delta sse/iter = 0.27/27 = 0.01007
final distance error %100000.00
writing spherical brain to ../surf/lh.qsphere.nofix
spherical transformation took 0.0261 hours
FSRUNTIME@ mris_sphere  0.0261 hours 16 threads
#VMPC# mris_sphere VmPeak  1605248
mris_sphere done
#@# Fix Topology lh Mon Mar  9 23:42:27 CET 2026

 mris_fix_topology -mgz -sphere qsphere.nofix -inflated inflated.nofix -orig orig.nofix -out orig.premesh -ga -seed 1234 sub-v1s2x0051477_ses-1 lh 

reading spherical homeomorphism from 'qsphere.nofix'
reading inflated coordinates from 'inflated.nofix'
reading original coordinates from 'orig.nofix'
using genetic algorithm with optimized parameters
setting seed for random number genererator to 1234

*************************************************************
Topology Correction Parameters
retessellation mode:           genetic search
number of patches/generation : 10
number of generations :        10
surface mri loglikelihood coefficient :         1.0
volume mri loglikelihood coefficient :          10.0
normal dot loglikelihood coefficient :          1.0
quadratic curvature loglikelihood coefficient : 1.0
volume resolution :                             2
eliminate vertices during search :              1
initial patch selection :                       1
select all defect vertices :                    0
ordering dependant retessellation:              0
use precomputed edge table :                    0
smooth retessellated patch :                    2
match retessellated patch :                     1
verbose mode :                                  0

*************************************************************
INFO: assuming .mgz format
writing corrected surface to 'orig.premesh'
7.3.2
  7.3.2
before topology correction, eno=-22 (nv=136644, nf=273332, ne=409998, g=12)
using quasi-homeomorphic spherical map to tessellate cortical surface...

Correction of the Topology
Finding true center and radius of Spherical Surface...done
Surface centered at (0,0,0) with radius 100.0 in 10 iterations
marking ambiguous vertices...
2842 ambiguous faces found in tessellation
segmenting defects...
24 defects found, arbitrating ambiguous regions...
analyzing neighboring defects...
24 defects to be corrected 
0 vertices coincident
reading input surface /out/sourcedata/freesurfer/sub-v1s2x0051477_ses-1/surf/lh.qsphere.nofix...
reading brain volume from brain...
reading wm segmentation from wm...
Reading original properties of orig.nofix
Reading vertex positions of inflated.nofix
Computing Initial Surface Statistics
      -face       loglikelihood: -9.1960  (-4.5980)
      -vertex     loglikelihood: -5.7901  (-2.8950)
      -normal dot loglikelihood: -3.6218  (-3.6218)
      -quad curv  loglikelihood: -5.9003  (-2.9502)
      Total Loglikelihood : -24.5082
CORRECTING DEFECT 0 (vertices=202, convex hull=80, v0=410)
After retessellation of defect 0 (v0=410), euler #=-20 (134928,404194,269246) : difference with theory (-21) = -1 
CORRECTING DEFECT 1 (vertices=66, convex hull=55, v0=501)
After retessellation of defect 1 (v0=501), euler #=-19 (134938,404247,269290) : difference with theory (-20) = -1 
CORRECTING DEFECT 2 (vertices=102, convex hull=123, v0=1426)
After retessellation of defect 2 (v0=1426), euler #=-18 (134966,404385,269401) : difference with theory (-19) = -1 
CORRECTING DEFECT 3 (vertices=139, convex hull=165, v0=2291)
After retessellation of defect 3 (v0=2291), euler #=-17 (135021,404626,269588) : difference with theory (-18) = -1 
CORRECTING DEFECT 4 (vertices=5, convex hull=13, v0=9366)
After retessellation of defect 4 (v0=9366), euler #=-16 (135022,404630,269592) : difference with theory (-17) = -1 
CORRECTING DEFECT 5 (vertices=54, convex hull=101, v0=15041)
After retessellation of defect 5 (v0=15041), euler #=-15 (135035,404709,269659) : difference with theory (-16) = -1 
CORRECTING DEFECT 6 (vertices=61, convex hull=72, v0=22564)
After retessellation of defect 6 (v0=22564), euler #=-14 (135053,404792,269725) : difference with theory (-15) = -1 
CORRECTING DEFECT 7 (vertices=47, convex hull=29, v0=49459)
After retessellation of defect 7 (v0=49459), euler #=-13 (135063,404831,269755) : difference with theory (-14) = -1 
CORRECTING DEFECT 8 (vertices=79, convex hull=71, v0=52005)
After retessellation of defect 8 (v0=52005), euler #=-12 (135076,404902,269814) : difference with theory (-13) = -1 
CORRECTING DEFECT 9 (vertices=26, convex hull=65, v0=52325)
After retessellation of defect 9 (v0=52325), euler #=-11 (135085,404957,269861) : difference with theory (-12) = -1 
CORRECTING DEFECT 10 (vertices=105, convex hull=93, v0=58289)
After retessellation of defect 10 (v0=58289), euler #=-11 (135108,405076,269957) : difference with theory (-11) = 0 
CORRECTING DEFECT 11 (vertices=151, convex hull=156, v0=63062)
After retessellation of defect 11 (v0=63062), euler #=-10 (135146,405267,270111) : difference with theory (-10) = 0 
CORRECTING DEFECT 12 (vertices=26, convex hull=32, v0=63858)
After retessellation of defect 12 (v0=63858), euler #=-9 (135150,405291,270132) : difference with theory (-9) = 0 
CORRECTING DEFECT 13 (vertices=39, convex hull=61, v0=72510)
After retessellation of defect 13 (v0=72510), euler #=-8 (135159,405344,270177) : difference with theory (-8) = 0 
CORRECTING DEFECT 14 (vertices=80, convex hull=42, v0=81503)
After retessellation of defect 14 (v0=81503), euler #=-7 (135168,405385,270210) : difference with theory (-7) = 0 
CORRECTING DEFECT 15 (vertices=14, convex hull=17, v0=86582)
After retessellation of defect 15 (v0=86582), euler #=-6 (135171,405397,270220) : difference with theory (-6) = 0 
CORRECTING DEFECT 16 (vertices=37, convex hull=60, v0=88675)
After retessellation of defect 16 (v0=88675), euler #=-5 (135184,405457,270268) : difference with theory (-5) = 0 
CORRECTING DEFECT 17 (vertices=8, convex hull=27, v0=90049)
After retessellation of defect 17 (v0=90049), euler #=-4 (135186,405472,270282) : difference with theory (-4) = 0 
CORRECTING DEFECT 18 (vertices=44, convex hull=42, v0=92198)
After retessellation of defect 18 (v0=92198), euler #=-3 (135194,405513,270316) : difference with theory (-3) = 0 
CORRECTING DEFECT 19 (vertices=12, convex hull=28, v0=94108)
After retessellation of defect 19 (v0=94108), euler #=-2 (135197,405531,270332) : difference with theory (-2) = 0 
CORRECTING DEFECT 20 (vertices=350, convex hull=80, v0=95215)
After retessellation of defect 20 (v0=95215), euler #=-1 (135206,405595,270388) : difference with theory (-1) = 0 
CORRECTING DEFECT 21 (vertices=65, convex hull=28, v0=96114)
After retessellation of defect 21 (v0=96114), euler #=0 (135213,405622,270409) : difference with theory (0) = 0 
CORRECTING DEFECT 22 (vertices=8, convex hull=25, v0=98077)
After retessellation of defect 22 (v0=98077), euler #=1 (135214,405634,270421) : difference with theory (1) = 0 
CORRECTING DEFECT 23 (vertices=17, convex hull=13, v0=100817)
After retessellation of defect 23 (v0=100817), euler #=2 (135216,405642,270428) : difference with theory (2) = 0 
computing original vertex metric properties...
storing new metric properties...
computing tessellation statistics...
vertex spacing 0.89 +- 0.21 (0.05-->5.92) (max @ vno 1101 --> 3906)
face area -nan +- -nan (1000.00-->-1.00)
performing soap bubble on retessellated vertices for 0 iterations...
vertex spacing 0.89 +- 0.21 (0.05-->5.92) (max @ vno 1101 --> 3906)
face area -nan +- -nan (1000.00-->-1.00)
tessellation finished, orienting corrected surface...
115 mutations (37.0%), 196 crossovers (63.0%), 155 vertices were eliminated
building final representation...
1428 vertices and 0 faces have been removed from triangulation
after topology correction, eno=2 (nv=135216, nf=270428, ne=405642, g=0)
writing corrected surface to /out/sourcedata/freesurfer/sub-v1s2x0051477_ses-1/surf/lh.orig.premesh...

0.000 % of the vertices (0 vertices) exhibit an orientation change
removing intersecting faces
000: 147 intersecting
001: 4 intersecting
terminating search with 0 intersecting
topology fixing took 1.2 minutes
FSRUNTIME@ mris_fix_topology lh  0.0194 hours 16 threads
#VMPC# mris_fix_topology VmPeak  1852096

 mris_euler_number ../surf/lh.orig.premesh 

euler # = v-e+f = 2g-2: 135216 - 405642 + 270428 = 2 --> 0 holes
      F =2V-4:          270428 = 270432-4 (0)
      2E=3F:            811284 = 811284 (0)

total defect index = 0
Mon Mar  9 23:43:37 CET 2026

setenv SUBJECTS_DIR /out/sourcedata/freesurfer
cd /out/sourcedata/freesurfer/sub-v1s2x0051477_ses-1/scripts
/opt/freesurfer/bin/defect2seg --s sub-v1s2x0051477_ses-1 --lh-only --cortex

freesurfer-linux-ubuntu22_x86_64-7.3.2-20220804-6354275
defect2seg 7.3.2
Linux dna056 5.14.0-427.37.1.el9_4.x86_64 #1 SMP PREEMPT_DYNAMIC Fri Sep 13 12:41:50 EDT 2024 x86_64 x86_64 x86_64 GNU/Linux
pid 3266900
mri_label2label --label-cortex /out/sourcedata/freesurfer/sub-v1s2x0051477_ses-1/surf/lh.orig.nofix /out/sourcedata/freesurfer/sub-v1s2x0051477_ses-1/mri/aseg.presurf.mgz 0 /out/sourcedata/freesurfer/sub-v1s2x0051477_ses-1/label/lh.nofix.cortex.label

 Generating cortex label... RemoveHipAmgy=0
 NucAccIsMedialWall=0
 mris->useRealRAS=0
20 non-cortical segments detected
only using segment with 7246 vertices
erasing segment 1 (vno[0] = 51826)
erasing segment 2 (vno[0] = 54395)
erasing segment 3 (vno[0] = 54398)
erasing segment 4 (vno[0] = 67421)
erasing segment 5 (vno[0] = 81102)
erasing segment 6 (vno[0] = 85185)
erasing segment 7 (vno[0] = 89577)
erasing segment 8 (vno[0] = 95231)
erasing segment 9 (vno[0] = 95255)
erasing segment 10 (vno[0] = 95307)
erasing segment 11 (vno[0] = 96172)
erasing segment 12 (vno[0] = 97058)
erasing segment 13 (vno[0] = 97095)
erasing segment 14 (vno[0] = 97890)
erasing segment 15 (vno[0] = 98060)
erasing segment 16 (vno[0] = 99017)
erasing segment 17 (vno[0] = 99966)
erasing segment 18 (vno[0] = 99990)
erasing segment 19 (vno[0] = 100823)
mri_label2vol --defects /out/sourcedata/freesurfer/sub-v1s2x0051477_ses-1/surf/lh.orig.nofix /out/sourcedata/freesurfer/sub-v1s2x0051477_ses-1/surf/lh.defect_labels /out/sourcedata/freesurfer/sub-v1s2x0051477_ses-1/mri/orig.mgz 1000 0 /out/sourcedata/freesurfer/sub-v1s2x0051477_ses-1/mri/lh.surface.defects.mgz /out/sourcedata/freesurfer/sub-v1s2x0051477_ses-1/label/lh.nofix.cortex.label
mri_label2vol supposed to be reproducible but seed not set
Contraining to label /out/sourcedata/freesurfer/sub-v1s2x0051477_ses-1/label/lh.nofix.cortex.label
Changing input type 0 to MRI_INT
Converting defects to volume: offset=1000, merge=0
Writing to /out/sourcedata/freesurfer/sub-v1s2x0051477_ses-1/mri/lh.surface.defects.mgz
mris_defects_pointset -s /out/sourcedata/freesurfer/sub-v1s2x0051477_ses-1/surf/lh.orig.nofix -d /out/sourcedata/freesurfer/sub-v1s2x0051477_ses-1/surf/lh.defect_labels -o /out/sourcedata/freesurfer/sub-v1s2x0051477_ses-1/surf/lh.defects.pointset --label /out/sourcedata/freesurfer/sub-v1s2x0051477_ses-1/label/lh.nofix.cortex.label
Reading in surface /out/sourcedata/freesurfer/sub-v1s2x0051477_ses-1/surf/lh.orig.nofix
Reading in defect segmentation /out/sourcedata/freesurfer/sub-v1s2x0051477_ses-1/surf/lh.defect_labels
Reading in label /out/sourcedata/freesurfer/sub-v1s2x0051477_ses-1/label/lh.nofix.cortex.label
#VMPC# mris_defects_pointset 1385124
mris_defects_pointset done
 
Started at Mon Mar 9 23:43:37 CET 2026 
Ended   at Mon Mar  9 23:43:54 CET 2026
Defect2seg-Run-Time-Sec 17
Defect2seg-Run-Time-Min 0.34
Defect2seg-Run-Time-Hours 0.00
 
tkmeditfv sub-v1s2x0051477_ses-1 brain.finalsurfs.mgz -defect
defect2seg Done

 mris_remesh --remesh --iters 3 --input /out/sourcedata/freesurfer/sub-v1s2x0051477_ses-1/surf/lh.orig.premesh --output /out/sourcedata/freesurfer/sub-v1s2x0051477_ses-1/surf/lh.orig 

iters = 3
standard remeshing without target
   adjusted l: 0.71124
remeshing to edge length 0.71124 with 3 iterations

avg qual before   : 0.889957  after: 0.971096

Removing intersections
Remeshed surface quality stats nv0 = 135216  nv = 141226  1.04445
Area    282448  0.30289  0.03372 0.071618   0.5142
Corner  847344 60.00000  8.81406 13.987294 150.3893
Edge    423672  0.84435  0.08249 0.454403   1.2355
Hinge   423672  9.47898  9.49882 0.000009 134.1292
mris_remesh done
/out/sourcedata/freesurfer/sub-v1s2x0051477_ses-1/scripts

 mris_remove_intersection ../surf/lh.orig ../surf/lh.orig 

intersection removal took 0.00 hours
writing corrected surface to ../surf/lh.orig

 rm -f ../surf/lh.inflated 

#--------------------------------------------
#@# AutoDetGWStats lh Mon Mar  9 23:44:31 CET 2026
cd /out/sourcedata/freesurfer/sub-v1s2x0051477_ses-1/mri
mris_autodet_gwstats --o ../surf/autodet.gw.stats.lh.dat --i brain.finalsurfs.mgz --wm wm.mgz --surf ../surf/lh.orig.premesh
7.3.2

cd /out/sourcedata/freesurfer/sub-v1s2x0051477_ses-1/mri
setenv SUBJECTS_DIR /out/sourcedata/freesurfer
mris_autodet_gwstats --o ../surf/autodet.gw.stats.lh.dat --i brain.finalsurfs.mgz --wm wm.mgz --surf ../surf/lh.orig.premesh 

border white:    264186 voxels (1.57%)
border gray      272700 voxels (1.63%)
Reading in intensity volume brain.finalsurfs.mgz
Reading in wm volume wm.mgz
Reading in surf ../surf/lh.orig.premesh
Auto detecting stats
MRIclipBrightWM(): nthresh=20877, wmmin=5, clip=110 
Binarizing thresholding at 5
computing class statistics... low=30, hi=110.000000
CCS WM (103.0): 103.1 +- 5.8 [70.0 --> 110.0]
CCS GM (85.0) : 83.7 +- 11.1 [30.0 --> 110.0]
white_mean = 103.147 +/- 5.77924, gray_mean = 83.7057 +/- 11.0798
using class modes intead of means, discounting robust sigmas....
MRIScomputeClassModes(): min=0 max=213 nbins=214
intensity peaks found at WM=106+-3.5,    GM=82+-7.0
white_mode = 106, gray_mode = 82
std_scale = 1
Applying sanity checks, max_scale_down = 0.2
setting MIN_GRAY_AT_WHITE_BORDER to 70.9 (was 70.000000)
setting MAX_BORDER_WHITE to 111.8 (was 105.000000)
setting MIN_BORDER_WHITE to 82.0 (was 85.000000)
setting MAX_CSF to 59.8 (was 40.000000)
setting MAX_GRAY to 100.2 (was 95.000000)
setting MAX_GRAY_AT_CSF_BORDER to 70.9 (was 75.000000)
setting MIN_GRAY_AT_CSF_BORDER to 48.8 (was 40.000000)
When placing the white surface
  white_border_hi   = 111.779;
  white_border_low  = 82;
  white_outside_low = 70.9202;
  white_inside_hi   = 120;
  white_outside_hi  = 111.779;
When placing the pial surface
  pial_border_hi   = 70.9202;
  pial_border_low  = 48.7607;
  pial_outside_low = 10;
  pial_inside_hi   = 100.221;
  pial_outside_hi  = 65.3803;
#VMPC# mris_autodet_gwstats VmPeak  1398860
mris_autodet_gwstats done
#--------------------------------------------
#@# WhitePreAparc lh Mon Mar  9 23:44:35 CET 2026
cd /out/sourcedata/freesurfer/sub-v1s2x0051477_ses-1/mri
mris_place_surface --adgws-in ../surf/autodet.gw.stats.lh.dat --wm wm.mgz --threads 16 --invol brain.finalsurfs.mgz --lh --i ../surf/lh.orig --o ../surf/lh.white.preaparc --white --seg aseg.presurf.mgz --nsmooth 5
7.3.2
7.3.2

cd /out/sourcedata/freesurfer/sub-v1s2x0051477_ses-1/mri
setenv SUBJECTS_DIR /out/sourcedata/freesurfer
mris_place_surface --adgws-in ../surf/autodet.gw.stats.lh.dat --wm wm.mgz --threads 16 --invol brain.finalsurfs.mgz --lh --i ../surf/lh.orig --o ../surf/lh.white.preaparc --white --seg aseg.presurf.mgz --nsmooth 5 

Reading in input surface ../surf/lh.orig
Smoothing surface before ripping with 5 iterations
Area    282448  0.26873  0.06107 0.001671   0.5828
Corner  847344 60.00000  9.19085 8.358965 148.4394
Edge    423672  0.79153  0.11074 0.043490   1.3435
Hinge   423672  6.42028  6.13288 0.000017 138.6491
Not reading in aparc
Reading in input volume brain.finalsurfs.mgz
Reading in wm volume wm.mgz
MRIclipBrightWM(): nthresh=20877, wmmin=5, clip=110 
MRIfindBrightNonWM(): 348 bright non-wm voxels segmented.
Masking bright non-wm for white surface
MRImask(): AllowDiffGeom = 1
MRImask(): AllowDiffGeom = 1
Reading in seg volume aseg.presurf.mgz
Ripping frozen voxels
INFO: rip surface needed but not specified, so using input surface
Freezing midline and others
Entering: MRISripMidline(): inhibiting deformation at non-cortical midline structures...
  which=1, fix_mtl=0, using annot = 0
#FML0# MRISripMidline(): nripped=0
removing 2 vertices from ripped group in thread:0
removing 3 vertices from ripped group in thread:0
removing 3 vertices from ripped group in thread:0
removing 2 vertices from ripped group in thread:0
removing 2 vertices from ripped group in thread:0
removing 2 vertices from ripped group in thread:0
removing 3 vertices from ripped group in thread:0
#FML# MRISripMidline(): nmarked=6017, nmarked2=17, nripped=6017
Ripping segs (eg, WMSA, BG, frozen)
Starting MRISripSegs() d = (-2 2 0.5) segnos: 247 
MRISripSegs(): -2 2 0.5 ripped 0
vertex 70613: xyz = (-42.4274,-20.2562,45.9213) oxyz = (-42.4274,-20.2562,45.9213) wxzy = (-42.4274,-20.2562,45.9213) pxyz = (0,0,0) 
CBVO Creating mask 141226
n_averages 4
Iteration 0 =========================================
n_averages=4, current_sigma=2
Freezing midline and others
Ripping frozen voxels
INFO: rip surface needed but not specified, so using input surface
Freezing midline and others
Entering: MRISripMidline(): inhibiting deformation at non-cortical midline structures...
  which=1, fix_mtl=0, using annot = 0
#FML0# MRISripMidline(): nripped=6017
removing 2 vertices from ripped group in thread:0
removing 3 vertices from ripped group in thread:0
removing 3 vertices from ripped group in thread:0
removing 2 vertices from ripped group in thread:0
removing 2 vertices from ripped group in thread:0
removing 2 vertices from ripped group in thread:0
removing 3 vertices from ripped group in thread:0
#FML# MRISripMidline(): nmarked=6017, nmarked2=17, nripped=6017
Ripping segs (eg, WMSA, BG, frozen)
Starting MRISripSegs() d = (-2 2 0.5) segnos: 247 247 
MRISripSegs(): -2 2 0.5 ripped 0
Computing target border values 
Entering MRIScomputeBorderValues_new(): 
  inside_hi   = 120.0000000;
  border_hi   = 111.7792360;
  border_low  =  82.0000000;
  outside_low =  70.9202190;
  outside_hi  = 111.7792360;
  sigma = 2;
  max_thickness = 10;
  step_size=0.5;
  STEP_SIZE=0.1;
  which = 1
  thresh = 0
  flags = 0
  CBVfindFirstPeakD1=0
  CBVfindFirstPeakD2=0
  nvertices=141226
  Gdiag_no=-1
  vno start=0, stop=141226
Replacing 255s with 0s
#SI# sigma=2 had to be increased for 132 vertices, nripped=6017
mean border=92.0, 104 (104) missing vertices, mean dist 0.2 [0.8 (%40.1)->0.8 (%59.9))]
%61 local maxima, %35 large gradients and % 0 min vals, 0 gradients ignored
nFirstPeakD1 0
MRIScomputeBorderValues_new() finished in 0.0227 min


Finding expansion regions
mean absolute distance = 0.79 +- 1.07
3874 vertices more than 2 sigmas from mean.
Averaging target values for 5 iterations...
Positioning Surface: tspring = 0.3, nspring = 0.3, spring = 0, niters = 100 l_repulse = 5, l_surf_repulse = 0, checktol = 0
Positioning pial surface
Entering MRISpositionSurface()
  max_mm = 0.3
  MAX_REDUCTIONS = 2, REDUCTION_PCT = 0.5
  parms->check_tol = 0, niterations = 100
tol=1.0e-04, sigma=2.0, host=dna05, nav=4, nbrs=2, l_repulse=5.000, l_tspring=0.300, l_nspring=0.300, l_intensity=0.200, l_curv=1.000
mom=0.00, dt=0.50
complete_dist_mat 0
rms 0
smooth_averages 0
remove_neg 0
ico_order 0
which_surface 0
target_radius 0.000000
nfields 0
scale 0.000000
desired_rms_height 0.000000
momentum 0.000000
nbhd_size 0
max_nbrs 0
niterations 100
nsurfaces 0
SURFACES 3
flags 0 (0)
use curv 0
no sulc 0
no rigid align 0
mris->nsize 2
mris->hemisphere 0
randomSeed 0

000: dt: 0.0000, sse=1628264.9, rms=7.383
001: dt: 0.5000, sse=875250.1, rms=5.167 (30.019%)
002: dt: 0.5000, sse=531704.3, rms=3.743 (27.559%)
003: dt: 0.5000, sse=373198.5, rms=2.849 (23.881%)
004: dt: 0.5000, sse=301036.7, rms=2.327 (18.328%)
005: dt: 0.5000, sse=267967.3, rms=2.036 (12.516%)
006: dt: 0.5000, sse=256385.6, rms=1.891 (7.119%)
007: dt: 0.5000, sse=247906.7, rms=1.814 (4.069%)
rms = 1.7926/1.8137, sse=246063.4/247906.7, time step reduction 1 of 3 to 0.250  0 0 1
008: dt: 0.5000, sse=246063.4, rms=1.793 (1.165%)
009: dt: 0.2500, sse=204583.5, rms=1.262 (29.601%)
010: dt: 0.2500, sse=199920.3, rms=1.186 (6.053%)
rms = 1.1603/1.1856, sse=201958.1/199920.3, time step reduction 2 of 3 to 0.125  0 1 1
011: dt: 0.2500, sse=201958.1, rms=1.160 (2.129%)
rms = 1.1452/1.1603, sse=201233.4/201958.1, time step reduction 3 of 3 to 0.062  0 0 1
012: dt: 0.1250, sse=201233.4, rms=1.145 (1.300%)
  maximum number of reductions reached, breaking from loop
positioning took 1.2 minutes
Iteration 1 =========================================
n_averages=2, current_sigma=1
Freezing midline and others
Ripping frozen voxels
INFO: rip surface needed but not specified, so using input surface
Freezing midline and others
Entering: MRISripMidline(): inhibiting deformation at non-cortical midline structures...
  which=1, fix_mtl=0, using annot = 0
#FML0# MRISripMidline(): nripped=6017
removing 4 vertices from ripped group in thread:0
removing 3 vertices from ripped group in thread:0
removing 2 vertices from ripped group in thread:0
removing 3 vertices from ripped group in thread:0
removing 2 vertices from ripped group in thread:0
#FML# MRISripMidline(): nmarked=6381, nmarked2=169, nripped=6381
Ripping segs (eg, WMSA, BG, frozen)
Starting MRISripSegs() d = (-2 2 0.5) segnos: 247 247 247 
MRISripSegs(): -2 2 0.5 ripped 0
Computing target border values 
Entering MRIScomputeBorderValues_new(): 
  inside_hi   = 120.0000000;
  border_hi   = 111.7792360;
  border_low  =  82.0000000;
  outside_low =  70.9202190;
  outside_hi  = 111.7792360;
  sigma = 1;
  max_thickness = 10;
  step_size=0.5;
  STEP_SIZE=0.1;
  which = 1
  thresh = 0
  flags = 0
  CBVfindFirstPeakD1=0
  CBVfindFirstPeakD2=0
  nvertices=141226
  Gdiag_no=-1
  vno start=0, stop=141226
Replacing 255s with 0s
#SI# sigma=1 had to be increased for 55 vertices, nripped=6381
mean border=93.1, 124 (58) missing vertices, mean dist -0.2 [0.6 (%57.8)->0.2 (%42.2))]
%65 local maxima, %30 large gradients and % 0 min vals, 0 gradients ignored
nFirstPeakD1 0
MRIScomputeBorderValues_new() finished in 0.0112 min


Finding expansion regions
mean absolute distance = 0.42 +- 0.82
3244 vertices more than 2 sigmas from mean.
Averaging target values for 5 iterations...
Positioning Surface: tspring = 0.3, nspring = 0.3, spring = 0, niters = 100 l_repulse = 5, l_surf_repulse = 0, checktol = 0
Positioning pial surface
Entering MRISpositionSurface()
  max_mm = 0.3
  MAX_REDUCTIONS = 2, REDUCTION_PCT = 0.5
  parms->check_tol = 0, niterations = 100
tol=1.0e-04, sigma=1.0, host=dna05, nav=2, nbrs=2, l_repulse=5.000, l_tspring=0.300, l_nspring=0.300, l_intensity=0.200, l_curv=1.000
mom=0.00, dt=0.50
000: dt: 0.0000, sse=459983.3, rms=3.070
013: dt: 0.5000, sse=304397.7, rms=1.940 (36.814%)
014: dt: 0.5000, sse=268541.8, rms=1.535 (20.877%)
015: dt: 0.5000, sse=252580.4, rms=1.355 (11.695%)
016: dt: 0.5000, sse=250184.8, rms=1.285 (5.172%)
rms = 1.2827/1.2852, sse=245718.6/250184.8, time step reduction 1 of 3 to 0.250  0 0 1
017: dt: 0.5000, sse=245718.6, rms=1.283 (0.198%)
018: dt: 0.2500, sse=224030.1, rms=0.892 (30.474%)
019: dt: 0.2500, sse=220594.0, rms=0.836 (6.309%)
rms = 0.8264/0.8355, sse=223601.9/220594.1, time step reduction 2 of 3 to 0.125  0 1 1
020: dt: 0.2500, sse=223601.9, rms=0.826 (1.088%)
rms = 0.8156/0.8264, sse=220801.4/223601.9, time step reduction 3 of 3 to 0.062  0 0 1
021: dt: 0.1250, sse=220801.4, rms=0.816 (1.314%)
  maximum number of reductions reached, breaking from loop
positioning took 0.8 minutes
Iteration 2 =========================================
n_averages=1, current_sigma=0.5
Freezing midline and others
Ripping frozen voxels
INFO: rip surface needed but not specified, so using input surface
Freezing midline and others
Entering: MRISripMidline(): inhibiting deformation at non-cortical midline structures...
  which=1, fix_mtl=0, using annot = 0
#FML0# MRISripMidline(): nripped=6381
removing 3 vertices from ripped group in thread:0
removing 2 vertices from ripped group in thread:0
removing 2 vertices from ripped group in thread:0
removing 3 vertices from ripped group in thread:0
removing 2 vertices from ripped group in thread:0
#FML# MRISripMidline(): nmarked=6459, nmarked2=176, nripped=6459
Ripping segs (eg, WMSA, BG, frozen)
Starting MRISripSegs() d = (-2 2 0.5) segnos: 247 247 247 247 
MRISripSegs(): -2 2 0.5 ripped 0
Computing target border values 
Entering MRIScomputeBorderValues_new(): 
  inside_hi   = 120.0000000;
  border_hi   = 111.7792360;
  border_low  =  82.0000000;
  outside_low =  70.9202190;
  outside_hi  = 111.7792360;
  sigma = 0.5;
  max_thickness = 10;
  step_size=0.5;
  STEP_SIZE=0.1;
  which = 1
  thresh = 0
  flags = 0
  CBVfindFirstPeakD1=0
  CBVfindFirstPeakD2=0
  nvertices=141226
  Gdiag_no=-1
  vno start=0, stop=141226
Replacing 255s with 0s
#SI# sigma=0.5 had to be increased for 85 vertices, nripped=6459
mean border=95.0, 98 (48) missing vertices, mean dist -0.3 [0.5 (%70.4)->0.2 (%29.6))]
%81 local maxima, %14 large gradients and % 0 min vals, 0 gradients ignored
nFirstPeakD1 0
MRIScomputeBorderValues_new() finished in 0.0065 min


Finding expansion regions
mean absolute distance = 0.41 +- 0.59
4537 vertices more than 2 sigmas from mean.
Averaging target values for 5 iterations...
Positioning Surface: tspring = 0.3, nspring = 0.3, spring = 0, niters = 100 l_repulse = 5, l_surf_repulse = 0, checktol = 0
Positioning pial surface
Entering MRISpositionSurface()
  max_mm = 0.3
  MAX_REDUCTIONS = 2, REDUCTION_PCT = 0.5
  parms->check_tol = 0, niterations = 100
tol=1.0e-04, sigma=0.5, host=dna05, nav=1, nbrs=2, l_repulse=5.000, l_tspring=0.300, l_nspring=0.300, l_intensity=0.200, l_curv=1.000
mom=0.00, dt=0.50
000: dt: 0.0000, sse=448536.2, rms=3.045
022: dt: 0.5000, sse=285776.7, rms=1.789 (41.236%)
023: dt: 0.5000, sse=245965.2, rms=1.317 (26.371%)
024: dt: 0.5000, sse=236716.4, rms=1.158 (12.068%)
rms = 1.1425/1.1584, sse=235933.9/236716.4, time step reduction 1 of 3 to 0.250  0 0 1
025: dt: 0.5000, sse=235933.9, rms=1.142 (1.376%)
026: dt: 0.2500, sse=220434.2, rms=0.814 (28.788%)
027: dt: 0.2500, sse=216640.4, rms=0.759 (6.667%)
rms = 0.7547/0.7594, sse=216884.9/216640.4, time step reduction 2 of 3 to 0.125  0 1 1
028: dt: 0.2500, sse=216884.9, rms=0.755 (0.608%)
rms = 0.7444/0.7547, sse=216790.5/216884.9, time step reduction 3 of 3 to 0.062  0 0 1
029: dt: 0.1250, sse=216790.5, rms=0.744 (1.367%)
  maximum number of reductions reached, breaking from loop
positioning took 0.7 minutes
Iteration 3 =========================================
n_averages=0, current_sigma=0.25
Freezing midline and others
Ripping frozen voxels
INFO: rip surface needed but not specified, so using input surface
Freezing midline and others
Entering: MRISripMidline(): inhibiting deformation at non-cortical midline structures...
  which=1, fix_mtl=0, using annot = 0
#FML0# MRISripMidline(): nripped=6459
removing 2 vertices from ripped group in thread:0
removing 2 vertices from ripped group in thread:0
removing 3 vertices from ripped group in thread:0
removing 2 vertices from ripped group in thread:0
removing 2 vertices from ripped group in thread:0
#FML# MRISripMidline(): nmarked=6483, nmarked2=178, nripped=6483
Ripping segs (eg, WMSA, BG, frozen)
Starting MRISripSegs() d = (-2 2 0.5) segnos: 247 247 247 247 247 
MRISripSegs(): -2 2 0.5 ripped 0
Computing target border values 
Entering MRIScomputeBorderValues_new(): 
  inside_hi   = 120.0000000;
  border_hi   = 111.7792360;
  border_low  =  82.0000000;
  outside_low =  70.9202190;
  outside_hi  = 111.7792360;
  sigma = 0.25;
  max_thickness = 10;
  step_size=0.5;
  STEP_SIZE=0.1;
  which = 1
  thresh = 0
  flags = 0
  CBVfindFirstPeakD1=0
  CBVfindFirstPeakD2=0
  nvertices=141226
  Gdiag_no=-1
  vno start=0, stop=141226
Replacing 255s with 0s
#SI# sigma=0.25 had to be increased for 143 vertices, nripped=6483
mean border=95.8, 130 (46) missing vertices, mean dist -0.1 [0.3 (%61.4)->0.2 (%38.6))]
%87 local maxima, % 9 large gradients and % 0 min vals, 0 gradients ignored
nFirstPeakD1 0
MRIScomputeBorderValues_new() finished in 0.0040 min


Finding expansion regions
mean absolute distance = 0.28 +- 0.41
4555 vertices more than 2 sigmas from mean.
Averaging target values for 5 iterations...
Positioning Surface: tspring = 0.3, nspring = 0.3, spring = 0, niters = 100 l_repulse = 5, l_surf_repulse = 0, checktol = 0
Positioning pial surface
Entering MRISpositionSurface()
  max_mm = 0.3
  MAX_REDUCTIONS = 2, REDUCTION_PCT = 0.5
  parms->check_tol = 0, niterations = 100
tol=1.0e-04, sigma=0.2, host=dna05, nav=0, nbrs=2, l_repulse=5.000, l_tspring=0.300, l_nspring=0.300, l_intensity=0.200, l_curv=1.000
mom=0.00, dt=0.50
000: dt: 0.0000, sse=252451.5, rms=1.457
030: dt: 0.5000, sse=220712.1, rms=0.818 (43.834%)
rms = 0.8942/0.8184, sse=227819.2/220712.1, time step reduction 1 of 3 to 0.250  0 1 1
   RMS increased, rejecting step
031: dt: 0.2500, sse=214097.1, rms=0.676 (17.405%)
032: dt: 0.2500, sse=213032.8, rms=0.623 (7.863%)
rms = 0.6030/0.6228, sse=208507.3/213032.8, time step reduction 2 of 3 to 0.125  0 0 1
033: dt: 0.2500, sse=208507.3, rms=0.603 (3.186%)
rms = 0.5903/0.6030, sse=207928.8/208507.3, time step reduction 3 of 3 to 0.062  0 0 1
034: dt: 0.1250, sse=207928.8, rms=0.590 (2.098%)
  maximum number of reductions reached, breaking from loop
positioning took 0.5 minutes


Writing output to ../surf/lh.white.preaparc
#ET# mris_place_surface  3.39 minutes
#VMPC# mris_place_surfaces VmPeak  3166372
mris_place_surface done
#--------------------------------------------
#@# CortexLabel lh Mon Mar  9 23:48:05 CET 2026
cd /out/sourcedata/freesurfer/sub-v1s2x0051477_ses-1/mri
mri_label2label --label-cortex ../surf/lh.white.preaparc aseg.presurf.mgz 0 ../label/lh.cortex.label

 Generating cortex label... RemoveHipAmgy=0
 NucAccIsMedialWall=0
 mris->useRealRAS=0
12 non-cortical segments detected
only using segment with 7576 vertices
erasing segment 0 (vno[0] = 24529)
erasing segment 1 (vno[0] = 38035)
erasing segment 3 (vno[0] = 43779)
erasing segment 4 (vno[0] = 43821)
erasing segment 5 (vno[0] = 44812)
erasing segment 6 (vno[0] = 49279)
erasing segment 7 (vno[0] = 57857)
erasing segment 8 (vno[0] = 68726)
erasing segment 9 (vno[0] = 74001)
erasing segment 10 (vno[0] = 81202)
erasing segment 11 (vno[0] = 84688)
#--------------------------------------------
#@# CortexLabel+HipAmyg lh Mon Mar  9 23:48:20 CET 2026
cd /out/sourcedata/freesurfer/sub-v1s2x0051477_ses-1/mri
mri_label2label --label-cortex ../surf/lh.white.preaparc aseg.presurf.mgz 1 ../label/lh.cortex+hipamyg.label

 Generating cortex label... RemoveHipAmgy=1
 NucAccIsMedialWall=0
 mris->useRealRAS=0
19 non-cortical segments detected
only using segment with 5052 vertices
erasing segment 0 (vno[0] = 24529)
erasing segment 1 (vno[0] = 38035)
erasing segment 2 (vno[0] = 42904)
erasing segment 3 (vno[0] = 43779)
erasing segment 4 (vno[0] = 43821)
erasing segment 5 (vno[0] = 44812)
erasing segment 6 (vno[0] = 46152)
erasing segment 7 (vno[0] = 46190)
erasing segment 8 (vno[0] = 46251)
erasing segment 10 (vno[0] = 49279)
erasing segment 11 (vno[0] = 57857)
erasing segment 12 (vno[0] = 68726)
erasing segment 13 (vno[0] = 73460)
erasing segment 14 (vno[0] = 74001)
erasing segment 15 (vno[0] = 81202)
erasing segment 16 (vno[0] = 84688)
erasing segment 17 (vno[0] = 116415)
erasing segment 18 (vno[0] = 140649)
#--------------------------------------------
#@# Smooth2 lh Mon Mar  9 23:48:35 CET 2026
/out/sourcedata/freesurfer/sub-v1s2x0051477_ses-1/scripts

 mris_smooth -n 3 -nw -seed 1234 ../surf/lh.white.preaparc ../surf/lh.smoothwm 

smoothing for 3 iterations
setting seed for random number generator to 1234
smoothing surface tessellation for 3 iterations...
smoothing complete - recomputing first and second fundamental forms...
#--------------------------------------------
#@# Inflation2 lh Mon Mar  9 23:48:39 CET 2026
/out/sourcedata/freesurfer/sub-v1s2x0051477_ses-1/scripts

 mris_inflate ../surf/lh.smoothwm ../surf/lh.inflated 

Reading ../surf/lh.smoothwm
avg radius = 46.4 mm, total surface area = 82488 mm^2
step 000: RMS=0.162 (target=0.015)   step 005: RMS=0.111 (target=0.015)   step 010: RMS=0.082 (target=0.015)   step 015: RMS=0.067 (target=0.015)   step 020: RMS=0.056 (target=0.015)   step 025: RMS=0.046 (target=0.015)   step 030: RMS=0.039 (target=0.015)   step 035: RMS=0.033 (target=0.015)   step 040: RMS=0.028 (target=0.015)   step 045: RMS=0.025 (target=0.015)   step 050: RMS=0.023 (target=0.015)   step 055: RMS=0.021 (target=0.015)   step 060: RMS=0.020 (target=0.015)   writing inflated surface to ../surf/lh.inflated
writing sulcal depths to ../surf/lh.sulc

inflation complete.
inflation took 0.3 minutes
mris_inflate utimesec    65.903398
mris_inflate stimesec    1.126535
mris_inflate ru_maxrss   216400
mris_inflate ru_ixrss    0
mris_inflate ru_idrss    0
mris_inflate ru_isrss    0
mris_inflate ru_minflt   172624
mris_inflate ru_majflt   19
mris_inflate ru_nswap    0
mris_inflate ru_inblock  130
mris_inflate ru_oublock  11040
mris_inflate ru_msgsnd   0
mris_inflate ru_msgrcv   0
mris_inflate ru_nsignals 0
mris_inflate ru_nvcsw    12729
mris_inflate ru_nivcsw   161
#--------------------------------------------
#@# Curv .H and .K lh Mon Mar  9 23:48:54 CET 2026
/out/sourcedata/freesurfer/sub-v1s2x0051477_ses-1/surf

 mris_curvature -w -seed 1234 lh.white.preaparc 

setting seed for random number generator to 1234
total integrated curvature = 24.710*4pi (310.511) --> -24 handles
ICI = 145.4, FI = 1365.9, variation=21660.765
writing Gaussian curvature to ./lh.white.preaparc.K...done.
writing mean curvature to ./lh.white.preaparc.H...done.
rm -f lh.white.H
ln -s lh.white.preaparc.H lh.white.H
rm -f lh.white.K
ln -s lh.white.preaparc.K lh.white.K

 mris_curvature -seed 1234 -thresh .999 -n -a 5 -w -distances 10 10 lh.inflated 

setting seed for random number generator to 1234
normalizing curvature values.
averaging curvature patterns 5 times.
sampling 10 neighbors out to a distance of 10 mm
170 vertices thresholded to be in k1 ~ [-0.23 0.81], k2 ~ [-0.12 0.07]
total integrated curvature = 0.560*4pi (7.032) --> 0 handles
ICI = 1.6, FI = 9.4, variation=165.635
117 vertices thresholded to be in [-0.01 0.02]
writing Gaussian curvature to ./lh.inflated.K...thresholding curvature at 99.90% level
curvature mean = 0.000, std = 0.001
145 vertices thresholded to be in [-0.14 0.34]
done.
writing mean curvature to ./lh.inflated.H...curvature mean = -0.015, std = 0.025
done.
#--------------------------------------------
#@# Sphere lh Mon Mar  9 23:49:42 CET 2026
/out/sourcedata/freesurfer/sub-v1s2x0051477_ses-1/scripts

 mris_sphere -seed 1234 ../surf/lh.inflated ../surf/lh.sphere 

setting seed for random number genererator to 1234
version: 7.3.2
available threads: 16
reading original vertex positions...
projecting onto sphere...
surface projected - minimizing metric distortion...
scaling brain by 0.294...
MRISunfold() max_passes = 1 -------
tol=5.0e-01, sigma=0.0, host=dna05, nav=1024, nbrs=2, l_area=1.000, l_dist=1.000
using quadratic fit line minimization
complete_dist_mat 0
rms 0
smooth_averages 0
remove_neg 0
ico_order 0
which_surface 0
target_radius 0.000000
nfields 0
scale 1.000000
desired_rms_height -1.000000
momentum 0.900000
nbhd_size 7
max_nbrs 8
niterations 25
nsurfaces 0
SURFACES 3
flags 0 (0)
use curv 0
no sulc 0
no rigid align 0
mris->nsize 2
mris->hemisphere 0
randomSeed 1234

singular matrix in quadratic form
singular matrix in quadratic form
singular matrix in quadratic form
singular matrix in quadratic form
--------------------
  mrisRemoveNegativeArea()
pass 1: epoch 1 of 3 starting distance error %20.33
pass 1: epoch 2 of 3 starting distance error %20.31
unfolding complete - removing small folds...
starting distance error %20.27
removing remaining folds...
final distance error %20.30
MRISunfold() return, current seed 1234
-01: dt=0.0000,  25 negative triangles  VmPeak 1977740
162: dt=0.9900,  25 negative triangles
163: dt=0.9900,  23 negative triangles
164: dt=0.9900,  22 negative triangles
165: dt=0.9900,  22 negative triangles
166: dt=0.9900,  22 negative triangles
167: dt=0.9900,  23 negative triangles
168: dt=0.9900,  27 negative triangles
169: dt=0.9900,  23 negative triangles
170: dt=0.9900,  23 negative triangles
171: dt=0.9900,  22 negative triangles
172: dt=0.9900,  21 negative triangles
173: dt=0.9900,  22 negative triangles
174: dt=0.9900,  20 negative triangles
175: dt=0.9900,  19 negative triangles
176: dt=0.9900,  24 negative triangles
177: dt=0.9900,  20 negative triangles
178: dt=0.9900,  21 negative triangles
179: dt=0.9900,  23 negative triangles
180: dt=0.9900,  19 negative triangles
181: dt=0.9900,  23 negative triangles
182: dt=0.9900,  19 negative triangles
183: dt=0.9900,  22 negative triangles
184: dt=0.9900,  21 negative triangles
185: dt=0.9405,  22 negative triangles
186: dt=0.9405,  19 negative triangles
187: dt=0.9405,  24 negative triangles
188: dt=0.9405,  19 negative triangles
189: dt=0.9405,  22 negative triangles
190: dt=0.9405,  21 negative triangles
191: dt=0.9405,  22 negative triangles
192: dt=0.9405,  19 negative triangles
193: dt=0.9405,  24 negative triangles
194: dt=0.9405,  20 negative triangles
195: dt=0.8935,  23 negative triangles
196: dt=0.8935,  21 negative triangles
197: dt=0.8935,  22 negative triangles
198: dt=0.8935,  19 negative triangles
199: dt=0.8935,  22 negative triangles
200: dt=0.8935,  19 negative triangles
201: dt=0.8935,  25 negative triangles
202: dt=0.8935,  19 negative triangles
203: dt=0.8935,  22 negative triangles
204: dt=0.8935,  21 negative triangles
205: dt=0.8488,  21 negative triangles
206: dt=0.8488,  20 negative triangles
207: dt=0.8488,  19 negative triangles
208: dt=0.8488,  22 negative triangles
209: dt=0.8488,  21 negative triangles
210: dt=0.8488,  19 negative triangles
211: dt=0.8488,  23 negative triangles
212: dt=0.8488,  20 negative triangles
213: dt=0.8488,  21 negative triangles
214: dt=0.8488,  22 negative triangles
215: dt=0.8064,  22 negative triangles
216: dt=0.8064,  20 negative triangles
217: dt=0.8064,  24 negative triangles
218: dt=0.8064,  20 negative triangles
219: dt=0.8064,  19 negative triangles
220: dt=0.8064,  23 negative triangles
221: dt=0.8064,  20 negative triangles
222: dt=0.8064,  19 negative triangles
223: dt=0.8064,  23 negative triangles
224: dt=0.8064,  20 negative triangles
225: dt=0.7660,  19 negative triangles
expanding nbhd size to 1
226: dt=0.9900,  23 negative triangles
227: dt=0.9900,  20 negative triangles
228: dt=0.9900,  17 negative triangles
229: dt=0.9900,  17 negative triangles
230: dt=0.9900,  17 negative triangles
231: dt=0.9900,  16 negative triangles
232: dt=0.9900,  15 negative triangles
233: dt=0.9900,  15 negative triangles
234: dt=0.9900,  15 negative triangles
235: dt=0.9900,  15 negative triangles
236: dt=0.9900,  15 negative triangles
237: dt=0.9900,  15 negative triangles
238: dt=0.9900,  15 negative triangles
239: dt=0.9900,  15 negative triangles
240: dt=0.9900,  15 negative triangles
241: dt=0.9900,  15 negative triangles
242: dt=0.9405,  15 negative triangles
243: dt=0.9405,  15 negative triangles
244: dt=0.9405,  15 negative triangles
245: dt=0.9405,  15 negative triangles
246: dt=0.9405,  15 negative triangles
247: dt=0.9405,  15 negative triangles
248: dt=0.9405,  15 negative triangles
249: dt=0.9405,  15 negative triangles
250: dt=0.9405,  14 negative triangles
251: dt=0.9405,  13 negative triangles
252: dt=0.9405,  13 negative triangles
253: dt=0.9405,  13 negative triangles
254: dt=0.9405,  13 negative triangles
255: dt=0.9405,  13 negative triangles
256: dt=0.9405,  13 negative triangles
257: dt=0.9405,  13 negative triangles
258: dt=0.9405,  13 negative triangles
259: dt=0.9405,  13 negative triangles
260: dt=0.9405,  13 negative triangles
261: dt=0.8935,  13 negative triangles
262: dt=0.8935,  13 negative triangles
263: dt=0.8935,  12 negative triangles
264: dt=0.8935,  12 negative triangles
265: dt=0.8935,  12 negative triangles
266: dt=0.8935,  10 negative triangles
267: dt=0.8935,  10 negative triangles
268: dt=0.8935,  10 negative triangles
269: dt=0.8935,  10 negative triangles
270: dt=0.8935,  10 negative triangles
271: dt=0.8935,  10 negative triangles
272: dt=0.8935,  10 negative triangles
273: dt=0.8935,  10 negative triangles
274: dt=0.8935,  10 negative triangles
275: dt=0.8935,  10 negative triangles
276: dt=0.8935,   9 negative triangles
277: dt=0.8935,   9 negative triangles
278: dt=0.8935,   8 negative triangles
279: dt=0.8935,   8 negative triangles
280: dt=0.8935,   8 negative triangles
281: dt=0.8935,   8 negative triangles
282: dt=0.8935,   8 negative triangles
283: dt=0.8935,   8 negative triangles
284: dt=0.8935,   7 negative triangles
285: dt=0.8935,   7 negative triangles
286: dt=0.8935,   9 negative triangles
287: dt=0.8935,   8 negative triangles
288: dt=0.8935,   8 negative triangles
289: dt=0.8935,   7 negative triangles
290: dt=0.8935,   6 negative triangles
291: dt=0.8935,   8 negative triangles
292: dt=0.8935,   7 negative triangles
293: dt=0.8935,   5 negative triangles
294: dt=0.8935,   4 negative triangles
295: dt=0.8935,   5 negative triangles
296: dt=0.8935,   5 negative triangles
297: dt=0.8935,   4 negative triangles
298: dt=0.8935,   4 negative triangles
299: dt=0.8935,   5 negative triangles
300: dt=0.8935,   5 negative triangles
301: dt=0.8935,   4 negative triangles
302: dt=0.8935,   3 negative triangles
303: dt=0.8935,   3 negative triangles
304: dt=0.8935,   2 negative triangles
305: dt=0.8935,   2 negative triangles
306: dt=0.8935,   2 negative triangles
307: dt=0.8935,   1 negative triangles
308: dt=0.8935,   1 negative triangles
309: dt=0.8935,   2 negative triangles
310: dt=0.8935,   1 negative triangles
311: dt=0.8935,   1 negative triangles
312: dt=0.8935,   1 negative triangles
writing spherical brain to ../surf/lh.sphere
spherical transformation took 0.0691 hours
FSRUNTIME@ mris_sphere  0.0691 hours 16 threads
#VMPC# mris_sphere VmPeak  1977740
mris_sphere done
#--------------------------------------------
#@# Surf Reg lh Mon Mar  9 23:53:51 CET 2026
/out/sourcedata/freesurfer/sub-v1s2x0051477_ses-1/scripts

 mris_register -curv ../surf/lh.sphere /opt/freesurfer/average/lh.folding.atlas.acfb40.noaparc.i12.2016-08-02.tif ../surf/lh.sphere.reg 

using smoothwm curvature for final alignment

cwd /out/sourcedata/freesurfer/sub-v1s2x0051477_ses-1/scripts
cmdline mris_register -curv ../surf/lh.sphere /opt/freesurfer/average/lh.folding.atlas.acfb40.noaparc.i12.2016-08-02.tif ../surf/lh.sphere.reg 

0 inflated.H
1 sulc
2 smoothwm (computed)
7.3.2
  7.3.2
reading surface from ../surf/lh.sphere...
reading template parameterization from /opt/freesurfer/average/lh.folding.atlas.acfb40.noaparc.i12.2016-08-02.tif...
MRISregister() -------
max_passes = 4 
min_degrees = 0.500000 
max_degrees = 64.000000 
nangles = 8 
tol=5.0e-01, sigma=0.0, host=dna05, nav=1024, nbrs=1, l_extern=10000.000, l_parea=0.200, l_nlarea=1.000, l_corr=1.000, l_dist=5.000
using quadratic fit line minimization
complete_dist_mat 0
rms 0
smooth_averages 0
remove_neg 0
ico_order 0
which_surface 0
target_radius 0.000000
nfields 0
scale 0.000000
desired_rms_height -1.000000
momentum 0.950000
nbhd_size -10
max_nbrs 10
niterations 25
nsurfaces 0
SURFACES 3
flags 16 (10)
use curv 16
no sulc 0
no rigid align 0
mris->nsize 1
mris->hemisphere 0
randomSeed 0

tol=5.0e-01, sigma=0.0, host=dna05, nav=1024, nbrs=1, l_extern=10000.000, l_parea=0.200, l_nlarea=1.000, l_corr=1.000, l_dist=5.000
using quadratic fit line minimization
--------------------
1 Reading lh.sulc
tol=1.0e+00, sigma=0.5, host=dna05, nav=1024, nbrs=1, l_extern=10000.000, l_parea=0.200, l_nlarea=1.000, l_corr=0.050, l_spring=0.500, l_dist=5.000
using quadratic fit line minimization
curvature mean = -0.000, std = 5.445
curvature mean = 0.029, std = 0.811
curvature mean = 0.015, std = 0.855
Starting MRISrigidBodyAlignGlobal()
Starting new MRISrigidBodyAlignGlobal_findMinSSE()
  new MRISrigidBodyAlignGlobal_findMinSSE min @ (4.00, -8.50, 6.00) sse = 268794.4, elapsed since starting=0.1003 min
MRISrigidBodyAlignGlobal() done   0.10 min
curvature mean = 0.009, std = 0.827
curvature mean = 0.006, std = 0.945
curvature mean = 0.006, std = 0.837
curvature mean = 0.002, std = 0.979
curvature mean = 0.004, std = 0.840
curvature mean = 0.000, std = 0.992
2 Reading smoothwm
curvature mean = -0.019, std = 0.351
curvature mean = 0.040, std = 0.247
curvature mean = 0.032, std = 0.285
curvature mean = 0.037, std = 0.304
curvature mean = 0.012, std = 0.442
curvature mean = 0.037, std = 0.331
curvature mean = 0.006, std = 0.549
curvature mean = 0.037, std = 0.343
curvature mean = 0.002, std = 0.622
MRISregister() return, current seed 0
-01: dt=0.0000,  15 negative triangles  VmPeak 1674176
108: dt=0.9900,  15 negative triangles
expanding nbhd size to 1
109: dt=0.9900,  16 negative triangles
110: dt=0.9900,  13 negative triangles
111: dt=0.9900,  12 negative triangles
112: dt=0.9900,  11 negative triangles
113: dt=0.9900,  11 negative triangles
114: dt=0.9900,  11 negative triangles
115: dt=0.9900,  11 negative triangles
116: dt=0.9900,  11 negative triangles
117: dt=0.9900,  11 negative triangles
118: dt=0.9900,  11 negative triangles
119: dt=0.9900,  11 negative triangles
120: dt=0.9900,  11 negative triangles
121: dt=0.9900,  11 negative triangles
122: dt=0.9405,  11 negative triangles
123: dt=0.9405,  11 negative triangles
124: dt=0.9405,  11 negative triangles
125: dt=0.9405,  11 negative triangles
126: dt=0.9405,  11 negative triangles
127: dt=0.9405,  10 negative triangles
128: dt=0.9405,  10 negative triangles
129: dt=0.9405,  10 negative triangles
130: dt=0.9405,  10 negative triangles
131: dt=0.9405,  10 negative triangles
132: dt=0.9405,  10 negative triangles
133: dt=0.9405,  10 negative triangles
134: dt=0.9405,  10 negative triangles
135: dt=0.9405,  10 negative triangles
136: dt=0.9405,   9 negative triangles
137: dt=0.9405,   8 negative triangles
138: dt=0.9405,   8 negative triangles
139: dt=0.9405,   6 negative triangles
140: dt=0.9405,   6 negative triangles
141: dt=0.9405,   6 negative triangles
142: dt=0.9405,   6 negative triangles
143: dt=0.9405,   5 negative triangles
144: dt=0.9405,   5 negative triangles
145: dt=0.9405,   5 negative triangles
146: dt=0.9405,   5 negative triangles
147: dt=0.9405,   5 negative triangles
148: dt=0.9405,   5 negative triangles
149: dt=0.9405,   5 negative triangles
150: dt=0.9405,   5 negative triangles
151: dt=0.9405,   5 negative triangles
152: dt=0.9405,   5 negative triangles
153: dt=0.9405,   3 negative triangles
154: dt=0.9405,   3 negative triangles
155: dt=0.9405,   2 negative triangles
156: dt=0.9405,   2 negative triangles
157: dt=0.9405,   4 negative triangles
158: dt=0.9405,   4 negative triangles
159: dt=0.9405,   2 negative triangles
160: dt=0.9405,   2 negative triangles
161: dt=0.9405,   1 negative triangles
162: dt=0.9405,   2 negative triangles
163: dt=0.9405,   2 negative triangles
164: dt=0.9405,   1 negative triangles
165: dt=0.9405,   1 negative triangles
166: dt=0.9405,   1 negative triangles
167: dt=0.9405,   2 negative triangles
168: dt=0.9405,   1 negative triangles
writing registered surface to ../surf/lh.sphere.reg...
registration took 0.07 hours
#VMPC# mris_register VmPeak  1674176
FSRUNTIME@ mris_register  0.0719 hours 16 threads

 ln -sf lh.sphere.reg lh.fsaverage.sphere.reg 

#--------------------------------------------
#@# Jacobian white lh Mon Mar  9 23:58:09 CET 2026
/out/sourcedata/freesurfer/sub-v1s2x0051477_ses-1/scripts

 mris_jacobian ../surf/lh.white.preaparc ../surf/lh.sphere.reg ../surf/lh.jacobian_white 

reading surface from ../surf/lh.white.preaparc...
writing curvature file ../surf/lh.jacobian_white
#--------------------------------------------
#@# AvgCurv lh Mon Mar  9 23:58:11 CET 2026
/out/sourcedata/freesurfer/sub-v1s2x0051477_ses-1/scripts

 mrisp_paint -a 5 /opt/freesurfer/average/lh.folding.atlas.acfb40.noaparc.i12.2016-08-02.tif#6 ../surf/lh.sphere.reg ../surf/lh.avg_curv 

averaging curvature patterns 5 times...
reading surface from ../surf/lh.sphere.reg...
reading template parameterization from /opt/freesurfer/average/lh.folding.atlas.acfb40.noaparc.i12.2016-08-02.tif...
writing curvature file to ../surf/lh.avg_curv...
#-----------------------------------------
#@# Cortical Parc lh Mon Mar  9 23:58:12 CET 2026
/out/sourcedata/freesurfer/sub-v1s2x0051477_ses-1/scripts

 mris_ca_label -l ../label/lh.cortex.label -aseg ../mri/aseg.presurf.mgz -seed 1234 sub-v1s2x0051477_ses-1 lh ../surf/lh.sphere.reg /opt/freesurfer/average/lh.DKaparc.atlas.acfb40.noaparc.i12.2016-08-02.gcs ../label/lh.aparc.annot 

setting seed for random number generator to 1234
using ../mri/aseg.presurf.mgz aseg volume to correct midline
7.3.2
  7.3.2
reading atlas from /opt/freesurfer/average/lh.DKaparc.atlas.acfb40.noaparc.i12.2016-08-02.gcs...
reading color table from GCSA file....
average std = 0.8   using min determinant for regularization = 0.006
0 singular and 342 ill-conditioned covariance matrices regularized
input 0: MEAN CURVATURE, flags 0, avgs 5, name mean_curvature
labeling surface...
1189 labels changed using aseg
relabeling using gibbs priors...
000:   3288 changed, 141226 examined...
001:    727 changed, 13626 examined...
002:    187 changed, 4148 examined...
003:     67 changed, 1154 examined...
004:     28 changed, 429 examined...
005:     16 changed, 175 examined...
006:      5 changed, 97 examined...
007:      5 changed, 30 examined...
008:      2 changed, 31 examined...
009:      1 changed, 13 examined...
010:      0 changed, 6 examined...
228 labels changed using aseg
000: 109 total segments, 62 labels (195 vertices) changed
001: 49 total segments, 2 labels (4 vertices) changed
002: 47 total segments, 0 labels (0 vertices) changed
10 filter iterations complete (10 requested, 5 changed)
rationalizing unknown annotations with cortex label
relabeling unknown label...
relabeling corpuscallosum label...
1770 vertices marked for relabeling...
1770 labels changed in reclassification.
writing output to ../label/lh.aparc.annot...
classification took 0 minutes and 11 seconds.
#--------------------------------------------
#@# WhiteSurfs lh Mon Mar  9 23:58:23 CET 2026
cd /out/sourcedata/freesurfer/sub-v1s2x0051477_ses-1/mri
mris_place_surface --adgws-in ../surf/autodet.gw.stats.lh.dat --seg aseg.presurf.mgz --threads 16 --wm wm.mgz --invol brain.finalsurfs.mgz --lh --i ../surf/lh.white.preaparc --o ../surf/lh.white --white --nsmooth 0 --rip-label ../label/lh.cortex.label --rip-bg --rip-surf ../surf/lh.white.preaparc --aparc ../label/lh.aparc.annot
7.3.2
7.3.2

cd /out/sourcedata/freesurfer/sub-v1s2x0051477_ses-1/mri
setenv SUBJECTS_DIR /out/sourcedata/freesurfer
mris_place_surface --adgws-in ../surf/autodet.gw.stats.lh.dat --seg aseg.presurf.mgz --threads 16 --wm wm.mgz --invol brain.finalsurfs.mgz --lh --i ../surf/lh.white.preaparc --o ../surf/lh.white --white --nsmooth 0 --rip-label ../label/lh.cortex.label --rip-bg --rip-surf ../surf/lh.white.preaparc --aparc ../label/lh.aparc.annot 

Reading in input surface ../surf/lh.white.preaparc
Not smoothing input surface
Area    282448  0.31815  0.10903 0.001415   2.1482
Corner  847344 60.00000 13.44665 0.248481 176.5989
Edge    423672  0.86622  0.18374 0.023094   3.6602
Hinge   423672  9.49654 10.14969 0.000003 179.9504
Reading in aparc ../label/lh.aparc.annot
Reading in input volume brain.finalsurfs.mgz
Reading in wm volume wm.mgz
MRIclipBrightWM(): nthresh=20877, wmmin=5, clip=110 
MRIfindBrightNonWM(): 348 bright non-wm voxels segmented.
Masking bright non-wm for white surface
MRImask(): AllowDiffGeom = 1
MRImask(): AllowDiffGeom = 1
Reading in seg volume aseg.presurf.mgz
Ripping frozen voxels
Ripping vertices not in label ../label/lh.cortex.label
MRISripNotLabel() ripped 7812/141226 vertices (133414 unripped)
Reading in ripping surface ../surf/lh.white.preaparc
Reading in aparc ../label/lh.aparc.annot for ripsurf
Ripping BG
MRISripBasalGanglia(): 1 -2 2 0.5 ripped 354
Ripping segs (eg, WMSA, BG, frozen)
Starting MRISripSegs() d = (-2 2 0.5) segnos: 247 
MRISripSegs(): -2 2 0.5 ripped 0
vertex 70613: xyz = (-42.7752,-20.4593,45.9907) oxyz = (-42.7752,-20.4593,45.9907) wxzy = (-42.7752,-20.4593,45.9907) pxyz = (0,0,0) 
CBVO Creating mask 141226
n_averages 4
Iteration 0 =========================================
n_averages=4, current_sigma=2
Computing target border values 
Entering MRIScomputeBorderValues_new(): 
  inside_hi   = 120.0000000;
  border_hi   = 111.7792360;
  border_low  =  82.0000000;
  outside_low =  70.9202190;
  outside_hi  = 111.7792360;
  sigma = 2;
  max_thickness = 10;
  step_size=0.5;
  STEP_SIZE=0.1;
  which = 1
  thresh = 0
  flags = 0
  CBVfindFirstPeakD1=0
  CBVfindFirstPeakD2=0
  nvertices=141226
  Gdiag_no=-1
  vno start=0, stop=141226
Replacing 255s with 0s
#SI# sigma=2 had to be increased for 94 vertices, nripped=8166
mean border=92.0, 109 (109) missing vertices, mean dist 0.3 [1.0 (%21.3)->0.7 (%78.7))]
%58 local maxima, %36 large gradients and % 0 min vals, 0 gradients ignored
nFirstPeakD1 0
MRIScomputeBorderValues_new() finished in 0.0156 min


Finding expansion regions
mean absolute distance = 0.74 +- 1.03
2818 vertices more than 2 sigmas from mean.
Averaging target values for 5 iterations...
Positioning Surface: tspring = 0.3, nspring = 0.3, spring = 0, niters = 100 l_repulse = 5, l_surf_repulse = 0, checktol = 0
Positioning pial surface
Entering MRISpositionSurface()
  max_mm = 0.3
  MAX_REDUCTIONS = 2, REDUCTION_PCT = 0.5
  parms->check_tol = 0, niterations = 100
tol=1.0e-04, sigma=2.0, host=dna05, nav=4, nbrs=2, l_repulse=5.000, l_tspring=0.300, l_nspring=0.300, l_intensity=0.200, l_curv=1.000
mom=0.00, dt=0.50
complete_dist_mat 0
rms 0
smooth_averages 0
remove_neg 0
ico_order 0
which_surface 0
target_radius 0.000000
nfields 0
scale 0.000000
desired_rms_height 0.000000
momentum 0.000000
nbhd_size 0
max_nbrs 0
niterations 100
nsurfaces 0
SURFACES 3
flags 0 (0)
use curv 0
no sulc 0
no rigid align 0
mris->nsize 2
mris->hemisphere 0
randomSeed 0

000: dt: 0.0000, sse=1053265.5, rms=5.684
001: dt: 0.5000, sse=519753.9, rms=3.519 (38.100%)
002: dt: 0.5000, sse=336632.8, rms=2.368 (32.695%)
003: dt: 0.5000, sse=277469.8, rms=1.852 (21.775%)
004: dt: 0.5000, sse=256092.6, rms=1.597 (13.793%)
005: dt: 0.5000, sse=246994.9, rms=1.491 (6.650%)
006: dt: 0.5000, sse=242189.8, rms=1.436 (3.707%)
rms = 1.4358/1.4355, sse=243108.7/242189.8, time step reduction 1 of 3 to 0.250  0 1 1
   RMS increased, rejecting step
007: dt: 0.2500, sse=225932.1, rms=1.189 (17.162%)
008: dt: 0.2500, sse=219455.0, rms=1.067 (10.293%)
rms = 1.0359/1.0668, sse=217910.6/219455.0, time step reduction 2 of 3 to 0.125  0 0 1
009: dt: 0.2500, sse=217910.6, rms=1.036 (2.893%)
rms = 1.0218/1.0359, sse=217390.1/217910.6, time step reduction 3 of 3 to 0.062  0 0 1
010: dt: 0.1250, sse=217390.1, rms=1.022 (1.361%)
  maximum number of reductions reached, breaking from loop
positioning took 1.0 minutes
Iteration 1 =========================================
n_averages=2, current_sigma=1
Computing target border values 
Entering MRIScomputeBorderValues_new(): 
  inside_hi   = 120.0000000;
  border_hi   = 111.7792360;
  border_low  =  82.0000000;
  outside_low =  70.9202190;
  outside_hi  = 111.7792360;
  sigma = 1;
  max_thickness = 10;
  step_size=0.5;
  STEP_SIZE=0.1;
  which = 1
  thresh = 0
  flags = 0
  CBVfindFirstPeakD1=0
  CBVfindFirstPeakD2=0
  nvertices=141226
  Gdiag_no=-1
  vno start=0, stop=141226
Replacing 255s with 0s
#SI# sigma=1 had to be increased for 74 vertices, nripped=8166
mean border=93.1, 96 (57) missing vertices, mean dist -0.2 [0.6 (%55.2)->0.2 (%44.8))]
%64 local maxima, %30 large gradients and % 0 min vals, 0 gradients ignored
nFirstPeakD1 0
MRIScomputeBorderValues_new() finished in 0.0113 min


Finding expansion regions
mean absolute distance = 0.42 +- 0.84
3204 vertices more than 2 sigmas from mean.
Averaging target values for 5 iterations...
Positioning Surface: tspring = 0.3, nspring = 0.3, spring = 0, niters = 100 l_repulse = 5, l_surf_repulse = 0, checktol = 0
Positioning pial surface
Entering MRISpositionSurface()
  max_mm = 0.3
  MAX_REDUCTIONS = 2, REDUCTION_PCT = 0.5
  parms->check_tol = 0, niterations = 100
tol=1.0e-04, sigma=1.0, host=dna05, nav=2, nbrs=2, l_repulse=5.000, l_tspring=0.300, l_nspring=0.300, l_intensity=0.200, l_curv=1.000
mom=0.00, dt=0.50
000: dt: 0.0000, sse=427113.1, rms=2.895
011: dt: 0.5000, sse=297589.2, rms=1.837 (36.526%)
012: dt: 0.5000, sse=278263.0, rms=1.451 (21.049%)
013: dt: 0.5000, sse=249331.1, rms=1.296 (10.673%)
014: dt: 0.5000, sse=245906.7, rms=1.238 (4.435%)
rms = 1.2665/1.2384, sse=248942.3/245906.6, time step reduction 1 of 3 to 0.250  0 1 1
   RMS increased, rejecting step
015: dt: 0.2500, sse=232507.7, rms=1.018 (17.773%)
016: dt: 0.2500, sse=227473.4, rms=0.911 (10.512%)
rms = 0.8957/0.9113, sse=227031.0/227473.4, time step reduction 2 of 3 to 0.125  0 0 1
017: dt: 0.2500, sse=227031.0, rms=0.896 (1.703%)
rms = 0.8828/0.8957, sse=226271.9/227031.0, time step reduction 3 of 3 to 0.062  0 0 1
018: dt: 0.1250, sse=226271.9, rms=0.883 (1.439%)
  maximum number of reductions reached, breaking from loop
positioning took 0.8 minutes
Iteration 2 =========================================
n_averages=1, current_sigma=0.5
Computing target border values 
Entering MRIScomputeBorderValues_new(): 
  inside_hi   = 120.0000000;
  border_hi   = 111.7792360;
  border_low  =  82.0000000;
  outside_low =  70.9202190;
  outside_hi  = 111.7792360;
  sigma = 0.5;
  max_thickness = 10;
  step_size=0.5;
  STEP_SIZE=0.1;
  which = 1
  thresh = 0
  flags = 0
  CBVfindFirstPeakD1=0
  CBVfindFirstPeakD2=0
  nvertices=141226
  Gdiag_no=-1
  vno start=0, stop=141226
Replacing 255s with 0s
#SI# sigma=0.5 had to be increased for 77 vertices, nripped=8166
mean border=95.1, 100 (40) missing vertices, mean dist -0.3 [0.5 (%70.3)->0.2 (%29.7))]
%80 local maxima, %14 large gradients and % 0 min vals, 0 gradients ignored
nFirstPeakD1 0
MRIScomputeBorderValues_new() finished in 0.0065 min


Finding expansion regions
mean absolute distance = 0.42 +- 0.60
4830 vertices more than 2 sigmas from mean.
Averaging target values for 5 iterations...
Positioning Surface: tspring = 0.3, nspring = 0.3, spring = 0, niters = 100 l_repulse = 5, l_surf_repulse = 0, checktol = 0
Positioning pial surface
Entering MRISpositionSurface()
  max_mm = 0.3
  MAX_REDUCTIONS = 2, REDUCTION_PCT = 0.5
  parms->check_tol = 0, niterations = 100
tol=1.0e-04, sigma=0.5, host=dna05, nav=1, nbrs=2, l_repulse=5.000, l_tspring=0.300, l_nspring=0.300, l_intensity=0.200, l_curv=1.000
mom=0.00, dt=0.50
000: dt: 0.0000, sse=455653.7, rms=3.092
019: dt: 0.5000, sse=298772.4, rms=1.859 (39.886%)
020: dt: 0.5000, sse=264988.4, rms=1.384 (25.569%)
021: dt: 0.5000, sse=248342.0, rms=1.217 (12.036%)
rms = 1.1908/1.2172, sse=251382.7/248342.0, time step reduction 1 of 3 to 0.250  0 1 1
022: dt: 0.5000, sse=251382.7, rms=1.191 (2.163%)
023: dt: 0.2500, sse=231787.8, rms=0.895 (24.867%)
rms = 0.8502/0.8947, sse=229443.8/231787.8, time step reduction 2 of 3 to 0.125  0 0 1
024: dt: 0.2500, sse=229443.8, rms=0.850 (4.971%)
rms = 0.8359/0.8502, sse=229642.9/229443.8, time step reduction 3 of 3 to 0.062  0 1 1
025: dt: 0.1250, sse=229642.9, rms=0.836 (1.680%)
  maximum number of reductions reached, breaking from loop
positioning took 0.6 minutes
Iteration 3 =========================================
n_averages=0, current_sigma=0.25
Computing target border values 
Entering MRIScomputeBorderValues_new(): 
  inside_hi   = 120.0000000;
  border_hi   = 111.7792360;
  border_low  =  82.0000000;
  outside_low =  70.9202190;
  outside_hi  = 111.7792360;
  sigma = 0.25;
  max_thickness = 10;
  step_size=0.5;
  STEP_SIZE=0.1;
  which = 1
  thresh = 0
  flags = 0
  CBVfindFirstPeakD1=0
  CBVfindFirstPeakD2=0
  nvertices=141226
  Gdiag_no=-1
  vno start=0, stop=141226
Replacing 255s with 0s
#SI# sigma=0.25 had to be increased for 161 vertices, nripped=8166
mean border=95.9, 111 (38) missing vertices, mean dist -0.1 [0.3 (%61.6)->0.2 (%38.4))]
%86 local maxima, % 9 large gradients and % 0 min vals, 0 gradients ignored
nFirstPeakD1 0
MRIScomputeBorderValues_new() finished in 0.0042 min


Finding expansion regions
mean absolute distance = 0.29 +- 0.42
4800 vertices more than 2 sigmas from mean.
Averaging target values for 5 iterations...
Positioning Surface: tspring = 0.3, nspring = 0.3, spring = 0, niters = 100 l_repulse = 5, l_surf_repulse = 0, checktol = 0
Positioning pial surface
Entering MRISpositionSurface()
  max_mm = 0.3
  MAX_REDUCTIONS = 2, REDUCTION_PCT = 0.5
  parms->check_tol = 0, niterations = 100
tol=1.0e-04, sigma=0.2, host=dna05, nav=0, nbrs=2, l_repulse=5.000, l_tspring=0.300, l_nspring=0.300, l_intensity=0.200, l_curv=1.000
mom=0.00, dt=0.50
000: dt: 0.0000, sse=265620.3, rms=1.518
026: dt: 0.5000, sse=239799.5, rms=0.920 (39.390%)
rms = 0.9717/0.9200, sse=239361.8/239799.5, time step reduction 1 of 3 to 0.250  0 0 1
   RMS increased, rejecting step
027: dt: 0.2500, sse=222982.3, rms=0.789 (14.198%)
rms = 0.7363/0.7894, sse=223378.5/222982.3, time step reduction 2 of 3 to 0.125  0 1 0
028: dt: 0.2500, sse=223378.5, rms=0.736 (6.718%)
rms = 0.7119/0.7363, sse=220365.3/223378.5, time step reduction 3 of 3 to 0.062  0 0 1
029: dt: 0.1250, sse=220365.3, rms=0.712 (3.321%)
  maximum number of reductions reached, breaking from loop
positioning took 0.4 minutes


Writing output to ../surf/lh.white
#ET# mris_place_surface  2.94 minutes
#VMPC# mris_place_surfaces VmPeak  3100836
mris_place_surface done
#--------------------------------------------
#@# T1PialSurf lh Tue Mar 10 00:01:26 CET 2026
cd /out/sourcedata/freesurfer/sub-v1s2x0051477_ses-1/mri
mris_place_surface --adgws-in ../surf/autodet.gw.stats.lh.dat --seg aseg.presurf.mgz --threads 16 --wm wm.mgz --invol brain.finalsurfs.mgz --lh --i ../surf/lh.white --o ../surf/lh.pial.T1 --pial --nsmooth 0 --rip-label ../label/lh.cortex+hipamyg.label --pin-medial-wall ../label/lh.cortex.label --aparc ../label/lh.aparc.annot --repulse-surf ../surf/lh.white --white-surf ../surf/lh.white
7.3.2
7.3.2

cd /out/sourcedata/freesurfer/sub-v1s2x0051477_ses-1/mri
setenv SUBJECTS_DIR /out/sourcedata/freesurfer
mris_place_surface --adgws-in ../surf/autodet.gw.stats.lh.dat --seg aseg.presurf.mgz --threads 16 --wm wm.mgz --invol brain.finalsurfs.mgz --lh --i ../surf/lh.white --o ../surf/lh.pial.T1 --pial --nsmooth 0 --rip-label ../label/lh.cortex+hipamyg.label --pin-medial-wall ../label/lh.cortex.label --aparc ../label/lh.aparc.annot --repulse-surf ../surf/lh.white --white-surf ../surf/lh.white 

Reading in input surface ../surf/lh.white
Not smoothing input surface
Area    282448  0.32000  0.12216 0.000911   2.7216
Corner  847344 60.00000 14.84802 0.248481 178.9749
Edge    423672  0.87007  0.20159 0.023094   3.7295
Hinge   423672  9.55159 10.31621 0.000142 179.6819
Reading white surface coordinates from ../surf/lh.white
Reading repulsion surface coordinates from ../surf/lh.white
Reading in aparc ../label/lh.aparc.annot
Reading in input volume brain.finalsurfs.mgz
Reading in wm volume wm.mgz
MRIclipBrightWM(): nthresh=20877, wmmin=5, clip=110 
MRIfindBrightNonWM(): 348 bright non-wm voxels segmented.
Masking bright non-wm for pial surface mid_gray = 74.4907
MRImask(): AllowDiffGeom = 1
MRImask(): AllowDiffGeom = 1
MRImask(): AllowDiffGeom = 1
Reading in seg volume aseg.presurf.mgz
Ripping frozen voxels
Ripping vertices not in label ../label/lh.cortex+hipamyg.label
MRISripNotLabel() ripped 5402/141226 vertices (135824 unripped)
INFO: rip surface needed but not specified, so using input surface
Ripping segs (eg, WMSA, BG, frozen)
Starting MRISripSegs() d = (-2 2 0.5) segnos: 247 
MRISripSegs(): -2 2 0.5 ripped 0
vertex 70613: xyz = (-42.7197,-20.5008,46.0398) oxyz = (-42.7197,-20.5008,46.0398) wxzy = (-42.7197,-20.5008,46.0398) pxyz = (-42.7197,-20.5008,46.0398) 
CBVO Creating mask 141226
n_averages 16
Iteration 0 =========================================
n_averages=16, current_sigma=2
Computing target border values 
Entering MRIScomputeBorderValues_new(): 
  inside_hi   = 100.2207640;
  border_hi   =  70.9202190;
  border_low  =  48.7606660;
  outside_low =  10.0000000;
  outside_hi  =  65.3803330;
  sigma = 2;
  max_thickness = 10;
  step_size=0.5;
  STEP_SIZE=0.1;
  which = 2
  thresh = 0
  flags = 0
  CBVfindFirstPeakD1=0
  CBVfindFirstPeakD2=0
  nvertices=141226
  Gdiag_no=-1
  vno start=0, stop=141226
Replacing 255s with 0s
#SI# sigma=2 had to be increased for 161 vertices, nripped=5402
mean border=69.1, 204 (204) missing vertices, mean dist 1.5 [0.8 (%0.2)->2.8 (%99.8))]
%13 local maxima, %37 large gradients and %46 min vals, 0 gradients ignored
nFirstPeakD1 0
MRIScomputeBorderValues_new() finished in 0.0117 min


Averaging target values for 5 iterations...
Positioning Surface: tspring = 0.3, nspring = 0.3, spring = 0, niters = 100 l_repulse = 0, l_surf_repulse = 5, checktol = 0
Positioning pial surface
Entering MRISpositionSurface()
  max_mm = 0.3
  MAX_REDUCTIONS = 2, REDUCTION_PCT = 0.5
  parms->check_tol = 0, niterations = 100
tol=1.0e-04, sigma=2.0, host=dna05, nav=16, nbrs=2, l_surf_repulse=5.000, l_tspring=0.300, l_nspring=0.300, l_intensity=0.200, l_curv=1.000
mom=0.00, dt=0.50
complete_dist_mat 0
rms 0
smooth_averages 0
remove_neg 0
ico_order 0
which_surface 0
target_radius 0.000000
nfields 0
scale 0.000000
desired_rms_height 0.000000
momentum 0.000000
nbhd_size 0
max_nbrs 0
niterations 100
nsurfaces 0
SURFACES 3
flags 0 (0)
use curv 0
no sulc 0
no rigid align 0
mris->nsize 2
mris->hemisphere 0
randomSeed 0

000: dt: 0.0000, sse=21419578.0, rms=27.975
001: dt: 0.5000, sse=16912678.0, rms=24.828 (11.248%)
002: dt: 0.5000, sse=13360738.0, rms=22.033 (11.258%)
003: dt: 0.5000, sse=10682845.0, rms=19.664 (10.753%)
004: dt: 0.5000, sse=8634633.0, rms=17.638 (10.305%)
005: dt: 0.5000, sse=6901689.0, rms=15.720 (10.873%)
006: dt: 0.5000, sse=5237856.5, rms=13.627 (13.315%)
007: dt: 0.5000, sse=3711054.5, rms=11.372 (16.549%)
008: dt: 0.5000, sse=2543638.2, rms=9.284 (18.357%)
009: dt: 0.5000, sse=1726498.8, rms=7.484 (19.394%)
010: dt: 0.5000, sse=1267646.5, rms=6.247 (16.519%)
011: dt: 0.5000, sse=1019964.8, rms=5.464 (12.541%)
012: dt: 0.5000, sse=919750.6, rms=5.110 (6.468%)
013: dt: 0.5000, sse=848320.6, rms=4.841 (5.264%)
014: dt: 0.5000, sse=828996.0, rms=4.763 (1.622%)
015: dt: 0.5000, sse=799127.3, rms=4.642 (2.534%)
rms = 4.6362/4.6422, sse=798484.9/799127.3, time step reduction 1 of 3 to 0.250  0 0 1
016: dt: 0.5000, sse=798484.9, rms=4.636 (0.130%)
017: dt: 0.2500, sse=546518.7, rms=3.471 (25.142%)
018: dt: 0.2500, sse=519677.3, rms=3.322 (4.288%)
rms = 3.3744/3.3217, sse=529640.8/519677.3, time step reduction 2 of 3 to 0.125  0 1 1
   RMS increased, rejecting step
019: dt: 0.1250, sse=484296.9, rms=3.117 (6.163%)
020: dt: 0.1250, sse=438747.6, rms=2.830 (9.212%)
021: dt: 0.1250, sse=428903.9, rms=2.763 (2.349%)
rms = 2.7402/2.7634, sse=425586.6/428903.9, time step reduction 3 of 3 to 0.062  0 0 1
022: dt: 0.1250, sse=425586.6, rms=2.740 (0.840%)
  maximum number of reductions reached, breaking from loop
positioning took 1.8 minutes
Iteration 1 =========================================
n_averages=8, current_sigma=1
Computing target border values 
Entering MRIScomputeBorderValues_new(): 
  inside_hi   = 100.2207640;
  border_hi   =  70.9202190;
  border_low  =  48.7606660;
  outside_low =  10.0000000;
  outside_hi  =  65.3803330;
  sigma = 1;
  max_thickness = 10;
  step_size=0.5;
  STEP_SIZE=0.1;
  which = 2
  thresh = 0
  flags = 0
  CBVfindFirstPeakD1=0
  CBVfindFirstPeakD2=0
  nvertices=141226
  Gdiag_no=-1
  vno start=0, stop=141226
Replacing 255s with 0s
#SI# sigma=1 had to be increased for 13417 vertices, nripped=5402
mean border=68.3, 2308 (75) missing vertices, mean dist 0.1 [0.1 (%50.8)->0.5 (%49.2))]
%21 local maxima, %31 large gradients and %43 min vals, 0 gradients ignored
nFirstPeakD1 0
MRIScomputeBorderValues_new() finished in 0.0036 min


Averaging target values for 5 iterations...
Positioning Surface: tspring = 0.3, nspring = 0.3, spring = 0, niters = 100 l_repulse = 0, l_surf_repulse = 5, checktol = 0
Positioning pial surface
Entering MRISpositionSurface()
  max_mm = 0.3
  MAX_REDUCTIONS = 2, REDUCTION_PCT = 0.5
  parms->check_tol = 0, niterations = 100
tol=1.0e-04, sigma=1.0, host=dna05, nav=8, nbrs=2, l_surf_repulse=5.000, l_tspring=0.300, l_nspring=0.300, l_intensity=0.200, l_curv=1.000
mom=0.00, dt=0.50
000: dt: 0.0000, sse=546177.4, rms=3.292
rms = 4.2563/3.2923, sse=743677.8/546177.4, time step reduction 1 of 3 to 0.250  0 1 1
   RMS increased, rejecting step
023: dt: 0.2500, sse=490941.6, rms=2.964 (9.963%)
024: dt: 0.2500, sse=480861.6, rms=2.899 (2.208%)
rms = 3.1671/2.8988, sse=524883.8/480861.6, time step reduction 2 of 3 to 0.125  0 1 1
   RMS increased, rejecting step
025: dt: 0.1250, sse=465514.7, rms=2.798 (3.462%)
026: dt: 0.1250, sse=451585.2, rms=2.703 (3.409%)
rms = 2.6576/2.7030, sse=445081.5/451585.2, time step reduction 3 of 3 to 0.062  0 0 1
027: dt: 0.1250, sse=445081.5, rms=2.658 (1.682%)
  maximum number of reductions reached, breaking from loop
positioning took 0.5 minutes
Iteration 2 =========================================
n_averages=4, current_sigma=0.5
Computing target border values 
Entering MRIScomputeBorderValues_new(): 
  inside_hi   = 100.2207640;
  border_hi   =  70.9202190;
  border_low  =  48.7606660;
  outside_low =  10.0000000;
  outside_hi  =  65.3803330;
  sigma = 0.5;
  max_thickness = 10;
  step_size=0.5;
  STEP_SIZE=0.1;
  which = 2
  thresh = 0
  flags = 0
  CBVfindFirstPeakD1=0
  CBVfindFirstPeakD2=0
  nvertices=141226
  Gdiag_no=-1
  vno start=0, stop=141226
Replacing 255s with 0s
#SI# sigma=0.5 had to be increased for 14462 vertices, nripped=5402
mean border=68.1, 2588 (65) missing vertices, mean dist 0.1 [0.1 (%49.5)->0.4 (%50.5))]
%30 local maxima, %22 large gradients and %43 min vals, 0 gradients ignored
nFirstPeakD1 0
MRIScomputeBorderValues_new() finished in 0.0023 min


Averaging target values for 5 iterations...
Positioning Surface: tspring = 0.3, nspring = 0.3, spring = 0, niters = 100 l_repulse = 0, l_surf_repulse = 5, checktol = 0
Positioning pial surface
Entering MRISpositionSurface()
  max_mm = 0.3
  MAX_REDUCTIONS = 2, REDUCTION_PCT = 0.5
  parms->check_tol = 0, niterations = 100
tol=1.0e-04, sigma=0.5, host=dna05, nav=4, nbrs=2, l_surf_repulse=5.000, l_tspring=0.300, l_nspring=0.300, l_intensity=0.200, l_curv=1.000
mom=0.00, dt=0.50
000: dt: 0.0000, sse=468132.6, rms=2.809
rms = 3.6790/2.8090, sse=620304.6/468132.6, time step reduction 1 of 3 to 0.250  0 1 1
   RMS increased, rejecting step
028: dt: 0.2500, sse=443671.1, rms=2.643 (5.923%)
rms = 2.6700/2.6426, sse=447321.6/443671.1, time step reduction 2 of 3 to 0.125  0 1 1
   RMS increased, rejecting step
rms = 2.6130/2.6426, sse=439484.9/443671.1, time step reduction 3 of 3 to 0.062  0 0 1
029: dt: 0.1250, sse=439484.9, rms=2.613 (1.121%)
  maximum number of reductions reached, breaking from loop
positioning took 0.3 minutes
Iteration 3 =========================================
n_averages=2, current_sigma=0.25
Computing target border values 
Entering MRIScomputeBorderValues_new(): 
  inside_hi   = 100.2207640;
  border_hi   =  70.9202190;
  border_low  =  48.7606660;
  outside_low =  10.0000000;
  outside_hi  =  65.3803330;
  sigma = 0.25;
  max_thickness = 10;
  step_size=0.5;
  STEP_SIZE=0.1;
  which = 2
  thresh = 0
  flags = 0
  CBVfindFirstPeakD1=0
  CBVfindFirstPeakD2=0
  nvertices=141226
  Gdiag_no=-1
  vno start=0, stop=141226
Replacing 255s with 0s
#SI# sigma=0.25 had to be increased for 12432 vertices, nripped=5402
mean border=67.7, 5253 (62) missing vertices, mean dist 0.1 [0.1 (%48.5)->0.3 (%51.5))]
%33 local maxima, %18 large gradients and %42 min vals, 0 gradients ignored
nFirstPeakD1 0
MRIScomputeBorderValues_new() finished in 0.0016 min


Averaging target values for 5 iterations...
Positioning Surface: tspring = 0.3, nspring = 0.3, spring = 0, niters = 100 l_repulse = 0, l_surf_repulse = 5, checktol = 0
Positioning pial surface
Entering MRISpositionSurface()
  max_mm = 0.3
  MAX_REDUCTIONS = 2, REDUCTION_PCT = 0.5
  parms->check_tol = 0, niterations = 100
tol=1.0e-04, sigma=0.2, host=dna05, nav=2, nbrs=2, l_surf_repulse=5.000, l_tspring=0.300, l_nspring=0.300, l_intensity=0.200, l_curv=1.000
mom=0.00, dt=0.50
000: dt: 0.0000, sse=457729.4, rms=2.739
rms = 3.3543/2.7388, sse=557923.5/457729.4, time step reduction 1 of 3 to 0.250  0 1 1
   RMS increased, rejecting step
030: dt: 0.2500, sse=434767.6, rms=2.580 (5.811%)
rms = 2.5419/2.5797, sse=428866.5/434767.6, time step reduction 2 of 3 to 0.125  0 0 1
031: dt: 0.2500, sse=428866.5, rms=2.542 (1.463%)
032: dt: 0.1250, sse=417720.6, rms=2.458 (3.291%)
rms = 2.4134/2.4583, sse=411663.7/417720.6, time step reduction 3 of 3 to 0.062  0 0 1
033: dt: 0.1250, sse=411663.7, rms=2.413 (1.825%)
  maximum number of reductions reached, breaking from loop
positioning took 0.3 minutes
Pinning medial wall to white surface
removing intersecting faces
000: 16 intersecting
001: 2 intersecting
terminating search with 0 intersecting


Writing output to ../surf/lh.pial.T1
#ET# mris_place_surface  3.11 minutes
#VMPC# mris_place_surfaces VmPeak  2381544
mris_place_surface done
#@# white curv lh Tue Mar 10 00:04:40 CET 2026
cd /out/sourcedata/freesurfer/sub-v1s2x0051477_ses-1/mri
mris_place_surface --curv-map ../surf/lh.white 2 10 ../surf/lh.curv
insurf  ../surf/lh.white, nbrs 2, curvature_avgs 10
writing curvature file ../surf/lh.curv
#@# white area lh Tue Mar 10 00:04:42 CET 2026
cd /out/sourcedata/freesurfer/sub-v1s2x0051477_ses-1/mri
mris_place_surface --area-map ../surf/lh.white ../surf/lh.area
writing curvature file ../surf/lh.area
#@# pial curv lh Tue Mar 10 00:04:43 CET 2026
cd /out/sourcedata/freesurfer/sub-v1s2x0051477_ses-1/mri
mris_place_surface --curv-map ../surf/lh.pial 2 10 ../surf/lh.curv.pial
insurf  ../surf/lh.pial, nbrs 2, curvature_avgs 10
writing curvature file ../surf/lh.curv.pial
#@# pial area lh Tue Mar 10 00:04:45 CET 2026
cd /out/sourcedata/freesurfer/sub-v1s2x0051477_ses-1/mri
mris_place_surface --area-map ../surf/lh.pial ../surf/lh.area.pial
writing curvature file ../surf/lh.area.pial
#@# thickness lh Tue Mar 10 00:04:46 CET 2026
cd /out/sourcedata/freesurfer/sub-v1s2x0051477_ses-1/mri
mris_place_surface --thickness ../surf/lh.white ../surf/lh.pial 20 5 ../surf/lh.thickness
0 of 141226 vertices processed
25000 of 141226 vertices processed
50000 of 141226 vertices processed
75000 of 141226 vertices processed
100000 of 141226 vertices processed
125000 of 141226 vertices processed
0 of 141226 vertices processed
25000 of 141226 vertices processed
50000 of 141226 vertices processed
75000 of 141226 vertices processed
100000 of 141226 vertices processed
125000 of 141226 vertices processed
thickness calculation complete, 49:436 truncations.
74682 vertices at 0 distance
126940 vertices at 1 distance
53406 vertices at 2 distance
17834 vertices at 3 distance
6276 vertices at 4 distance
2148 vertices at 5 distance
705 vertices at 6 distance
242 vertices at 7 distance
84 vertices at 8 distance
39 vertices at 9 distance
10 vertices at 10 distance
9 vertices at 11 distance
12 vertices at 12 distance
12 vertices at 13 distance
8 vertices at 14 distance
6 vertices at 15 distance
9 vertices at 16 distance
6 vertices at 17 distance
8 vertices at 18 distance
10 vertices at 19 distance
6 vertices at 20 distance
writing curvature file ../surf/lh.thickness
#@# area and vertex vol lh Tue Mar 10 00:05:19 CET 2026
cd /out/sourcedata/freesurfer/sub-v1s2x0051477_ses-1/mri
mris_place_surface --thickness ../surf/lh.white ../surf/lh.pial 20 5 ../surf/lh.thickness
/out/sourcedata/freesurfer/sub-v1s2x0051477_ses-1/surf
mris_calc -o lh.area.mid lh.area add lh.area.pial
Saving result to 'lh.area.mid' (type = MRI_CURV_FILE)                       [ ok ]
mris_calc -o lh.area.mid lh.area.mid div 2
Saving result to 'lh.area.mid' (type = MRI_CURV_FILE)                       [ ok ]
mris_convert --volume sub-v1s2x0051477_ses-1 lh /out/sourcedata/freesurfer/sub-v1s2x0051477_ses-1/surf/lh.volume
masking with /out/sourcedata/freesurfer/sub-v1s2x0051477_ses-1/label/lh.cortex.label
Total face volume 211665
Total vertex volume 211469 (mask=0)
#@# sub-v1s2x0051477_ses-1 lh 211469
 
vertexvol Done

#-----------------------------------------
#@# Curvature Stats lh Tue Mar 10 00:05:21 CET 2026
/out/sourcedata/freesurfer/sub-v1s2x0051477_ses-1/surf

 mris_curvature_stats -m --writeCurvatureFiles -G -o ../stats/lh.curv.stats -F smoothwm sub-v1s2x0051477_ses-1 lh curv sulc 

             Toggling save flag on curvature files                       [ ok ]
                 Outputting results using filestem   [ ../stats/lh.curv.stats ]
             Toggling save flag on curvature files                       [ ok ]
                                   Setting surface [ sub-v1s2x0051477_ses-1/lh.smoothwm ]
                                Reading surface...                       [ ok ]
                                   Setting texture                     [ curv ]
                                Reading texture...                       [ ok ]
                                   Setting texture                     [ sulc ]
                                Reading texture...Gb_filter = 0
                       [ ok ]
      Calculating Discrete Principal Curvatures...
      Determining geometric order for vno faces... [####################] [ ok ]
                      Determining KH curvatures... [####################] [ ok ]
                    Determining k1k2 curvatures... [####################] [ ok ]
                                   deltaViolations                      [ 244 ]
Gb_filter = 0

WARN:    S lookup   min:                          -0.078003
WARN:    S explicit min:                          0.000000	vertex = 1093
#-----------------------------------------
#@# Cortical Parc 2 lh Tue Mar 10 00:05:24 CET 2026
/out/sourcedata/freesurfer/sub-v1s2x0051477_ses-1/scripts

 mris_ca_label -l ../label/lh.cortex.label -aseg ../mri/aseg.presurf.mgz -seed 1234 sub-v1s2x0051477_ses-1 lh ../surf/lh.sphere.reg /opt/freesurfer/average/lh.CDaparc.atlas.acfb40.noaparc.i12.2016-08-02.gcs ../label/lh.aparc.a2009s.annot 

setting seed for random number generator to 1234
using ../mri/aseg.presurf.mgz aseg volume to correct midline
7.3.2
  7.3.2
reading atlas from /opt/freesurfer/average/lh.CDaparc.atlas.acfb40.noaparc.i12.2016-08-02.gcs...
reading color table from GCSA file....
average std = 3.0   using min determinant for regularization = 0.088
0 singular and 0 ill-conditioned covariance matrices regularized
input 0: MEAN CURVATURE, flags 0, avgs 5, name mean_curvature
labeling surface...
25 labels changed using aseg
relabeling using gibbs priors...
000:   9538 changed, 141226 examined...
001:   2244 changed, 37284 examined...
002:    670 changed, 11955 examined...
003:    300 changed, 3861 examined...
004:    161 changed, 1752 examined...
005:    111 changed, 945 examined...
006:     52 changed, 619 examined...
007:     42 changed, 311 examined...
008:     18 changed, 232 examined...
009:      4 changed, 108 examined...
010:      1 changed, 22 examined...
011:      0 changed, 8 examined...
1 labels changed using aseg
000: 257 total segments, 173 labels (2453 vertices) changed
001: 97 total segments, 14 labels (426 vertices) changed
002: 83 total segments, 0 labels (0 vertices) changed
10 filter iterations complete (10 requested, 34 changed)
rationalizing unknown annotations with cortex label
relabeling Medial_wall label...
1164 vertices marked for relabeling...
1164 labels changed in reclassification.
writing output to ../label/lh.aparc.a2009s.annot...
classification took 0 minutes and 15 seconds.
#-----------------------------------------
#@# Cortical Parc 3 lh Tue Mar 10 00:05:39 CET 2026
/out/sourcedata/freesurfer/sub-v1s2x0051477_ses-1/scripts

 mris_ca_label -l ../label/lh.cortex.label -aseg ../mri/aseg.presurf.mgz -seed 1234 sub-v1s2x0051477_ses-1 lh ../surf/lh.sphere.reg /opt/freesurfer/average/lh.DKTaparc.atlas.acfb40.noaparc.i12.2016-08-02.gcs ../label/lh.aparc.DKTatlas.annot 

setting seed for random number generator to 1234
using ../mri/aseg.presurf.mgz aseg volume to correct midline
7.3.2
  7.3.2
reading atlas from /opt/freesurfer/average/lh.DKTaparc.atlas.acfb40.noaparc.i12.2016-08-02.gcs...
reading color table from GCSA file....
average std = 1.4   using min determinant for regularization = 0.020
0 singular and 383 ill-conditioned covariance matrices regularized
input 0: MEAN CURVATURE, flags 0, avgs 5, name mean_curvature
labeling surface...
1332 labels changed using aseg
relabeling using gibbs priors...
000:   2020 changed, 141226 examined...
001:    475 changed, 9323 examined...
002:    133 changed, 2716 examined...
003:     57 changed, 825 examined...
004:     31 changed, 357 examined...
005:     23 changed, 194 examined...
006:     14 changed, 126 examined...
007:     10 changed, 82 examined...
008:      8 changed, 57 examined...
009:     10 changed, 50 examined...
010:      6 changed, 58 examined...
011:      7 changed, 36 examined...
012:      6 changed, 32 examined...
013:      7 changed, 33 examined...
014:     10 changed, 38 examined...
015:      9 changed, 51 examined...
016:      9 changed, 45 examined...
017:      8 changed, 44 examined...
018:      9 changed, 40 examined...
019:      8 changed, 37 examined...
020:      6 changed, 33 examined...
021:      6 changed, 26 examined...
022:      4 changed, 28 examined...
023:      2 changed, 25 examined...
024:      2 changed, 12 examined...
025:      1 changed, 9 examined...
026:      2 changed, 7 examined...
027:      3 changed, 12 examined...
028:      1 changed, 13 examined...
029:      1 changed, 7 examined...
030:      1 changed, 7 examined...
031:      0 changed, 8 examined...
309 labels changed using aseg
000: 59 total segments, 26 labels (135 vertices) changed
001: 33 total segments, 0 labels (0 vertices) changed
8 filter iterations complete (10 requested, 0 changed)
rationalizing unknown annotations with cortex label
relabeling unknown label...
relabeling corpuscallosum label...
806 vertices marked for relabeling...
806 labels changed in reclassification.
writing output to ../label/lh.aparc.DKTatlas.annot...
classification took 0 minutes and 12 seconds.
#-----------------------------------------
#@# WM/GM Contrast lh Tue Mar 10 00:05:50 CET 2026
/out/sourcedata/freesurfer/sub-v1s2x0051477_ses-1/scripts

 pctsurfcon --s sub-v1s2x0051477_ses-1 --lh-only 

Log file is /out/sourcedata/freesurfer/sub-v1s2x0051477_ses-1/scripts/pctsurfcon.log
Tue Mar 10 00:05:50 CET 2026
setenv SUBJECTS_DIR /out/sourcedata/freesurfer
cd /out/sourcedata/freesurfer/sub-v1s2x0051477_ses-1/scripts
/opt/freesurfer/bin/pctsurfcon
pctsurfcon 7.3.2
Linux dna056 5.14.0-427.37.1.el9_4.x86_64 #1 SMP PREEMPT_DYNAMIC Fri Sep 13 12:41:50 EDT 2024 x86_64 x86_64 x86_64 GNU/Linux
FREESURFER_HOME /opt/freesurfer
mri_vol2surf --mov /out/sourcedata/freesurfer/sub-v1s2x0051477_ses-1/mri/rawavg.mgz --hemi lh --noreshape --interp trilinear --projdist -1 --o /out/sourcedata/freesurfer/sub-v1s2x0051477_ses-1/surf/tmp.pctsurfcon.3272024/lh.wm.mgh --regheader sub-v1s2x0051477_ses-1 --cortex
srcvol = /out/sourcedata/freesurfer/sub-v1s2x0051477_ses-1/mri/rawavg.mgz
srcreg unspecified
srcregold = 0
srcwarp unspecified
surf = white
hemi = lh
ProjDist = -1
reshape = 0
interp = trilinear
float2int = round
GetProjMax = 0
INFO: float2int code = 0
Done loading volume
Computing registration from header.
  Using /out/sourcedata/freesurfer/sub-v1s2x0051477_ses-1/mri/orig.mgz as target reference.
-------- original matrix -----------
-1.00000   0.00000   0.00000   0.00000;
 0.00000   0.00000   1.00000   0.00000;
 0.00000  -1.00000   0.00000   0.00000;
 0.00000   0.00000   0.00000   1.00000;
-------- original matrix -----------
Loading label /out/sourcedata/freesurfer/sub-v1s2x0051477_ses-1/label/lh.cortex.label
Reading surface /out/sourcedata/freesurfer/sub-v1s2x0051477_ses-1/surf/lh.white
Done reading source surface
Mapping Source Volume onto Source Subject Surface
Projecting -1 -1 1
 1 -1 -1 -1
using old
Done mapping volume to surface
Number of source voxels hit = 81035
Masking with /out/sourcedata/freesurfer/sub-v1s2x0051477_ses-1/label/lh.cortex.label
Writing to /out/sourcedata/freesurfer/sub-v1s2x0051477_ses-1/surf/tmp.pctsurfcon.3272024/lh.wm.mgh
Dim: 141226 1 1
mri_vol2surf --mov /out/sourcedata/freesurfer/sub-v1s2x0051477_ses-1/mri/rawavg.mgz --hemi lh --noreshape --interp trilinear --o /out/sourcedata/freesurfer/sub-v1s2x0051477_ses-1/surf/tmp.pctsurfcon.3272024/lh.gm.mgh --projfrac 0.3 --regheader sub-v1s2x0051477_ses-1 --cortex
srcvol = /out/sourcedata/freesurfer/sub-v1s2x0051477_ses-1/mri/rawavg.mgz
srcreg unspecified
srcregold = 0
srcwarp unspecified
surf = white
hemi = lh
ProjFrac = 0.3
thickness = thickness
reshape = 0
interp = trilinear
float2int = round
GetProjMax = 0
INFO: float2int code = 0
Done loading volume
Computing registration from header.
  Using /out/sourcedata/freesurfer/sub-v1s2x0051477_ses-1/mri/orig.mgz as target reference.
-------- original matrix -----------
-1.00000   0.00000   0.00000   0.00000;
 0.00000   0.00000   1.00000   0.00000;
 0.00000  -1.00000   0.00000   0.00000;
 0.00000   0.00000   0.00000   1.00000;
-------- original matrix -----------
Loading label /out/sourcedata/freesurfer/sub-v1s2x0051477_ses-1/label/lh.cortex.label
Reading surface /out/sourcedata/freesurfer/sub-v1s2x0051477_ses-1/surf/lh.white
Done reading source surface
Reading thickness /out/sourcedata/freesurfer/sub-v1s2x0051477_ses-1/surf/lh.thickness
Done
Mapping Source Volume onto Source Subject Surface
Projecting 0.3 0.3 1
 1 0.3 0.3 0.3
using old
Done mapping volume to surface
Number of source voxels hit = 93521
Masking with /out/sourcedata/freesurfer/sub-v1s2x0051477_ses-1/label/lh.cortex.label
Writing to /out/sourcedata/freesurfer/sub-v1s2x0051477_ses-1/surf/tmp.pctsurfcon.3272024/lh.gm.mgh
Dim: 141226 1 1
mri_concat /out/sourcedata/freesurfer/sub-v1s2x0051477_ses-1/surf/tmp.pctsurfcon.3272024/lh.wm.mgh /out/sourcedata/freesurfer/sub-v1s2x0051477_ses-1/surf/tmp.pctsurfcon.3272024/lh.gm.mgh --paired-diff-norm --mul 100 --o /out/sourcedata/freesurfer/sub-v1s2x0051477_ses-1/surf/lh.w-g.pct.mgh
ninputs = 2
Checking inputs
nframestot = 2
Allocing output
Done allocing
Combining pairs
nframes = 1
Multiplying by 100.000000
Writing to /out/sourcedata/freesurfer/sub-v1s2x0051477_ses-1/surf/lh.w-g.pct.mgh
mri_segstats --in /out/sourcedata/freesurfer/sub-v1s2x0051477_ses-1/surf/lh.w-g.pct.mgh --annot sub-v1s2x0051477_ses-1 lh aparc --sum /out/sourcedata/freesurfer/sub-v1s2x0051477_ses-1/stats/lh.w-g.pct.stats --snr

7.3.2
cwd 
cmdline mri_segstats --in /out/sourcedata/freesurfer/sub-v1s2x0051477_ses-1/surf/lh.w-g.pct.mgh --annot sub-v1s2x0051477_ses-1 lh aparc --sum /out/sourcedata/freesurfer/sub-v1s2x0051477_ses-1/stats/lh.w-g.pct.stats --snr 
sysname  Linux
hostname dna056
machine  x86_64
user     oesteban
whitesurfname  white
UseRobust  0
Constructing seg from annotation

Reading annotation /out/sourcedata/freesurfer/sub-v1s2x0051477_ses-1/label/lh.aparc.annot
Seg base 1000
Loading /out/sourcedata/freesurfer/sub-v1s2x0051477_ses-1/surf/lh.w-g.pct.mgh
Vertex Area is 0.639988 mm^3
Generating list of segmentation ids
Found  36 segmentations
Computing statistics for each segmentation

Reporting on  35 segmentations
Using PrintSegStat
mri_segstats done
Cleaning up

Started at Mon Mar 9 23:40:30 CET 2026 
Ended   at Tue Mar 10 00:05:54 CET 2026
#@#%# recon-all-run-time-hours 0.423
recon-all -s sub-v1s2x0051477_ses-1 finished without error at Tue Mar 10 00:05:54 CET 2026



#New# invocation of recon-all 




Tue Mar 10 00:34:42 CET 2026
cd /out/sourcedata/freesurfer/sub-v1s2x0051477_ses-1
setenv SUBJECTS_DIR /out/sourcedata/freesurfer
/opt/freesurfer/bin/recon-all -autorecon-hemi lh -nohyporelabel -lh-only -openmp 16 -subjid sub-v1s2x0051477_ses-1 -sd /out/sourcedata/freesurfer -notessellate -nosmooth1 -noinflate1 -noqsphere -nofix -nowhite -nosmooth2 -noinflate2 -nocurvHK -nocurvstats -nosphere -nosurfreg -nojacobian_white -noavgcurv -nocortparc -nopial -nocortparc2 -nocortparc3 -nopctsurfcon

subjid sub-v1s2x0051477_ses-1
setenv SUBJECTS_DIR /out/sourcedata/freesurfer
FREESURFER_HOME /opt/freesurfer
Actual FREESURFER_HOME /opt/freesurfer
build-stamp.txt: freesurfer-linux-ubuntu22_x86_64-7.3.2-20220804-6354275
Linux dna056 5.14.0-427.37.1.el9_4.x86_64 #1 SMP PREEMPT_DYNAMIC Fri Sep 13 12:41:50 EDT 2024 x86_64 x86_64 x86_64 GNU/Linux
cputime      unlimited
filesize     unlimited
datasize     unlimited
stacksize    8192 kbytes
coredumpsize 0 kbytes
memoryuse    67108864 kbytes
vmemoryuse   unlimited
descriptors  1024 
memorylocked unlimited
maxproc      2061970 
maxlocks     unlimited
maxsignal    2061970 
maxmessage   819200 
maxnice      0 
maxrtprio    0 
maxrttime    unlimited

               total        used        free      shared  buff/cache   available
Mem:           503Gi        60Gi       408Gi        11Gi        34Gi       429Gi
Swap:             0B          0B          0B

########################################
program versions used
7.3.2 (freesurfer-linux-ubuntu22_x86_64-7.3.2-20220804-6354275)
7.3.2

ProgramName: lta_convert  ProgramArguments: lta_convert -all-info  ProgramVersion: 7.3.2  TimeStamp: 2026/03/09-23:34:42-GMT  BuildTime: Aug  4 2022 06:17:15  BuildStamp: freesurfer-linux-ubuntu22_x86_64-7.3.2-20220804-6354275  User: oesteban  Machine: dna056  Platform: Linux  PlatformVersion: 5.14.0-427.37.1.el9_4.x86_64  CompilerName: GCC  CompilerVersion: 8.4.0
ProgramName: mri_and  ProgramArguments: mri_and -all-info  ProgramVersion: 7.3.2  TimeStamp: 2026/03/09-23:34:42-GMT  BuildTime: Aug  4 2022 06:17:15  BuildStamp: freesurfer-linux-ubuntu22_x86_64-7.3.2-20220804-6354275  User: oesteban  Machine: dna056  Platform: Linux  PlatformVersion: 5.14.0-427.37.1.el9_4.x86_64  CompilerName: GCC  CompilerVersion: 8.4.0
ProgramName: mri_annotation2label  ProgramArguments: mri_annotation2label -all-info  ProgramVersion: 7.3.2  TimeStamp: 2026/03/09-23:34:42-GMT  BuildTime: Aug  4 2022 06:17:15  BuildStamp: freesurfer-linux-ubuntu22_x86_64-7.3.2-20220804-6354275  User: oesteban  Machine: dna056  Platform: Linux  PlatformVersion: 5.14.0-427.37.1.el9_4.x86_64  CompilerName: GCC  CompilerVersion: 8.4.0
ProgramName: mri_aparc2aseg  ProgramArguments: mri_aparc2aseg -all-info  ProgramVersion: 7.3.2  TimeStamp: 2026/03/09-23:34:42-GMT  BuildTime: Aug  4 2022 06:17:15  BuildStamp: freesurfer-linux-ubuntu22_x86_64-7.3.2-20220804-6354275  User: oesteban  Machine: dna056  Platform: Linux  PlatformVersion: 5.14.0-427.37.1.el9_4.x86_64  CompilerName: GCC  CompilerVersion: 8.4.0
ProgramName: mri_surf2volseg  ProgramArguments: mri_surf2volseg -all-info  ProgramVersion: 7.3.2  TimeStamp: 2026/03/09-23:34:42-GMT  BuildTime: Aug  4 2022 06:17:15  BuildStamp: freesurfer-linux-ubuntu22_x86_64-7.3.2-20220804-6354275  User: oesteban  Machine: dna056  Platform: Linux  PlatformVersion: 5.14.0-427.37.1.el9_4.x86_64  CompilerName: GCC  CompilerVersion: 8.4.0
ProgramName: mri_binarize  ProgramArguments: mri_binarize -all-info  ProgramVersion: 7.3.2  TimeStamp: 2026/03/09-23:34:42-GMT  BuildTime: Aug  4 2022 06:17:15  BuildStamp: freesurfer-linux-ubuntu22_x86_64-7.3.2-20220804-6354275  User: oesteban  Machine: dna056  Platform: Linux  PlatformVersion: 5.14.0-427.37.1.el9_4.x86_64  CompilerName: GCC  CompilerVersion: 8.4.0
ProgramName: mri_ca_label  ProgramArguments: mri_ca_label -all-info  ProgramVersion: 7.3.2  TimeStamp: 2026/03/09-23:34:42-GMT  BuildTime: Aug  4 2022 06:17:15  BuildStamp: freesurfer-linux-ubuntu22_x86_64-7.3.2-20220804-6354275  User: oesteban  Machine: dna056  Platform: Linux  PlatformVersion: 5.14.0-427.37.1.el9_4.x86_64  CompilerName: GCC  CompilerVersion: 8.4.0
ProgramName: mri_ca_normalize  ProgramArguments: mri_ca_normalize -all-info  ProgramVersion: 7.3.2  TimeStamp: 2026/03/09-23:34:42-GMT  BuildTime: Aug  4 2022 06:17:15  BuildStamp: freesurfer-linux-ubuntu22_x86_64-7.3.2-20220804-6354275  User: oesteban  Machine: dna056  Platform: Linux  PlatformVersion: 5.14.0-427.37.1.el9_4.x86_64  CompilerName: GCC  CompilerVersion: 8.4.0
ProgramName: mri_ca_register  ProgramArguments: mri_ca_register -all-info  ProgramVersion: 7.3.2  TimeStamp: 2026/03/09-23:34:42-GMT  BuildTime: Aug  4 2022 06:17:15  BuildStamp: freesurfer-linux-ubuntu22_x86_64-7.3.2-20220804-6354275  User: oesteban  Machine: dna056  Platform: Linux  PlatformVersion: 5.14.0-427.37.1.el9_4.x86_64  CompilerName: GCC  CompilerVersion: 8.4.0
ProgramName: mri_cc  ProgramArguments: mri_cc -all-info  ProgramVersion: 7.3.2  TimeStamp: 2026/03/09-23:34:42-GMT  BuildTime: Aug  4 2022 06:17:15  BuildStamp: freesurfer-linux-ubuntu22_x86_64-7.3.2-20220804-6354275  User: oesteban  Machine: dna056  Platform: Linux  PlatformVersion: 5.14.0-427.37.1.el9_4.x86_64  CompilerName: GCC  CompilerVersion: 8.4.0
ProgramName: mri_compute_overlap  ProgramArguments: mri_compute_overlap -all-info  ProgramVersion: 7.3.2  TimeStamp: 2026/03/09-23:34:42-GMT  BuildTime: Aug  4 2022 06:17:15  BuildStamp: freesurfer-linux-ubuntu22_x86_64-7.3.2-20220804-6354275  User: oesteban  Machine: dna056  Platform: Linux  PlatformVersion: 5.14.0-427.37.1.el9_4.x86_64  CompilerName: GCC  CompilerVersion: 8.4.0
ProgramName: mri_compute_seg_overlap  ProgramArguments: mri_compute_seg_overlap -all-info  ProgramVersion: 7.3.2  TimeStamp: 2026/03/09-23:34:42-GMT  BuildTime: Aug  4 2022 06:17:15  BuildStamp: freesurfer-linux-ubuntu22_x86_64-7.3.2-20220804-6354275  User: oesteban  Machine: dna056  Platform: Linux  PlatformVersion: 5.14.0-427.37.1.el9_4.x86_64  CompilerName: GCC  CompilerVersion: 8.4.0
ProgramName: mri_concat  ProgramArguments: mri_concat -all-info  ProgramVersion: 7.3.2  TimeStamp: 2026/03/09-23:34:42-GMT  BuildTime: Aug  4 2022 06:17:15  BuildStamp: freesurfer-linux-ubuntu22_x86_64-7.3.2-20220804-6354275  User: oesteban  Machine: dna056  Platform: Linux  PlatformVersion: 5.14.0-427.37.1.el9_4.x86_64  CompilerName: GCC  CompilerVersion: 8.4.0
ProgramName: mri_concatenate_lta  ProgramArguments: mri_concatenate_lta -all-info  ProgramVersion: 7.3.2  TimeStamp: 2026/03/09-23:34:42-GMT  BuildTime: Aug  4 2022 06:17:15  BuildStamp: freesurfer-linux-ubuntu22_x86_64-7.3.2-20220804-6354275  User: oesteban  Machine: dna056  Platform: Linux  PlatformVersion: 5.14.0-427.37.1.el9_4.x86_64  CompilerName: GCC  CompilerVersion: 8.4.0
mri_convert -all-info 
ProgramName: mri_convert  ProgramArguments: mri_convert -all-info  ProgramVersion: 7.3.2  TimeStamp: 2026/03/09-23:34:42-GMT  BuildTime: Aug  4 2022 06:17:15  BuildStamp: freesurfer-linux-ubuntu22_x86_64-7.3.2-20220804-6354275  User: oesteban  Machine: dna056  Platform: Linux  PlatformVersion: 5.14.0-427.37.1.el9_4.x86_64  CompilerName: GCC  CompilerVersion: 8.4.0
ProgramName: mri_diff  ProgramArguments: mri_diff -all-info  ProgramVersion: 7.3.2  TimeStamp: 2026/03/09-23:34:42-GMT  BuildTime: Aug  4 2022 06:17:15  BuildStamp: freesurfer-linux-ubuntu22_x86_64-7.3.2-20220804-6354275  User: oesteban  Machine: dna056  Platform: Linux  PlatformVersion: 5.14.0-427.37.1.el9_4.x86_64  CompilerName: GCC  CompilerVersion: 8.4.0
ProgramName: mri_edit_wm_with_aseg  ProgramArguments: mri_edit_wm_with_aseg -all-info  ProgramVersion: 7.3.2  TimeStamp: 2026/03/09-23:34:42-GMT  BuildTime: Aug  4 2022 06:17:15  BuildStamp: freesurfer-linux-ubuntu22_x86_64-7.3.2-20220804-6354275  User: oesteban  Machine: dna056  Platform: Linux  PlatformVersion: 5.14.0-427.37.1.el9_4.x86_64  CompilerName: GCC  CompilerVersion: 8.4.0
ProgramName: mri_em_register  ProgramArguments: mri_em_register -all-info  ProgramVersion: 7.3.2  TimeStamp: 2026/03/09-23:34:42-GMT  BuildTime: Aug  4 2022 06:17:15  BuildStamp: freesurfer-linux-ubuntu22_x86_64-7.3.2-20220804-6354275  User: oesteban  Machine: dna056  Platform: Linux  PlatformVersion: 5.14.0-427.37.1.el9_4.x86_64  CompilerName: GCC  CompilerVersion: 8.4.0
ProgramName: mri_fill  ProgramArguments: mri_fill -all-info  ProgramVersion: 7.3.2  TimeStamp: 2026/03/09-23:34:42-GMT  BuildTime: Aug  4 2022 06:17:15  BuildStamp: freesurfer-linux-ubuntu22_x86_64-7.3.2-20220804-6354275  User: oesteban  Machine: dna056  Platform: Linux  PlatformVersion: 5.14.0-427.37.1.el9_4.x86_64  CompilerName: GCC  CompilerVersion: 8.4.0
ProgramName: mri_fuse_segmentations  ProgramArguments: mri_fuse_segmentations -all-info  ProgramVersion: 7.3.2  TimeStamp: 2026/03/09-23:34:42-GMT  BuildTime: Aug  4 2022 06:17:15  BuildStamp: freesurfer-linux-ubuntu22_x86_64-7.3.2-20220804-6354275  User: oesteban  Machine: dna056  Platform: Linux  PlatformVersion: 5.14.0-427.37.1.el9_4.x86_64  CompilerName: GCC  CompilerVersion: 8.4.0
ProgramName: mri_fwhm  ProgramArguments: mri_fwhm -all-info  ProgramVersion: 7.3.2  TimeStamp: 2026/03/09-23:34:42-GMT  BuildTime: Aug  4 2022 06:17:15  BuildStamp: freesurfer-linux-ubuntu22_x86_64-7.3.2-20220804-6354275  User: oesteban  Machine: dna056  Platform: Linux  PlatformVersion: 5.14.0-427.37.1.el9_4.x86_64  CompilerName: GCC  CompilerVersion: 8.4.0
ProgramName: mri_gcut  ProgramArguments: mri_gcut -all-info  ProgramVersion: 7.3.2  TimeStamp: 2026/03/09-23:34:42-GMT  BuildTime: Aug  4 2022 06:17:15  BuildStamp: freesurfer-linux-ubuntu22_x86_64-7.3.2-20220804-6354275  User: oesteban  Machine: dna056  Platform: Linux  PlatformVersion: 5.14.0-427.37.1.el9_4.x86_64  CompilerName: GCC  CompilerVersion: 8.4.0
ProgramName: mri_info  ProgramArguments: mri_info -all-info  ProgramVersion: 7.3.2  TimeStamp: 2026/03/09-23:34:42-GMT  BuildTime: Aug  4 2022 06:17:15  BuildStamp: freesurfer-linux-ubuntu22_x86_64-7.3.2-20220804-6354275  User: oesteban  Machine: dna056  Platform: Linux  PlatformVersion: 5.14.0-427.37.1.el9_4.x86_64  CompilerName: GCC  CompilerVersion: 8.4.0
ProgramName: mri_label2label  ProgramArguments: mri_label2label -all-info  ProgramVersion: 7.3.2  TimeStamp: 2026/03/09-23:34:42-GMT  BuildTime: Aug  4 2022 06:17:15  BuildStamp: freesurfer-linux-ubuntu22_x86_64-7.3.2-20220804-6354275  User: oesteban  Machine: dna056  Platform: Linux  PlatformVersion: 5.14.0-427.37.1.el9_4.x86_64  CompilerName: GCC  CompilerVersion: 8.4.0
ProgramName: mri_label2vol  ProgramArguments: mri_label2vol -all-info  ProgramVersion: 7.3.2  TimeStamp: 2026/03/09-23:34:42-GMT  BuildTime: Aug  4 2022 06:17:15  BuildStamp: freesurfer-linux-ubuntu22_x86_64-7.3.2-20220804-6354275  User: oesteban  Machine: dna056  Platform: Linux  PlatformVersion: 5.14.0-427.37.1.el9_4.x86_64  CompilerName: GCC  CompilerVersion: 8.4.0
ProgramName: mri_log_likelihood  ProgramArguments: mri_log_likelihood -all-info  ProgramVersion: 7.3.2  TimeStamp: 2026/03/09-23:34:42-GMT  BuildTime: Aug  4 2022 06:17:15  BuildStamp: freesurfer-linux-ubuntu22_x86_64-7.3.2-20220804-6354275  User: oesteban  Machine: dna056  Platform: Linux  PlatformVersion: 5.14.0-427.37.1.el9_4.x86_64  CompilerName: GCC  CompilerVersion: 8.4.0
ProgramName: mri_mask  ProgramArguments: mri_mask -all-info  ProgramVersion: 7.3.2  TimeStamp: 2026/03/09-23:34:42-GMT  BuildTime: Aug  4 2022 06:17:15  BuildStamp: freesurfer-linux-ubuntu22_x86_64-7.3.2-20220804-6354275  User: oesteban  Machine: dna056  Platform: Linux  PlatformVersion: 5.14.0-427.37.1.el9_4.x86_64  CompilerName: GCC  CompilerVersion: 8.4.0
ProgramName: mri_matrix_multiply  ProgramArguments: mri_matrix_multiply -all-info  ProgramVersion: 7.3.2  TimeStamp: 2026/03/09-23:34:42-GMT  BuildTime: Aug  4 2022 06:17:15  BuildStamp: freesurfer-linux-ubuntu22_x86_64-7.3.2-20220804-6354275  User: oesteban  Machine: dna056  Platform: Linux  PlatformVersion: 5.14.0-427.37.1.el9_4.x86_64  CompilerName: GCC  CompilerVersion: 8.4.0
ProgramName: mri_normalize  ProgramArguments: mri_normalize -all-info  ProgramVersion: 7.3.2  TimeStamp: 2026/03/09-23:34:42-GMT  BuildTime: Aug  4 2022 06:17:15  BuildStamp: freesurfer-linux-ubuntu22_x86_64-7.3.2-20220804-6354275  User: oesteban  Machine: dna056  Platform: Linux  PlatformVersion: 5.14.0-427.37.1.el9_4.x86_64  CompilerName: GCC  CompilerVersion: 8.4.0
ProgramName: mri_normalize_tp2  ProgramArguments: mri_normalize_tp2 -all-info  ProgramVersion: 7.3.2  TimeStamp: 2026/03/09-23:34:42-GMT  BuildTime: Aug  4 2022 06:17:15  BuildStamp: freesurfer-linux-ubuntu22_x86_64-7.3.2-20220804-6354275  User: oesteban  Machine: dna056  Platform: Linux  PlatformVersion: 5.14.0-427.37.1.el9_4.x86_64  CompilerName: GCC  CompilerVersion: 8.4.0
ProgramName: mri_or  ProgramArguments: mri_or -all-info  ProgramVersion: 7.3.2  TimeStamp: 2026/03/09-23:34:42-GMT  BuildTime: Aug  4 2022 06:17:15  BuildStamp: freesurfer-linux-ubuntu22_x86_64-7.3.2-20220804-6354275  User: oesteban  Machine: dna056  Platform: Linux  PlatformVersion: 5.14.0-427.37.1.el9_4.x86_64  CompilerName: GCC  CompilerVersion: 8.4.0
ProgramName: mri_relabel_hypointensities  ProgramArguments: mri_relabel_hypointensities -all-info  ProgramVersion: 7.3.2  TimeStamp: 2026/03/09-23:34:42-GMT  BuildTime: Aug  4 2022 06:17:15  BuildStamp: freesurfer-linux-ubuntu22_x86_64-7.3.2-20220804-6354275  User: oesteban  Machine: dna056  Platform: Linux  PlatformVersion: 5.14.0-427.37.1.el9_4.x86_64  CompilerName: GCC  CompilerVersion: 8.4.0
ProgramName: mri_relabel_nonwm_hypos  ProgramArguments: mri_relabel_nonwm_hypos -all-info  ProgramVersion: 7.3.2  TimeStamp: 2026/03/09-23:34:42-GMT  BuildTime: Aug  4 2022 06:17:15  BuildStamp: freesurfer-linux-ubuntu22_x86_64-7.3.2-20220804-6354275  User: oesteban  Machine: dna056  Platform: Linux  PlatformVersion: 5.14.0-427.37.1.el9_4.x86_64  CompilerName: GCC  CompilerVersion: 8.4.0
ProgramName: mri_remove_neck  ProgramArguments: mri_remove_neck -all-info  ProgramVersion: 7.3.2  TimeStamp: 2026/03/09-23:34:42-GMT  BuildTime: Aug  4 2022 06:17:15  BuildStamp: freesurfer-linux-ubuntu22_x86_64-7.3.2-20220804-6354275  User: oesteban  Machine: dna056  Platform: Linux  PlatformVersion: 5.14.0-427.37.1.el9_4.x86_64  CompilerName: GCC  CompilerVersion: 8.4.0
7.3.2

ProgramName: mri_robust_register  ProgramArguments: mri_robust_register -all-info  ProgramVersion: 7.3.2  TimeStamp: 2026/03/09-23:34:42-GMT  BuildTime: Aug  4 2022 06:17:15  BuildStamp: freesurfer-linux-ubuntu22_x86_64-7.3.2-20220804-6354275  User: oesteban  Machine: dna056  Platform: Linux  PlatformVersion: 5.14.0-427.37.1.el9_4.x86_64  CompilerName: GCC  CompilerVersion: 8.4.0
7.3.2

ProgramName: mri_robust_template  ProgramArguments: mri_robust_template -all-info  ProgramVersion: 7.3.2  TimeStamp: 2026/03/09-23:34:42-GMT  BuildTime: Aug  4 2022 06:17:15  BuildStamp: freesurfer-linux-ubuntu22_x86_64-7.3.2-20220804-6354275  User: oesteban  Machine: dna056  Platform: Linux  PlatformVersion: 5.14.0-427.37.1.el9_4.x86_64  CompilerName: GCC  CompilerVersion: 8.4.0
ProgramName: mris_anatomical_stats  ProgramArguments: mris_anatomical_stats -all-info  ProgramVersion: 7.3.2  TimeStamp: 2026/03/09-23:34:42-GMT  BuildTime: Aug  4 2022 06:17:15  BuildStamp: freesurfer-linux-ubuntu22_x86_64-7.3.2-20220804-6354275  User: oesteban  Machine: dna056  Platform: Linux  PlatformVersion: 5.14.0-427.37.1.el9_4.x86_64  CompilerName: GCC  CompilerVersion: 8.4.0
ProgramName: mris_ca_label  ProgramArguments: mris_ca_label -all-info  ProgramVersion: 7.3.2  TimeStamp: 2026/03/09-23:34:42-GMT  BuildTime: Aug  4 2022 06:17:15  BuildStamp: freesurfer-linux-ubuntu22_x86_64-7.3.2-20220804-6354275  User: oesteban  Machine: dna056  Platform: Linux  PlatformVersion: 5.14.0-427.37.1.el9_4.x86_64  CompilerName: GCC  CompilerVersion: 8.4.0
ProgramName: mris_calc  ProgramArguments: mris_calc -all-info  ProgramVersion: 7.3.2  TimeStamp: 2026/03/09-23:34:42-GMT  BuildTime: Aug  4 2022 06:17:15  BuildStamp: freesurfer-linux-ubuntu22_x86_64-7.3.2-20220804-6354275  User: oesteban  Machine: dna056  Platform: Linux  PlatformVersion: 5.14.0-427.37.1.el9_4.x86_64  CompilerName: GCC  CompilerVersion: 8.4.0
ProgramName: mris_convert  ProgramArguments: mris_convert -all-info  ProgramVersion: 7.3.2  TimeStamp: 2026/03/09-23:34:42-GMT  BuildTime: Aug  4 2022 06:17:15  BuildStamp: freesurfer-linux-ubuntu22_x86_64-7.3.2-20220804-6354275  User: oesteban  Machine: dna056  Platform: Linux  PlatformVersion: 5.14.0-427.37.1.el9_4.x86_64  CompilerName: GCC  CompilerVersion: 8.4.0
ProgramName: mris_curvature  ProgramArguments: mris_curvature -all-info  ProgramVersion: 7.3.2  TimeStamp: 2026/03/09-23:34:42-GMT  BuildTime: Aug  4 2022 06:17:15  BuildStamp: freesurfer-linux-ubuntu22_x86_64-7.3.2-20220804-6354275  User: oesteban  Machine: dna056  Platform: Linux  PlatformVersion: 5.14.0-427.37.1.el9_4.x86_64  CompilerName: GCC  CompilerVersion: 8.4.0
ProgramName: mris_curvature_stats  ProgramArguments: mris_curvature_stats -all-info  ProgramVersion: 7.3.2  TimeStamp: 2026/03/09-23:34:42-GMT  BuildTime: Aug  4 2022 06:17:15  BuildStamp: freesurfer-linux-ubuntu22_x86_64-7.3.2-20220804-6354275  User: oesteban  Machine: dna056  Platform: Linux  PlatformVersion: 5.14.0-427.37.1.el9_4.x86_64  CompilerName: GCC  CompilerVersion: 8.4.0
ProgramName: mris_diff  ProgramArguments: mris_diff -all-info  ProgramVersion: 7.3.2  TimeStamp: 2026/03/09-23:34:42-GMT  BuildTime: Aug  4 2022 06:17:15  BuildStamp: freesurfer-linux-ubuntu22_x86_64-7.3.2-20220804-6354275  User: oesteban  Machine: dna056  Platform: Linux  PlatformVersion: 5.14.0-427.37.1.el9_4.x86_64  CompilerName: GCC  CompilerVersion: 8.4.0
ProgramName: mris_divide_parcellation  ProgramArguments: mris_divide_parcellation -all-info  ProgramVersion: 7.3.2  TimeStamp: 2026/03/09-23:34:42-GMT  BuildTime: Aug  4 2022 06:17:15  BuildStamp: freesurfer-linux-ubuntu22_x86_64-7.3.2-20220804-6354275  User: oesteban  Machine: dna056  Platform: Linux  PlatformVersion: 5.14.0-427.37.1.el9_4.x86_64  CompilerName: GCC  CompilerVersion: 8.4.0
ProgramName: mri_segment  ProgramArguments: mri_segment -all-info  ProgramVersion: 7.3.2  TimeStamp: 2026/03/09-23:34:43-GMT  BuildTime: Aug  4 2022 06:17:15  BuildStamp: freesurfer-linux-ubuntu22_x86_64-7.3.2-20220804-6354275  User: oesteban  Machine: dna056  Platform: Linux  PlatformVersion: 5.14.0-427.37.1.el9_4.x86_64  CompilerName: GCC  CompilerVersion: 8.4.0
ProgramName: mri_segstats  ProgramArguments: mri_segstats -all-info  ProgramVersion: 7.3.2  TimeStamp: 2026/03/09-23:34:43-GMT  BuildTime: Aug  4 2022 06:17:15  BuildStamp: freesurfer-linux-ubuntu22_x86_64-7.3.2-20220804-6354275  User: oesteban  Machine: dna056  Platform: Linux  PlatformVersion: 5.14.0-427.37.1.el9_4.x86_64  CompilerName: GCC  CompilerVersion: 8.4.0
ProgramName: mris_euler_number  ProgramArguments: mris_euler_number -all-info  ProgramVersion: 7.3.2  TimeStamp: 2026/03/09-23:34:43-GMT  BuildTime: Aug  4 2022 06:17:15  BuildStamp: freesurfer-linux-ubuntu22_x86_64-7.3.2-20220804-6354275  User: oesteban  Machine: dna056  Platform: Linux  PlatformVersion: 5.14.0-427.37.1.el9_4.x86_64  CompilerName: GCC  CompilerVersion: 8.4.0
ProgramName: mris_fix_topology  ProgramArguments: mris_fix_topology -all-info  ProgramVersion: 7.3.2  TimeStamp: 2026/03/09-23:34:43-GMT  BuildTime: Aug  4 2022 06:17:15  BuildStamp: freesurfer-linux-ubuntu22_x86_64-7.3.2-20220804-6354275  User: oesteban  Machine: dna056  Platform: Linux  PlatformVersion: 5.14.0-427.37.1.el9_4.x86_64  CompilerName: GCC  CompilerVersion: 8.4.0
ProgramName: mris_topo_fixer  ProgramArguments: mris_topo_fixer -all-info  ProgramVersion: 7.3.2  TimeStamp: 2026/03/09-23:34:43-GMT  BuildTime: Aug  4 2022 06:17:15  BuildStamp: freesurfer-linux-ubuntu22_x86_64-7.3.2-20220804-6354275  User: oesteban  Machine: dna056  Platform: Linux  PlatformVersion: 5.14.0-427.37.1.el9_4.x86_64  CompilerName: GCC  CompilerVersion: 8.4.0
ProgramName: mris_jacobian  ProgramArguments: mris_jacobian -all-info  ProgramVersion: 7.3.2  TimeStamp: 2026/03/09-23:34:43-GMT  BuildTime: Aug  4 2022 06:17:15  BuildStamp: freesurfer-linux-ubuntu22_x86_64-7.3.2-20220804-6354275  User: oesteban  Machine: dna056  Platform: Linux  PlatformVersion: 5.14.0-427.37.1.el9_4.x86_64  CompilerName: GCC  CompilerVersion: 8.4.0
ProgramName: mris_label2annot  ProgramArguments: mris_label2annot -all-info  ProgramVersion: 7.3.2  TimeStamp: 2026/03/09-23:34:43-GMT  BuildTime: Aug  4 2022 06:17:15  BuildStamp: freesurfer-linux-ubuntu22_x86_64-7.3.2-20220804-6354275  User: oesteban  Machine: dna056  Platform: Linux  PlatformVersion: 5.14.0-427.37.1.el9_4.x86_64  CompilerName: GCC  CompilerVersion: 8.4.0
ProgramName: mris_left_right_register  ProgramArguments: mris_left_right_register -all-info  ProgramVersion: 7.3.2  TimeStamp: 2026/03/09-23:34:43-GMT  BuildTime: Aug  4 2022 06:17:15  BuildStamp: freesurfer-linux-ubuntu22_x86_64-7.3.2-20220804-6354275  User: oesteban  Machine: dna056  Platform: Linux  PlatformVersion: 5.14.0-427.37.1.el9_4.x86_64  CompilerName: GCC  CompilerVersion: 8.4.0
ProgramName: mris_place_surface  ProgramArguments: mris_place_surface -all-info  ProgramVersion: 7.3.2  TimeStamp: 2026/03/09-23:34:43-GMT  BuildTime: Aug  4 2022 06:17:15  BuildStamp: freesurfer-linux-ubuntu22_x86_64-7.3.2-20220804-6354275  User: oesteban  Machine: dna056  Platform: Linux  PlatformVersion: 5.14.0-427.37.1.el9_4.x86_64  CompilerName: GCC  CompilerVersion: 8.4.0
ProgramName: mrisp_paint  ProgramArguments: mrisp_paint -all-info  ProgramVersion: 7.3.2  TimeStamp: 2026/03/09-23:34:43-GMT  BuildTime: Aug  4 2022 06:17:15  BuildStamp: freesurfer-linux-ubuntu22_x86_64-7.3.2-20220804-6354275  User: oesteban  Machine: dna056  Platform: Linux  PlatformVersion: 5.14.0-427.37.1.el9_4.x86_64  CompilerName: GCC  CompilerVersion: 8.4.0
ProgramName: mris_register  ProgramArguments: mris_register -all-info  ProgramVersion: 7.3.2  TimeStamp: 2026/03/09-23:34:43-GMT  BuildTime: Aug  4 2022 06:17:15  BuildStamp: freesurfer-linux-ubuntu22_x86_64-7.3.2-20220804-6354275  User: oesteban  Machine: dna056  Platform: Linux  PlatformVersion: 5.14.0-427.37.1.el9_4.x86_64  CompilerName: GCC  CompilerVersion: 8.4.0
ProgramName: mris_smooth  ProgramArguments: mris_smooth -all-info  ProgramVersion: 7.3.2  TimeStamp: 2026/03/09-23:34:43-GMT  BuildTime: Aug  4 2022 06:17:15  BuildStamp: freesurfer-linux-ubuntu22_x86_64-7.3.2-20220804-6354275  User: oesteban  Machine: dna056  Platform: Linux  PlatformVersion: 5.14.0-427.37.1.el9_4.x86_64  CompilerName: GCC  CompilerVersion: 8.4.0
ProgramName: mris_sphere  ProgramArguments: mris_sphere -all-info  ProgramVersion: 7.3.2  TimeStamp: 2026/03/09-23:34:43-GMT  BuildTime: Aug  4 2022 06:17:15  BuildStamp: freesurfer-linux-ubuntu22_x86_64-7.3.2-20220804-6354275  User: oesteban  Machine: dna056  Platform: Linux  PlatformVersion: 5.14.0-427.37.1.el9_4.x86_64  CompilerName: GCC  CompilerVersion: 8.4.0
ProgramName: mris_surface_stats  ProgramArguments: mris_surface_stats -all-info  ProgramVersion: 7.3.2  TimeStamp: 2026/03/09-23:34:43-GMT  BuildTime: Aug  4 2022 06:17:15  BuildStamp: freesurfer-linux-ubuntu22_x86_64-7.3.2-20220804-6354275  User: oesteban  Machine: dna056  Platform: Linux  PlatformVersion: 5.14.0-427.37.1.el9_4.x86_64  CompilerName: GCC  CompilerVersion: 8.4.0
ProgramName: mri_stats2seg  ProgramArguments: mri_stats2seg -all-info  ProgramVersion: 7.3.2  TimeStamp: 2026/03/09-23:34:43-GMT  BuildTime: Aug  4 2022 06:17:15  BuildStamp: freesurfer-linux-ubuntu22_x86_64-7.3.2-20220804-6354275  User: oesteban  Machine: dna056  Platform: Linux  PlatformVersion: 5.14.0-427.37.1.el9_4.x86_64  CompilerName: GCC  CompilerVersion: 8.4.0
ProgramName: mris_thickness  ProgramArguments: mris_thickness -all-info  ProgramVersion: 7.3.2  TimeStamp: 2026/03/09-23:34:43-GMT  BuildTime: Aug  4 2022 06:17:15  BuildStamp: freesurfer-linux-ubuntu22_x86_64-7.3.2-20220804-6354275  User: oesteban  Machine: dna056  Platform: Linux  PlatformVersion: 5.14.0-427.37.1.el9_4.x86_64  CompilerName: GCC  CompilerVersion: 8.4.0
ProgramName: mris_thickness_diff  ProgramArguments: mris_thickness_diff -all-info  ProgramVersion: 7.3.2  TimeStamp: 2026/03/09-23:34:43-GMT  BuildTime: Aug  4 2022 06:17:15  BuildStamp: freesurfer-linux-ubuntu22_x86_64-7.3.2-20220804-6354275  User: oesteban  Machine: dna056  Platform: Linux  PlatformVersion: 5.14.0-427.37.1.el9_4.x86_64  CompilerName: GCC  CompilerVersion: 8.4.0
ProgramName: mris_topo_fixer  ProgramArguments: mris_topo_fixer -all-info  ProgramVersion: 7.3.2  TimeStamp: 2026/03/09-23:34:43-GMT  BuildTime: Aug  4 2022 06:17:15  BuildStamp: freesurfer-linux-ubuntu22_x86_64-7.3.2-20220804-6354275  User: oesteban  Machine: dna056  Platform: Linux  PlatformVersion: 5.14.0-427.37.1.el9_4.x86_64  CompilerName: GCC  CompilerVersion: 8.4.0
ProgramName: mri_surf2surf  ProgramArguments: mri_surf2surf -all-info  ProgramVersion: 7.3.2  TimeStamp: 2026/03/09-23:34:43-GMT  BuildTime: Aug  4 2022 06:17:15  BuildStamp: freesurfer-linux-ubuntu22_x86_64-7.3.2-20220804-6354275  User: oesteban  Machine: dna056  Platform: Linux  PlatformVersion: 5.14.0-427.37.1.el9_4.x86_64  CompilerName: GCC  CompilerVersion: 8.4.0
ProgramName: mri_surf2vol  ProgramArguments: mri_surf2vol -all-info  ProgramVersion: 7.3.2  TimeStamp: 2026/03/09-23:34:43-GMT  BuildTime: Aug  4 2022 06:17:15  BuildStamp: freesurfer-linux-ubuntu22_x86_64-7.3.2-20220804-6354275  User: oesteban  Machine: dna056  Platform: Linux  PlatformVersion: 5.14.0-427.37.1.el9_4.x86_64  CompilerName: GCC  CompilerVersion: 8.4.0
ProgramName: mri_surfcluster  ProgramArguments: mri_surfcluster -all-info  ProgramVersion: 7.3.2  TimeStamp: 2026/03/09-23:34:43-GMT  BuildTime: Aug  4 2022 06:17:15  BuildStamp: freesurfer-linux-ubuntu22_x86_64-7.3.2-20220804-6354275  User: oesteban  Machine: dna056  Platform: Linux  PlatformVersion: 5.14.0-427.37.1.el9_4.x86_64  CompilerName: GCC  CompilerVersion: 8.4.0
ProgramName: mris_volmask  ProgramArguments: mris_volmask -all-info  ProgramVersion: 7.3.2  TimeStamp: 2026/03/09-23:34:43-GMT  BuildTime: Aug  4 2022 06:17:15  BuildStamp: freesurfer-linux-ubuntu22_x86_64-7.3.2-20220804-6354275  User: oesteban  Machine: dna056  Platform: Linux  PlatformVersion: 5.14.0-427.37.1.el9_4.x86_64  CompilerName: GCC  CompilerVersion: 8.4.0
ProgramName: mri_tessellate  ProgramArguments: mri_tessellate -all-info  ProgramVersion: 7.3.2  TimeStamp: 2026/03/09-23:34:43-GMT  BuildTime: Aug  4 2022 06:17:15  BuildStamp: freesurfer-linux-ubuntu22_x86_64-7.3.2-20220804-6354275  User: oesteban  Machine: dna056  Platform: Linux  PlatformVersion: 5.14.0-427.37.1.el9_4.x86_64  CompilerName: GCC  CompilerVersion: 8.4.0
ProgramName: mri_vol2surf  ProgramArguments: mri_vol2surf -all-info  ProgramVersion: 7.3.2  TimeStamp: 2026/03/09-23:34:43-GMT  BuildTime: Aug  4 2022 06:17:15  BuildStamp: freesurfer-linux-ubuntu22_x86_64-7.3.2-20220804-6354275  User: oesteban  Machine: dna056  Platform: Linux  PlatformVersion: 5.14.0-427.37.1.el9_4.x86_64  CompilerName: GCC  CompilerVersion: 8.4.0
ProgramName: mri_vol2vol  ProgramArguments: mri_vol2vol -all-info  ProgramVersion: 7.3.2  TimeStamp: 2026/03/09-23:34:43-GMT  BuildTime: Aug  4 2022 06:17:15  BuildStamp: freesurfer-linux-ubuntu22_x86_64-7.3.2-20220804-6354275  User: oesteban  Machine: dna056  Platform: Linux  PlatformVersion: 5.14.0-427.37.1.el9_4.x86_64  CompilerName: GCC  CompilerVersion: 8.4.0
ProgramName: mri_voldiff  ProgramArguments: mri_voldiff -all-info  ProgramVersion: 7.3.2  TimeStamp: 2026/03/09-23:34:43-GMT  BuildTime: Aug  4 2022 06:17:15  BuildStamp: freesurfer-linux-ubuntu22_x86_64-7.3.2-20220804-6354275  User: oesteban  Machine: dna056  Platform: Linux  PlatformVersion: 5.14.0-427.37.1.el9_4.x86_64  CompilerName: GCC  CompilerVersion: 8.4.0
ProgramName: mri_watershed  ProgramArguments: mri_watershed -all-info  ProgramVersion: 7.3.2  TimeStamp: 2026/03/09-23:34:43-GMT  BuildTime: Aug  4 2022 06:17:15  BuildStamp: freesurfer-linux-ubuntu22_x86_64-7.3.2-20220804-6354275  User: oesteban  Machine: dna056  Platform: Linux  PlatformVersion: 5.14.0-427.37.1.el9_4.x86_64  CompilerName: GCC  CompilerVersion: 8.4.0
ProgramName: tkregister2  ProgramArguments: tkregister2_cmdl -all-info  ProgramVersion: 7.3.2  TimeStamp: 2026/03/09-23:34:43-GMT  BuildTime: Aug  4 2022 06:17:15  BuildStamp: freesurfer-linux-ubuntu22_x86_64-7.3.2-20220804-6354275  User: oesteban  Machine: dna056  Platform: Linux  PlatformVersion: 5.14.0-427.37.1.el9_4.x86_64  CompilerName: GCC  CompilerVersion: 8.4.0
mri_motion_correct.fsl 7.3.2
mri_convert -all-info 
ProgramName: mri_convert  ProgramArguments: mri_convert -all-info  ProgramVersion: 7.3.2  TimeStamp: 2026/03/09-23:34:43-GMT  BuildTime: Aug  4 2022 06:17:15  BuildStamp: freesurfer-linux-ubuntu22_x86_64-7.3.2-20220804-6354275  User: oesteban  Machine: dna056  Platform: Linux  PlatformVersion: 5.14.0-427.37.1.el9_4.x86_64  CompilerName: GCC  CompilerVersion: 8.4.0
Program nu_correct, built from:
Package MNI N3, version 1.12.0, compiled by nicks@terrier (x86_64-unknown-linux-gnu) on 2015-06-19 at 01:25:34
#######################################
GCADIR /opt/freesurfer/average
GCA RB_all_2020-01-02.gca
GCASkull RB_all_withskull_2020_01_02.gca
AvgCurvTif folding.atlas.acfb40.noaparc.i12.2016-08-02.tif
GCSDIR /opt/freesurfer/average
GCS DKaparc.atlas.acfb40.noaparc.i12.2016-08-02.gcs
#######################################
#--------------------------------------------
#@# AutoDetGWStats lh Tue Mar 10 00:34:43 CET 2026
cd /out/sourcedata/freesurfer/sub-v1s2x0051477_ses-1/mri
mris_autodet_gwstats --o ../surf/autodet.gw.stats.lh.dat --i brain.finalsurfs.mgz --wm wm.mgz --surf ../surf/lh.orig.premesh
  Update not needed
#--------------------------------------------
#@# WhitePreAparc lh Tue Mar 10 00:34:43 CET 2026
cd /out/sourcedata/freesurfer/sub-v1s2x0051477_ses-1/mri
mris_place_surface --adgws-in ../surf/autodet.gw.stats.lh.dat --wm wm.mgz --threads 16 --invol brain.finalsurfs.mgz --lh --i ../surf/lh.orig --o ../surf/lh.white.preaparc --white --seg aseg.presurf.mgz --nsmooth 5
   Update not needed
#--------------------------------------------
#@# CortexLabel lh Tue Mar 10 00:34:43 CET 2026
cd /out/sourcedata/freesurfer/sub-v1s2x0051477_ses-1/mri
mri_label2label --label-cortex ../surf/lh.white.preaparc aseg.presurf.mgz 0 ../label/lh.cortex.label
   Update not needed
#--------------------------------------------
#@# CortexLabel+HipAmyg lh Tue Mar 10 00:34:43 CET 2026
cd /out/sourcedata/freesurfer/sub-v1s2x0051477_ses-1/mri
mri_label2label --label-cortex ../surf/lh.white.preaparc aseg.presurf.mgz 1 ../label/lh.cortex+hipamyg.label
   Update not needed
#@# white curv lh Tue Mar 10 00:34:43 CET 2026
cd /out/sourcedata/freesurfer/sub-v1s2x0051477_ses-1/mri
mris_place_surface --curv-map ../surf/lh.white 2 10 ../surf/lh.curv
   Update not needed
#@# white area lh Tue Mar 10 00:34:43 CET 2026
cd /out/sourcedata/freesurfer/sub-v1s2x0051477_ses-1/mri
mris_place_surface --area-map ../surf/lh.white ../surf/lh.area
   Update not needed
#@# pial curv lh Tue Mar 10 00:34:43 CET 2026
cd /out/sourcedata/freesurfer/sub-v1s2x0051477_ses-1/mri
mris_place_surface --curv-map ../surf/lh.pial 2 10 ../surf/lh.curv.pial
   Update not needed
#@# pial area lh Tue Mar 10 00:34:43 CET 2026
cd /out/sourcedata/freesurfer/sub-v1s2x0051477_ses-1/mri
mris_place_surface --area-map ../surf/lh.pial ../surf/lh.area.pial
   Update not needed
#@# thickness lh Tue Mar 10 00:34:43 CET 2026
cd /out/sourcedata/freesurfer/sub-v1s2x0051477_ses-1/mri
mris_place_surface --thickness ../surf/lh.white ../surf/lh.pial 20 5 ../surf/lh.thickness
   Update not needed
#@# area and vertex vol lh Tue Mar 10 00:34:43 CET 2026
cd /out/sourcedata/freesurfer/sub-v1s2x0051477_ses-1/mri
mris_place_surface --thickness ../surf/lh.white ../surf/lh.pial 20 5 ../surf/lh.thickness
   Update not needed
#-----------------------------------------
#@# Parcellation Stats lh Tue Mar 10 00:34:43 CET 2026
/out/sourcedata/freesurfer/sub-v1s2x0051477_ses-1/scripts

 mris_anatomical_stats -th3 -mgz -noglobal -cortex ../label/lh.cortex.label -f ../stats/lh.aparc.stats -b -a ../label/lh.aparc.annot -c ../label/aparc.annot.ctab sub-v1s2x0051477_ses-1 lh white 

computing statistics for each annotation in ../label/lh.aparc.annot.
reading volume /out/sourcedata/freesurfer/sub-v1s2x0051477_ses-1/mri/wm.mgz...
reading input surface /out/sourcedata/freesurfer/sub-v1s2x0051477_ses-1/surf/lh.white...
reading input pial surface /out/sourcedata/freesurfer/sub-v1s2x0051477_ses-1/surf/lh.pial...
reading input white surface /out/sourcedata/freesurfer/sub-v1s2x0051477_ses-1/surf/lh.white...
INFO: using TH3 volume calc
INFO: assuming MGZ format for volumes.
INFO: not computing global stats
INFO: using ../label/lh.cortex.label as mask to calc cortex NumVert, SurfArea and MeanThickness.
Using TH3 vertex volume calc
Total face volume 211665
Total vertex volume 211469 (mask=0)
Saving annotation colortable ../label/aparc.annot.ctab

table columns are:
    number of vertices
    total surface area (mm^2)
    total gray matter volume (mm^3)
    average cortical thickness +- standard deviation (mm)
    integrated rectified mean curvature
    integrated rectified Gaussian curvature
    folding index
    intrinsic curvature index
    structure name

 1525   1003   2298  2.443 0.433     0.106     0.021        9     1.3  bankssts
  891    588   1538  2.471 0.532     0.123     0.016       11     0.7  caudalanteriorcingulate
 3330   2058   5275  2.430 0.410     0.108     0.022       26     2.9  caudalmiddlefrontal
 2424   1587   2338  1.461 0.371     0.134     0.029       29     3.3  cuneus
  740    492   2124  3.085 0.690     0.100     0.018        6     0.6  entorhinal
 5427   3707   9545  2.332 0.665     0.121     0.025       58     5.8  fusiform
 6799   4081   9198  2.274 0.458     0.105     0.021       57     6.1  inferiorparietal
 4956   3359  10599  2.723 0.792     0.128     0.028       61     5.9  inferiortemporal
 1453    964   2153  2.109 0.766     0.115     0.026       19     1.3  isthmuscingulate
 8441   5178   8929  1.748 0.517     0.125     0.026       96    10.1  lateraloccipital
 4102   2724   7713  2.730 0.651     0.118     0.025       45     4.3  lateralorbitofrontal
 5268   3655   5954  1.611 0.522     0.134     0.029       59     6.7  lingual
 2613   1722   4828  2.438 0.611     0.108     0.017       26     2.0  medialorbitofrontal
 4700   3173  10076  2.754 0.548     0.121     0.024       48     4.9  middletemporal
 1086    661   1997  2.505 0.644     0.069     0.010        5     0.4  parahippocampal
 2309   1346   2814  2.008 0.469     0.097     0.018       15     1.8  paracentral
 2467   1634   4366  2.464 0.420     0.118     0.022       22     2.3  parsopercularis
 1095    740   2456  2.731 0.470     0.126     0.026       12     1.2  parsorbitalis
 2064   1376   3648  2.464 0.432     0.118     0.023       18     1.9  parstriangularis
 2484   1742   1999  1.329 0.369     0.142     0.030       31     3.4  pericalcarine
 6564   3849   8152  1.959 0.672     0.100     0.020       47     5.9  postcentral
 1756   1196   2814  2.252 0.571     0.129     0.023       21     1.9  posteriorcingulate
 7728   4690  10648  2.205 0.641     0.111     0.024       66     8.6  precentral
 5891   4038   9008  2.200 0.499     0.128     0.023       63     6.4  precuneus
 1177    775   2305  2.643 0.685     0.116     0.022       16     1.0  rostralanteriorcingulate
 8059   5431  13764  2.376 0.452     0.125     0.025       86     8.7  rostralmiddlefrontal
10277   6712  19394  2.684 0.500     0.114     0.023       84     9.7  superiorfrontal
 9769   5535  12098  2.037 0.558     0.098     0.019       77     8.3  superiorparietal
 6060   3985  11679  2.670 0.730     0.107     0.019       48     5.1  superiortemporal
 6601   4169  10621  2.434 0.478     0.108     0.021       59     6.0  supramarginal
  366    259    932  2.799 0.380     0.166     0.039        5     0.7  frontalpole
  687    520   2748  3.659 0.625     0.121     0.027       10     0.8  temporalpole
  829    507   1152  2.038 0.423     0.082     0.016        4     0.5  transversetemporal
 3476   2252   6307  2.837 0.745     0.099     0.025       26     3.0  insula

 mris_anatomical_stats -th3 -mgz -noglobal -cortex ../label/lh.cortex.label -f ../stats/lh.aparc.pial.stats -b -a ../label/lh.aparc.annot -c ../label/aparc.annot.ctab sub-v1s2x0051477_ses-1 lh pial 

computing statistics for each annotation in ../label/lh.aparc.annot.
reading volume /out/sourcedata/freesurfer/sub-v1s2x0051477_ses-1/mri/wm.mgz...
reading input surface /out/sourcedata/freesurfer/sub-v1s2x0051477_ses-1/surf/lh.pial...
reading input pial surface /out/sourcedata/freesurfer/sub-v1s2x0051477_ses-1/surf/lh.pial...
reading input white surface /out/sourcedata/freesurfer/sub-v1s2x0051477_ses-1/surf/lh.white...
INFO: using TH3 volume calc
INFO: assuming MGZ format for volumes.
INFO: not computing global stats
INFO: using ../label/lh.cortex.label as mask to calc cortex NumVert, SurfArea and MeanThickness.
Using TH3 vertex volume calc
Total face volume 211665
Total vertex volume 211469 (mask=0)
Saving annotation colortable ../label/aparc.annot.ctab

table columns are:
    number of vertices
    total surface area (mm^2)
    total gray matter volume (mm^3)
    average cortical thickness +- standard deviation (mm)
    integrated rectified mean curvature
    integrated rectified Gaussian curvature
    folding index
    intrinsic curvature index
    structure name

 1525    907   2298  2.443 0.433     0.100     0.024       26     1.5  bankssts
  891    638   1538  2.471 0.532     0.124     0.030       41     0.8  caudalanteriorcingulate
 3330   2260   5275  2.430 0.410     0.105     0.022       58     3.0  caudalmiddlefrontal
 2424   1794   2338  1.461 0.371     0.150     0.490     8585     2.9  cuneus
  740    906   2124  3.085 0.690     0.227     0.059       14     2.6  entorhinal
 5427   4429   9545  2.332 0.665     0.136     0.034      294     7.2  fusiform
 6799   4185   9198  2.274 0.458     0.101     0.024      114     6.8  inferiorparietal
 4956   4255  10599  2.723 0.792     0.139     0.036      120     7.4  inferiortemporal
 1453   1188   2153  2.109 0.766     0.157     0.042       46     2.6  isthmuscingulate
 8441   5538   8929  1.748 0.517     0.100     0.025      353     8.6  lateraloccipital
 4102   2941   7713  2.730 0.651     0.117     0.027      104     4.6  lateralorbitofrontal
 5268   4147   5954  1.611 0.522     0.127     0.034      265     6.7  lingual
 2613   2242   4828  2.438 0.611     0.131     0.024       30     2.9  medialorbitofrontal
 4700   4120  10076  2.754 0.548     0.134     0.027      865     5.3  middletemporal
 1086    938   1997  2.505 0.644     0.129     0.030        9     1.7  parahippocampal
 2309   1504   2814  2.008 0.469     0.093     0.019       18     1.9  paracentral
 2467   1920   4366  2.464 0.420     0.125     0.026       27     2.8  parsopercularis
 1095   1085   2456  2.731 0.470     0.152     0.029       25     1.4  parsorbitalis
 2064   1564   3648  2.464 0.432     0.124     0.024       33     2.2  parstriangularis
 2484   1459   1999  1.329 0.369     0.104     0.028       49     2.4  pericalcarine
 6564   4633   8152  1.959 0.672     0.103     0.020       78     5.7  postcentral
 1756   1348   2814  2.252 0.571     0.151     0.038       62     2.7  posteriorcingulate
 7728   5136  10648  2.205 0.641     0.097     0.020       90     6.1  precentral
 5891   4308   9008  2.200 0.499     0.117     0.028     1308     6.0  precuneus
 1177    963   2305  2.643 0.685     0.160     0.040       49     2.0  rostralanteriorcingulate
 8059   6130  13764  2.376 0.452     0.128     0.030      276     9.5  rostralmiddlefrontal
10277   7619  19394  2.684 0.500     0.118     0.026      227    10.0  superiorfrontal
 9769   6605  12098  2.037 0.558     0.096     0.020      143     7.5  superiorparietal
 6060   4647  11679  2.670 0.730     0.117     0.024      236     6.1  superiortemporal
 6601   4656  10621  2.434 0.478     0.104     0.022       82     6.1  supramarginal
  366    413    932  2.799 0.380     0.215     0.085       55     0.7  frontalpole
  687    962   2748  3.659 0.625     0.202     0.037      114     1.2  temporalpole
  829    663   1152  2.038 0.423     0.094     0.019        3     0.7  transversetemporal
 3476   2110   6307  2.837 0.745     0.132     0.042       81     6.3  insula
#-----------------------------------------
#@# Parcellation Stats 2 lh Tue Mar 10 00:35:04 CET 2026
/out/sourcedata/freesurfer/sub-v1s2x0051477_ses-1/scripts

 mris_anatomical_stats -th3 -mgz -noglobal -cortex ../label/lh.cortex.label -f ../stats/lh.aparc.a2009s.stats -b -a ../label/lh.aparc.a2009s.annot -c ../label/aparc.annot.a2009s.ctab sub-v1s2x0051477_ses-1 lh white 

computing statistics for each annotation in ../label/lh.aparc.a2009s.annot.
reading volume /out/sourcedata/freesurfer/sub-v1s2x0051477_ses-1/mri/wm.mgz...
reading input surface /out/sourcedata/freesurfer/sub-v1s2x0051477_ses-1/surf/lh.white...
reading input pial surface /out/sourcedata/freesurfer/sub-v1s2x0051477_ses-1/surf/lh.pial...
reading input white surface /out/sourcedata/freesurfer/sub-v1s2x0051477_ses-1/surf/lh.white...
INFO: using TH3 volume calc
INFO: assuming MGZ format for volumes.
INFO: not computing global stats
INFO: using ../label/lh.cortex.label as mask to calc cortex NumVert, SurfArea and MeanThickness.
Using TH3 vertex volume calc
Total face volume 211665
Total vertex volume 211469 (mask=0)
Saving annotation colortable ../label/aparc.annot.a2009s.ctab

table columns are:
    number of vertices
    total surface area (mm^2)
    total gray matter volume (mm^3)
    average cortical thickness +- standard deviation (mm)
    integrated rectified mean curvature
    integrated rectified Gaussian curvature
    folding index
    intrinsic curvature index
    structure name

 1334    933   2386  2.388 0.465     0.135     0.026       15     1.5  G_and_S_frontomargin
 1786   1103   1966  1.743 0.503     0.111     0.020       16     1.7  G_and_S_occipital_inf
 1700    969   1723  1.629 0.370     0.096     0.019       12     1.3  G_and_S_paracentral
 1719   1072   2963  2.453 0.487     0.112     0.025       15     1.9  G_and_S_subcentral
  804    523   1667  2.586 0.515     0.141     0.030       10     1.0  G_and_S_transv_frontopol
 2004   1378   3821  2.701 0.513     0.107     0.019       17     1.6  G_and_S_cingul-Ant
 1356    897   2147  2.524 0.418     0.102     0.016        8     1.0  G_and_S_cingul-Mid-Ant
 1448    983   2299  2.331 0.368     0.118     0.023       12     1.5  G_and_S_cingul-Mid-Post
  539    372   1186  2.805 0.501     0.140     0.027        8     0.5  G_cingul-Post-dorsal
  292    187    550  2.293 0.581     0.109     0.030        5     0.2  G_cingul-Post-ventral
 2223   1436   2153  1.443 0.403     0.136     0.029       27     3.0  G_cuneus
 1606   1043   3506  2.660 0.377     0.117     0.022       18     1.5  G_front_inf-Opercular
  493    312   1040  2.701 0.492     0.118     0.022        5     0.4  G_front_inf-Orbital
 1206    798   2403  2.525 0.417     0.131     0.028       15     1.4  G_front_inf-Triangul
 4122   2636   8122  2.505 0.460     0.122     0.025       48     4.4  G_front_middle
 7374   4727  15670  2.755 0.520     0.119     0.024       72     7.5  G_front_sup
  613    407   1275  3.043 0.648     0.100     0.026        6     0.5  G_Ins_lg_and_S_cent_ins
  582    384   1781  3.608 0.610     0.106     0.030        5     0.6  G_insular_short
 2608   1435   3525  2.074 0.436     0.109     0.022       25     2.6  G_occipital_middle
 1416    900   1662  1.714 0.549     0.134     0.031       19     2.2  G_occipital_sup
 2442   1690   4791  2.343 0.744     0.128     0.026       30     2.9  G_oc-temp_lat-fusifor
 3819   2600   4324  1.541 0.564     0.139     0.030       49     5.1  G_oc-temp_med-Lingual
 1375    849   3319  2.891 0.703     0.089     0.018       10     0.9  G_oc-temp_med-Parahip
 2569   1687   5808  2.701 0.624     0.124     0.028       38     2.8  G_orbital
 3030   1660   4441  2.267 0.451     0.105     0.022       33     2.9  G_pariet_inf-Angular
 3110   1972   5845  2.551 0.493     0.117     0.025       33     3.4  G_pariet_inf-Supramar
 4237   2141   5935  2.313 0.527     0.090     0.020       34     3.5  G_parietal_sup
 2828   1469   3636  2.131 0.696     0.100     0.022       23     2.6  G_postcentral
 3157   1634   4539  2.306 0.641     0.096     0.021       23     2.9  G_precentral
 2960   1884   5286  2.318 0.494     0.120     0.021       35     2.7  G_precuneus
 1090    718   2518  2.719 0.463     0.126     0.024       17     1.3  G_rectus
  715    437   1070  2.243 0.835     0.089     0.035        7     0.8  G_subcallosal
  640    390    958  2.080 0.391     0.087     0.017        4     0.5  G_temp_sup-G_T_transv
 2160   1441   5584  2.942 0.692     0.134     0.027       27     2.6  G_temp_sup-Lateral
  714    482   1999  3.693 0.574     0.079     0.013        3     0.4  G_temp_sup-Plan_polar
 1160    732   1911  2.425 0.451     0.089     0.019        7     0.9  G_temp_sup-Plan_tempo
 2851   1906   6512  2.593 0.778     0.133     0.034       47     3.9  G_temporal_inf
 2867   1915   6506  2.759 0.563     0.129     0.028       33     3.5  G_temporal_middle
  282    191    472  2.447 0.375     0.112     0.014        2     0.2  Lat_Fis-ant-Horizont
  357    236    441  2.141 0.343     0.085     0.014        2     0.2  Lat_Fis-ant-Vertical
 1287    836   1542  2.292 0.369     0.105     0.018        8     1.0  Lat_Fis-post
 1944   1221   2000  1.632 0.629     0.127     0.035       22     3.0  Pole_occipital
 1593   1223   6236  3.508 0.724     0.132     0.028       22     1.9  Pole_temporal
 3180   2364   3215  1.604 0.554     0.147     0.033       38     5.1  S_calcarine
 2925   2022   2661  1.523 0.487     0.122     0.028       27     4.1  S_central
 1142    747   1328  2.094 0.412     0.105     0.015        8     0.8  S_cingul-Marginalis
  448    302    749  2.998 0.389     0.092     0.015        2     0.3  S_circular_insula_ant
 1382    880   1940  2.643 0.644     0.079     0.011        5     0.6  S_circular_insula_inf
 1711   1101   2322  2.559 0.505     0.096     0.017        7     1.2  S_circular_insula_sup
  841    577   1327  2.584 0.390     0.111     0.019        7     0.6  S_collat_transv_ant
  746    501    572  1.468 0.343     0.159     0.039       10     1.2  S_collat_transv_post
 2220   1509   3035  2.209 0.390     0.115     0.021       16     2.1  S_front_inf
 1705   1129   2574  2.346 0.426     0.119     0.025       14     1.9  S_front_middle
 2642   1761   3770  2.374 0.367     0.109     0.021       17     2.4  S_front_sup
  325    208    373  2.152 0.460     0.115     0.018        3     0.3  S_interm_prim-Jensen
 3663   2319   4265  2.013 0.408     0.103     0.019       25     2.9  S_intrapariet_and_P_trans
 1541    988   1507  1.836 0.407     0.126     0.022       17     1.5  S_oc_middle_and_Lunatus
 1259    806   1303  1.743 0.436     0.111     0.020       10     1.1  S_oc_sup_and_transversal
  865    520    839  1.875 0.523     0.108     0.017        8     0.7  S_occipital_ant
 1005    673   1432  2.413 0.411     0.123     0.029       10     1.2  S_oc-temp_lat
 2335   1514   2664  1.994 0.416     0.103     0.020       15     1.9  S_oc-temp_med_and_Lingual
  412    295    508  2.192 0.395     0.141     0.032        4     0.6  S_orbital_lateral
  772    506    896  2.212 0.409     0.107     0.013        5     0.4  S_orbital_med-olfact
 1490   1027   2751  2.917 0.610     0.121     0.027       13     1.8  S_orbital-H_Shaped
 2366   1644   2764  1.841 0.519     0.133     0.023       24     2.6  S_parieto_occipital
 1244    780    953  1.571 0.512     0.128     0.024       19     1.0  S_pericallosal
 2845   1829   3530  2.097 0.552     0.098     0.015       19     2.0  S_postcentral
 1717   1115   2383  2.442 0.396     0.096     0.017       10     1.1  S_precentral-inf-part
  986    647   1311  2.334 0.329     0.119     0.021        7     1.0  S_precentral-sup-part
  688    445    759  2.027 0.605     0.102     0.012        4     0.4  S_suborbital
  950    656   1326  2.369 0.447     0.125     0.023        8     0.9  S_subparietal
 1445    984   2206  2.708 0.583     0.114     0.019        9     1.4  S_temporal_inf
 5663   3737   8291  2.447 0.501     0.100     0.018       35     4.1  S_temporal_sup
  489    312    399  1.565 0.250     0.112     0.014        5     0.3  S_temporal_transverse
#-----------------------------------------
#@# Parcellation Stats 3 lh Tue Mar 10 00:35:14 CET 2026
/out/sourcedata/freesurfer/sub-v1s2x0051477_ses-1/scripts

 mris_anatomical_stats -th3 -mgz -noglobal -cortex ../label/lh.cortex.label -f ../stats/lh.aparc.DKTatlas.stats -b -a ../label/lh.aparc.DKTatlas.annot -c ../label/aparc.annot.DKTatlas.ctab sub-v1s2x0051477_ses-1 lh white 

computing statistics for each annotation in ../label/lh.aparc.DKTatlas.annot.
reading volume /out/sourcedata/freesurfer/sub-v1s2x0051477_ses-1/mri/wm.mgz...
reading input surface /out/sourcedata/freesurfer/sub-v1s2x0051477_ses-1/surf/lh.white...
reading input pial surface /out/sourcedata/freesurfer/sub-v1s2x0051477_ses-1/surf/lh.pial...
reading input white surface /out/sourcedata/freesurfer/sub-v1s2x0051477_ses-1/surf/lh.white...
INFO: using TH3 volume calc
INFO: assuming MGZ format for volumes.
INFO: not computing global stats
INFO: using ../label/lh.cortex.label as mask to calc cortex NumVert, SurfArea and MeanThickness.
Using TH3 vertex volume calc
Total face volume 211665
Total vertex volume 211469 (mask=0)
Saving annotation colortable ../label/aparc.annot.DKTatlas.ctab

table columns are:
    number of vertices
    total surface area (mm^2)
    total gray matter volume (mm^3)
    average cortical thickness +- standard deviation (mm)
    integrated rectified mean curvature
    integrated rectified Gaussian curvature
    folding index
    intrinsic curvature index
    structure name

 1562   1013   2631  2.521 0.509     0.116     0.019       16     1.2  caudalanteriorcingulate
 3526   2169   5536  2.427 0.423     0.107     0.021       27     3.0  caudalmiddlefrontal
 3313   2187   3248  1.486 0.407     0.130     0.026       38     4.0  cuneus
  638    422   1890  3.137 0.698     0.097     0.018        5     0.4  entorhinal
 5133   3470   8420  2.259 0.648     0.123     0.026       56     5.6  fusiform
 6903   4131   9265  2.251 0.439     0.106     0.021       59     6.3  inferiorparietal
 4945   3422  11111  2.694 0.798     0.129     0.029       65     6.1  inferiortemporal
 1455    961   2146  2.125 0.763     0.114     0.026       19     1.3  isthmuscingulate
 8318   5086   9008  1.763 0.518     0.123     0.026       94     9.7  lateraloccipital
 4568   3054   8777  2.727 0.669     0.122     0.028       53     5.3  lateralorbitofrontal
 5379   3736   6068  1.607 0.536     0.137     0.030       62     7.3  lingual
 2373   1559   4287  2.407 0.636     0.108     0.022       26     2.2  medialorbitofrontal
 6404   4271  12798  2.719 0.577     0.118     0.024       59     6.6  middletemporal
 1149    702   2104  2.499 0.657     0.069     0.010        5     0.4  parahippocampal
 2664   1572   3302  2.055 0.483     0.098     0.018       17     2.0  paracentral
 2350   1540   4133  2.481 0.402     0.117     0.022       21     2.2  parsopercularis
 1065    695   2113  2.676 0.471     0.112     0.019        9     0.9  parsorbitalis
 2436   1639   4125  2.396 0.442     0.122     0.024       23     2.4  parstriangularis
 2498   1754   2019  1.332 0.373     0.144     0.032       32     3.9  pericalcarine
 7424   4365   9354  1.990 0.676     0.101     0.021       54     6.6  postcentral
 1845   1263   2921  2.254 0.556     0.128     0.024       22     1.9  posteriorcingulate
 7654   4664  10560  2.213 0.641     0.111     0.024       66     8.6  precentral
 5849   3966   9042  2.223 0.493     0.127     0.022       62     5.8  precuneus
 1583   1048   2880  2.597 0.673     0.115     0.021       19     1.3  rostralanteriorcingulate
 5975   4056  10924  2.434 0.451     0.127     0.026       68     6.5  rostralmiddlefrontal
11200   7341  21189  2.633 0.517     0.116     0.023       96    11.1  superiorfrontal
 8068   4511  10117  2.083 0.535     0.093     0.019       59     6.5  superiorparietal
 7801   5165  15868  2.726 0.758     0.106     0.020       62     6.6  superiortemporal
 5943   3767   9481  2.443 0.466     0.110     0.022       54     5.5  supramarginal
  802    489   1122  2.045 0.422     0.081     0.015        4     0.5  transversetemporal
 2591   1689   5029  2.971 0.672     0.094     0.019       16     1.8  insula
/out/sourcedata/freesurfer/sub-v1s2x0051477_ses-1/label
#--------------------------------------------
#@# BA_exvivo Labels lh Tue Mar 10 00:35:25 CET 2026

 mri_label2label --srcsubject fsaverage --srclabel /out/sourcedata/freesurfer/fsaverage/label/lh.BA1_exvivo.label --trgsubject sub-v1s2x0051477_ses-1 --trglabel ./lh.BA1_exvivo.label --hemi lh --regmethod surface 


srclabel = /out/sourcedata/freesurfer/fsaverage/label/lh.BA1_exvivo.label
srcsubject = fsaverage
trgsubject = sub-v1s2x0051477_ses-1
trglabel = ./lh.BA1_exvivo.label
regmethod = surface

srchemi = lh
trghemi = lh
trgsurface = white
srcsurfreg = sphere.reg
trgsurfreg = sphere.reg
usehash = 1
Use ProjAbs  = 0, 0
Use ProjFrac = 0, 0
DoPaint 0

SUBJECTS_DIR    /out/sourcedata/freesurfer
FREESURFER_HOME /opt/freesurfer
Loading source label.
Found 4129 points in source label.
Starting surface-based mapping
Reading source registration 
 /out/sourcedata/freesurfer/fsaverage/surf/lh.sphere.reg
Rescaling ...  original radius = 100
Reading target surface 
 /out/sourcedata/freesurfer/sub-v1s2x0051477_ses-1/surf/lh.white
Reading target registration 
 /out/sourcedata/freesurfer/sub-v1s2x0051477_ses-1/surf/lh.sphere.reg
Rescaling ...  original radius = 99.9999
Building target registration hash (res=16).
Building source registration hash (res=16).
INFO: found  4129 nlabel points
Performing mapping from target back to the source label 141226
Number of reverse mapping hits = 235
Checking for and removing duplicates
Writing label file ./lh.BA1_exvivo.label 4364
mri_label2label: Done


 mri_label2label --srcsubject fsaverage --srclabel /out/sourcedata/freesurfer/fsaverage/label/lh.BA2_exvivo.label --trgsubject sub-v1s2x0051477_ses-1 --trglabel ./lh.BA2_exvivo.label --hemi lh --regmethod surface 


srclabel = /out/sourcedata/freesurfer/fsaverage/label/lh.BA2_exvivo.label
srcsubject = fsaverage
trgsubject = sub-v1s2x0051477_ses-1
trglabel = ./lh.BA2_exvivo.label
regmethod = surface

srchemi = lh
trghemi = lh
trgsurface = white
srcsurfreg = sphere.reg
trgsurfreg = sphere.reg
usehash = 1
Use ProjAbs  = 0, 0
Use ProjFrac = 0, 0
DoPaint 0

SUBJECTS_DIR    /out/sourcedata/freesurfer
FREESURFER_HOME /opt/freesurfer
Loading source label.
Found 7909 points in source label.
Starting surface-based mapping
Reading source registration 
 /out/sourcedata/freesurfer/fsaverage/surf/lh.sphere.reg
Rescaling ...  original radius = 100
Reading target surface 
 /out/sourcedata/freesurfer/sub-v1s2x0051477_ses-1/surf/lh.white
Reading target registration 
 /out/sourcedata/freesurfer/sub-v1s2x0051477_ses-1/surf/lh.sphere.reg
Rescaling ...  original radius = 99.9999
Building target registration hash (res=16).
Building source registration hash (res=16).
INFO: found  7909 nlabel points
Performing mapping from target back to the source label 141226
Number of reverse mapping hits = 359
Checking for and removing duplicates
Writing label file ./lh.BA2_exvivo.label 8268
mri_label2label: Done


 mri_label2label --srcsubject fsaverage --srclabel /out/sourcedata/freesurfer/fsaverage/label/lh.BA3a_exvivo.label --trgsubject sub-v1s2x0051477_ses-1 --trglabel ./lh.BA3a_exvivo.label --hemi lh --regmethod surface 


srclabel = /out/sourcedata/freesurfer/fsaverage/label/lh.BA3a_exvivo.label
srcsubject = fsaverage
trgsubject = sub-v1s2x0051477_ses-1
trglabel = ./lh.BA3a_exvivo.label
regmethod = surface

srchemi = lh
trghemi = lh
trgsurface = white
srcsurfreg = sphere.reg
trgsurfreg = sphere.reg
usehash = 1
Use ProjAbs  = 0, 0
Use ProjFrac = 0, 0
DoPaint 0

SUBJECTS_DIR    /out/sourcedata/freesurfer
FREESURFER_HOME /opt/freesurfer
Loading source label.
Found 4077 points in source label.
Starting surface-based mapping
Reading source registration 
 /out/sourcedata/freesurfer/fsaverage/surf/lh.sphere.reg
Rescaling ...  original radius = 100
Reading target surface 
 /out/sourcedata/freesurfer/sub-v1s2x0051477_ses-1/surf/lh.white
Reading target registration 
 /out/sourcedata/freesurfer/sub-v1s2x0051477_ses-1/surf/lh.sphere.reg
Rescaling ...  original radius = 99.9999
Building target registration hash (res=16).
Building source registration hash (res=16).
INFO: found  4077 nlabel points
Performing mapping from target back to the source label 141226
Number of reverse mapping hits = 69
Checking for and removing duplicates
Writing label file ./lh.BA3a_exvivo.label 4146
mri_label2label: Done


 mri_label2label --srcsubject fsaverage --srclabel /out/sourcedata/freesurfer/fsaverage/label/lh.BA3b_exvivo.label --trgsubject sub-v1s2x0051477_ses-1 --trglabel ./lh.BA3b_exvivo.label --hemi lh --regmethod surface 


srclabel = /out/sourcedata/freesurfer/fsaverage/label/lh.BA3b_exvivo.label
srcsubject = fsaverage
trgsubject = sub-v1s2x0051477_ses-1
trglabel = ./lh.BA3b_exvivo.label
regmethod = surface

srchemi = lh
trghemi = lh
trgsurface = white
srcsurfreg = sphere.reg
trgsurfreg = sphere.reg
usehash = 1
Use ProjAbs  = 0, 0
Use ProjFrac = 0, 0
DoPaint 0

SUBJECTS_DIR    /out/sourcedata/freesurfer
FREESURFER_HOME /opt/freesurfer
Loading source label.
Found 5983 points in source label.
Starting surface-based mapping
Reading source registration 
 /out/sourcedata/freesurfer/fsaverage/surf/lh.sphere.reg
Rescaling ...  original radius = 100
Reading target surface 
 /out/sourcedata/freesurfer/sub-v1s2x0051477_ses-1/surf/lh.white
Reading target registration 
 /out/sourcedata/freesurfer/sub-v1s2x0051477_ses-1/surf/lh.sphere.reg
Rescaling ...  original radius = 99.9999
Building target registration hash (res=16).
Building source registration hash (res=16).
INFO: found  5983 nlabel points
Performing mapping from target back to the source label 141226
Number of reverse mapping hits = 221
Checking for and removing duplicates
Writing label file ./lh.BA3b_exvivo.label 6204
mri_label2label: Done


 mri_label2label --srcsubject fsaverage --srclabel /out/sourcedata/freesurfer/fsaverage/label/lh.BA4a_exvivo.label --trgsubject sub-v1s2x0051477_ses-1 --trglabel ./lh.BA4a_exvivo.label --hemi lh --regmethod surface 


srclabel = /out/sourcedata/freesurfer/fsaverage/label/lh.BA4a_exvivo.label
srcsubject = fsaverage
trgsubject = sub-v1s2x0051477_ses-1
trglabel = ./lh.BA4a_exvivo.label
regmethod = surface

srchemi = lh
trghemi = lh
trgsurface = white
srcsurfreg = sphere.reg
trgsurfreg = sphere.reg
usehash = 1
Use ProjAbs  = 0, 0
Use ProjFrac = 0, 0
DoPaint 0

SUBJECTS_DIR    /out/sourcedata/freesurfer
FREESURFER_HOME /opt/freesurfer
Loading source label.
Found 5784 points in source label.
Starting surface-based mapping
Reading source registration 
 /out/sourcedata/freesurfer/fsaverage/surf/lh.sphere.reg
Rescaling ...  original radius = 100
Reading target surface 
 /out/sourcedata/freesurfer/sub-v1s2x0051477_ses-1/surf/lh.white
Reading target registration 
 /out/sourcedata/freesurfer/sub-v1s2x0051477_ses-1/surf/lh.sphere.reg
Rescaling ...  original radius = 99.9999
Building target registration hash (res=16).
Building source registration hash (res=16).
INFO: found  5784 nlabel points
Performing mapping from target back to the source label 141226
Number of reverse mapping hits = 190
Checking for and removing duplicates
Writing label file ./lh.BA4a_exvivo.label 5974
mri_label2label: Done


 mri_label2label --srcsubject fsaverage --srclabel /out/sourcedata/freesurfer/fsaverage/label/lh.BA4p_exvivo.label --trgsubject sub-v1s2x0051477_ses-1 --trglabel ./lh.BA4p_exvivo.label --hemi lh --regmethod surface 


srclabel = /out/sourcedata/freesurfer/fsaverage/label/lh.BA4p_exvivo.label
srcsubject = fsaverage
trgsubject = sub-v1s2x0051477_ses-1
trglabel = ./lh.BA4p_exvivo.label
regmethod = surface

srchemi = lh
trghemi = lh
trgsurface = white
srcsurfreg = sphere.reg
trgsurfreg = sphere.reg
usehash = 1
Use ProjAbs  = 0, 0
Use ProjFrac = 0, 0
DoPaint 0

SUBJECTS_DIR    /out/sourcedata/freesurfer
FREESURFER_HOME /opt/freesurfer
Loading source label.
Found 4070 points in source label.
Starting surface-based mapping
Reading source registration 
 /out/sourcedata/freesurfer/fsaverage/surf/lh.sphere.reg
Rescaling ...  original radius = 100
Reading target surface 
 /out/sourcedata/freesurfer/sub-v1s2x0051477_ses-1/surf/lh.white
Reading target registration 
 /out/sourcedata/freesurfer/sub-v1s2x0051477_ses-1/surf/lh.sphere.reg
Rescaling ...  original radius = 99.9999
Building target registration hash (res=16).
Building source registration hash (res=16).
INFO: found  4070 nlabel points
Performing mapping from target back to the source label 141226
Number of reverse mapping hits = 147
Checking for and removing duplicates
Writing label file ./lh.BA4p_exvivo.label 4217
mri_label2label: Done


 mri_label2label --srcsubject fsaverage --srclabel /out/sourcedata/freesurfer/fsaverage/label/lh.BA6_exvivo.label --trgsubject sub-v1s2x0051477_ses-1 --trglabel ./lh.BA6_exvivo.label --hemi lh --regmethod surface 


srclabel = /out/sourcedata/freesurfer/fsaverage/label/lh.BA6_exvivo.label
srcsubject = fsaverage
trgsubject = sub-v1s2x0051477_ses-1
trglabel = ./lh.BA6_exvivo.label
regmethod = surface

srchemi = lh
trghemi = lh
trgsurface = white
srcsurfreg = sphere.reg
trgsurfreg = sphere.reg
usehash = 1
Use ProjAbs  = 0, 0
Use ProjFrac = 0, 0
DoPaint 0

SUBJECTS_DIR    /out/sourcedata/freesurfer
FREESURFER_HOME /opt/freesurfer
Loading source label.
Found 13589 points in source label.
Starting surface-based mapping
Reading source registration 
 /out/sourcedata/freesurfer/fsaverage/surf/lh.sphere.reg
Rescaling ...  original radius = 100
Reading target surface 
 /out/sourcedata/freesurfer/sub-v1s2x0051477_ses-1/surf/lh.white
Reading target registration 
 /out/sourcedata/freesurfer/sub-v1s2x0051477_ses-1/surf/lh.sphere.reg
Rescaling ...  original radius = 99.9999
Building target registration hash (res=16).
Building source registration hash (res=16).
INFO: found  13589 nlabel points
Performing mapping from target back to the source label 141226
Number of reverse mapping hits = 727
Checking for and removing duplicates
Writing label file ./lh.BA6_exvivo.label 14316
mri_label2label: Done


 mri_label2label --srcsubject fsaverage --srclabel /out/sourcedata/freesurfer/fsaverage/label/lh.BA44_exvivo.label --trgsubject sub-v1s2x0051477_ses-1 --trglabel ./lh.BA44_exvivo.label --hemi lh --regmethod surface 


srclabel = /out/sourcedata/freesurfer/fsaverage/label/lh.BA44_exvivo.label
srcsubject = fsaverage
trgsubject = sub-v1s2x0051477_ses-1
trglabel = ./lh.BA44_exvivo.label
regmethod = surface

srchemi = lh
trghemi = lh
trgsurface = white
srcsurfreg = sphere.reg
trgsurfreg = sphere.reg
usehash = 1
Use ProjAbs  = 0, 0
Use ProjFrac = 0, 0
DoPaint 0

SUBJECTS_DIR    /out/sourcedata/freesurfer
FREESURFER_HOME /opt/freesurfer
Loading source label.
Found 4181 points in source label.
Starting surface-based mapping
Reading source registration 
 /out/sourcedata/freesurfer/fsaverage/surf/lh.sphere.reg
Rescaling ...  original radius = 100
Reading target surface 
 /out/sourcedata/freesurfer/sub-v1s2x0051477_ses-1/surf/lh.white
Reading target registration 
 /out/sourcedata/freesurfer/sub-v1s2x0051477_ses-1/surf/lh.sphere.reg
Rescaling ...  original radius = 99.9999
Building target registration hash (res=16).
Building source registration hash (res=16).
INFO: found  4181 nlabel points
Performing mapping from target back to the source label 141226
Number of reverse mapping hits = 297
Checking for and removing duplicates
Writing label file ./lh.BA44_exvivo.label 4478
mri_label2label: Done


 mri_label2label --srcsubject fsaverage --srclabel /out/sourcedata/freesurfer/fsaverage/label/lh.BA45_exvivo.label --trgsubject sub-v1s2x0051477_ses-1 --trglabel ./lh.BA45_exvivo.label --hemi lh --regmethod surface 


srclabel = /out/sourcedata/freesurfer/fsaverage/label/lh.BA45_exvivo.label
srcsubject = fsaverage
trgsubject = sub-v1s2x0051477_ses-1
trglabel = ./lh.BA45_exvivo.label
regmethod = surface

srchemi = lh
trghemi = lh
trgsurface = white
srcsurfreg = sphere.reg
trgsurfreg = sphere.reg
usehash = 1
Use ProjAbs  = 0, 0
Use ProjFrac = 0, 0
DoPaint 0

SUBJECTS_DIR    /out/sourcedata/freesurfer
FREESURFER_HOME /opt/freesurfer
Loading source label.
Found 3422 points in source label.
Starting surface-based mapping
Reading source registration 
 /out/sourcedata/freesurfer/fsaverage/surf/lh.sphere.reg
Rescaling ...  original radius = 100
Reading target surface 
 /out/sourcedata/freesurfer/sub-v1s2x0051477_ses-1/surf/lh.white
Reading target registration 
 /out/sourcedata/freesurfer/sub-v1s2x0051477_ses-1/surf/lh.sphere.reg
Rescaling ...  original radius = 99.9999
Building target registration hash (res=16).
Building source registration hash (res=16).
INFO: found  3422 nlabel points
Performing mapping from target back to the source label 141226
Number of reverse mapping hits = 595
Checking for and removing duplicates
Writing label file ./lh.BA45_exvivo.label 4017
mri_label2label: Done


 mri_label2label --srcsubject fsaverage --srclabel /out/sourcedata/freesurfer/fsaverage/label/lh.V1_exvivo.label --trgsubject sub-v1s2x0051477_ses-1 --trglabel ./lh.V1_exvivo.label --hemi lh --regmethod surface 


srclabel = /out/sourcedata/freesurfer/fsaverage/label/lh.V1_exvivo.label
srcsubject = fsaverage
trgsubject = sub-v1s2x0051477_ses-1
trglabel = ./lh.V1_exvivo.label
regmethod = surface

srchemi = lh
trghemi = lh
trgsurface = white
srcsurfreg = sphere.reg
trgsurfreg = sphere.reg
usehash = 1
Use ProjAbs  = 0, 0
Use ProjFrac = 0, 0
DoPaint 0

SUBJECTS_DIR    /out/sourcedata/freesurfer
FREESURFER_HOME /opt/freesurfer
Loading source label.
Found 4641 points in source label.
Starting surface-based mapping
Reading source registration 
 /out/sourcedata/freesurfer/fsaverage/surf/lh.sphere.reg
Rescaling ...  original radius = 100
Reading target surface 
 /out/sourcedata/freesurfer/sub-v1s2x0051477_ses-1/surf/lh.white
Reading target registration 
 /out/sourcedata/freesurfer/sub-v1s2x0051477_ses-1/surf/lh.sphere.reg
Rescaling ...  original radius = 99.9999
Building target registration hash (res=16).
Building source registration hash (res=16).
INFO: found  4641 nlabel points
Performing mapping from target back to the source label 141226
Number of reverse mapping hits = 1571
Checking for and removing duplicates
Writing label file ./lh.V1_exvivo.label 6212
mri_label2label: Done


 mri_label2label --srcsubject fsaverage --srclabel /out/sourcedata/freesurfer/fsaverage/label/lh.V2_exvivo.label --trgsubject sub-v1s2x0051477_ses-1 --trglabel ./lh.V2_exvivo.label --hemi lh --regmethod surface 


srclabel = /out/sourcedata/freesurfer/fsaverage/label/lh.V2_exvivo.label
srcsubject = fsaverage
trgsubject = sub-v1s2x0051477_ses-1
trglabel = ./lh.V2_exvivo.label
regmethod = surface

srchemi = lh
trghemi = lh
trgsurface = white
srcsurfreg = sphere.reg
trgsurfreg = sphere.reg
usehash = 1
Use ProjAbs  = 0, 0
Use ProjFrac = 0, 0
DoPaint 0

SUBJECTS_DIR    /out/sourcedata/freesurfer
FREESURFER_HOME /opt/freesurfer
Loading source label.
Found 8114 points in source label.
Starting surface-based mapping
Reading source registration 
 /out/sourcedata/freesurfer/fsaverage/surf/lh.sphere.reg
Rescaling ...  original radius = 100
Reading target surface 
 /out/sourcedata/freesurfer/sub-v1s2x0051477_ses-1/surf/lh.white
Reading target registration 
 /out/sourcedata/freesurfer/sub-v1s2x0051477_ses-1/surf/lh.sphere.reg
Rescaling ...  original radius = 99.9999
Building target registration hash (res=16).
Building source registration hash (res=16).
INFO: found  8114 nlabel points
Performing mapping from target back to the source label 141226
Number of reverse mapping hits = 3083
Checking for and removing duplicates
Writing label file ./lh.V2_exvivo.label 11197
mri_label2label: Done


 mri_label2label --srcsubject fsaverage --srclabel /out/sourcedata/freesurfer/fsaverage/label/lh.MT_exvivo.label --trgsubject sub-v1s2x0051477_ses-1 --trglabel ./lh.MT_exvivo.label --hemi lh --regmethod surface 


srclabel = /out/sourcedata/freesurfer/fsaverage/label/lh.MT_exvivo.label
srcsubject = fsaverage
trgsubject = sub-v1s2x0051477_ses-1
trglabel = ./lh.MT_exvivo.label
regmethod = surface

srchemi = lh
trghemi = lh
trgsurface = white
srcsurfreg = sphere.reg
trgsurfreg = sphere.reg
usehash = 1
Use ProjAbs  = 0, 0
Use ProjFrac = 0, 0
DoPaint 0

SUBJECTS_DIR    /out/sourcedata/freesurfer
FREESURFER_HOME /opt/freesurfer
Loading source label.
Found 2018 points in source label.
Starting surface-based mapping
Reading source registration 
 /out/sourcedata/freesurfer/fsaverage/surf/lh.sphere.reg
Rescaling ...  original radius = 100
Reading target surface 
 /out/sourcedata/freesurfer/sub-v1s2x0051477_ses-1/surf/lh.white
Reading target registration 
 /out/sourcedata/freesurfer/sub-v1s2x0051477_ses-1/surf/lh.sphere.reg
Rescaling ...  original radius = 99.9999
Building target registration hash (res=16).
Building source registration hash (res=16).
INFO: found  2018 nlabel points
Performing mapping from target back to the source label 141226
Number of reverse mapping hits = 466
Checking for and removing duplicates
Writing label file ./lh.MT_exvivo.label 2484
mri_label2label: Done


 mri_label2label --srcsubject fsaverage --srclabel /out/sourcedata/freesurfer/fsaverage/label/lh.entorhinal_exvivo.label --trgsubject sub-v1s2x0051477_ses-1 --trglabel ./lh.entorhinal_exvivo.label --hemi lh --regmethod surface 


srclabel = /out/sourcedata/freesurfer/fsaverage/label/lh.entorhinal_exvivo.label
srcsubject = fsaverage
trgsubject = sub-v1s2x0051477_ses-1
trglabel = ./lh.entorhinal_exvivo.label
regmethod = surface

srchemi = lh
trghemi = lh
trgsurface = white
srcsurfreg = sphere.reg
trgsurfreg = sphere.reg
usehash = 1
Use ProjAbs  = 0, 0
Use ProjFrac = 0, 0
DoPaint 0

SUBJECTS_DIR    /out/sourcedata/freesurfer
FREESURFER_HOME /opt/freesurfer
Loading source label.
Found 1290 points in source label.
Starting surface-based mapping
Reading source registration 
 /out/sourcedata/freesurfer/fsaverage/surf/lh.sphere.reg
Rescaling ...  original radius = 100
Reading target surface 
 /out/sourcedata/freesurfer/sub-v1s2x0051477_ses-1/surf/lh.white
Reading target registration 
 /out/sourcedata/freesurfer/sub-v1s2x0051477_ses-1/surf/lh.sphere.reg
Rescaling ...  original radius = 99.9999
Building target registration hash (res=16).
Building source registration hash (res=16).
INFO: found  1290 nlabel points
Performing mapping from target back to the source label 141226
Number of reverse mapping hits = 63
Checking for and removing duplicates
Writing label file ./lh.entorhinal_exvivo.label 1353
mri_label2label: Done


 mri_label2label --srcsubject fsaverage --srclabel /out/sourcedata/freesurfer/fsaverage/label/lh.perirhinal_exvivo.label --trgsubject sub-v1s2x0051477_ses-1 --trglabel ./lh.perirhinal_exvivo.label --hemi lh --regmethod surface 


srclabel = /out/sourcedata/freesurfer/fsaverage/label/lh.perirhinal_exvivo.label
srcsubject = fsaverage
trgsubject = sub-v1s2x0051477_ses-1
trglabel = ./lh.perirhinal_exvivo.label
regmethod = surface

srchemi = lh
trghemi = lh
trgsurface = white
srcsurfreg = sphere.reg
trgsurfreg = sphere.reg
usehash = 1
Use ProjAbs  = 0, 0
Use ProjFrac = 0, 0
DoPaint 0

SUBJECTS_DIR    /out/sourcedata/freesurfer
FREESURFER_HOME /opt/freesurfer
Loading source label.
Found 1199 points in source label.
Starting surface-based mapping
Reading source registration 
 /out/sourcedata/freesurfer/fsaverage/surf/lh.sphere.reg
Rescaling ...  original radius = 100
Reading target surface 
 /out/sourcedata/freesurfer/sub-v1s2x0051477_ses-1/surf/lh.white
Reading target registration 
 /out/sourcedata/freesurfer/sub-v1s2x0051477_ses-1/surf/lh.sphere.reg
Rescaling ...  original radius = 99.9999
Building target registration hash (res=16).
Building source registration hash (res=16).
INFO: found  1199 nlabel points
Performing mapping from target back to the source label 141226
Number of reverse mapping hits = 53
Checking for and removing duplicates
Writing label file ./lh.perirhinal_exvivo.label 1252
mri_label2label: Done


 mri_label2label --srcsubject fsaverage --srclabel /out/sourcedata/freesurfer/fsaverage/label/lh.FG1.mpm.vpnl.label --trgsubject sub-v1s2x0051477_ses-1 --trglabel ./lh.FG1.mpm.vpnl.label --hemi lh --regmethod surface 


srclabel = /out/sourcedata/freesurfer/fsaverage/label/lh.FG1.mpm.vpnl.label
srcsubject = fsaverage
trgsubject = sub-v1s2x0051477_ses-1
trglabel = ./lh.FG1.mpm.vpnl.label
regmethod = surface

srchemi = lh
trghemi = lh
trgsurface = white
srcsurfreg = sphere.reg
trgsurfreg = sphere.reg
usehash = 1
Use ProjAbs  = 0, 0
Use ProjFrac = 0, 0
DoPaint 0

SUBJECTS_DIR    /out/sourcedata/freesurfer
FREESURFER_HOME /opt/freesurfer
Loading source label.
Found 414 points in source label.
Starting surface-based mapping
Reading source registration 
 /out/sourcedata/freesurfer/fsaverage/surf/lh.sphere.reg
Rescaling ...  original radius = 100
Reading target surface 
 /out/sourcedata/freesurfer/sub-v1s2x0051477_ses-1/surf/lh.white
Reading target registration 
 /out/sourcedata/freesurfer/sub-v1s2x0051477_ses-1/surf/lh.sphere.reg
Rescaling ...  original radius = 99.9999
Building target registration hash (res=16).
Building source registration hash (res=16).
INFO: found  414 nlabel points
Performing mapping from target back to the source label 141226
Number of reverse mapping hits = 235
Checking for and removing duplicates
Writing label file ./lh.FG1.mpm.vpnl.label 649
mri_label2label: Done


 mri_label2label --srcsubject fsaverage --srclabel /out/sourcedata/freesurfer/fsaverage/label/lh.FG2.mpm.vpnl.label --trgsubject sub-v1s2x0051477_ses-1 --trglabel ./lh.FG2.mpm.vpnl.label --hemi lh --regmethod surface 


srclabel = /out/sourcedata/freesurfer/fsaverage/label/lh.FG2.mpm.vpnl.label
srcsubject = fsaverage
trgsubject = sub-v1s2x0051477_ses-1
trglabel = ./lh.FG2.mpm.vpnl.label
regmethod = surface

srchemi = lh
trghemi = lh
trgsurface = white
srcsurfreg = sphere.reg
trgsurfreg = sphere.reg
usehash = 1
Use ProjAbs  = 0, 0
Use ProjFrac = 0, 0
DoPaint 0

SUBJECTS_DIR    /out/sourcedata/freesurfer
FREESURFER_HOME /opt/freesurfer
Loading source label.
Found 703 points in source label.
Starting surface-based mapping
Reading source registration 
 /out/sourcedata/freesurfer/fsaverage/surf/lh.sphere.reg
Rescaling ...  original radius = 100
Reading target surface 
 /out/sourcedata/freesurfer/sub-v1s2x0051477_ses-1/surf/lh.white
Reading target registration 
 /out/sourcedata/freesurfer/sub-v1s2x0051477_ses-1/surf/lh.sphere.reg
Rescaling ...  original radius = 99.9999
Building target registration hash (res=16).
Building source registration hash (res=16).
INFO: found  703 nlabel points
Performing mapping from target back to the source label 141226
Number of reverse mapping hits = 403
Checking for and removing duplicates
Writing label file ./lh.FG2.mpm.vpnl.label 1106
mri_label2label: Done


 mri_label2label --srcsubject fsaverage --srclabel /out/sourcedata/freesurfer/fsaverage/label/lh.FG3.mpm.vpnl.label --trgsubject sub-v1s2x0051477_ses-1 --trglabel ./lh.FG3.mpm.vpnl.label --hemi lh --regmethod surface 


srclabel = /out/sourcedata/freesurfer/fsaverage/label/lh.FG3.mpm.vpnl.label
srcsubject = fsaverage
trgsubject = sub-v1s2x0051477_ses-1
trglabel = ./lh.FG3.mpm.vpnl.label
regmethod = surface

srchemi = lh
trghemi = lh
trgsurface = white
srcsurfreg = sphere.reg
trgsurfreg = sphere.reg
usehash = 1
Use ProjAbs  = 0, 0
Use ProjFrac = 0, 0
DoPaint 0

SUBJECTS_DIR    /out/sourcedata/freesurfer
FREESURFER_HOME /opt/freesurfer
Loading source label.
Found 1873 points in source label.
Starting surface-based mapping
Reading source registration 
 /out/sourcedata/freesurfer/fsaverage/surf/lh.sphere.reg
Rescaling ...  original radius = 100
Reading target surface 
 /out/sourcedata/freesurfer/sub-v1s2x0051477_ses-1/surf/lh.white
Reading target registration 
 /out/sourcedata/freesurfer/sub-v1s2x0051477_ses-1/surf/lh.sphere.reg
Rescaling ...  original radius = 99.9999
Building target registration hash (res=16).
Building source registration hash (res=16).
INFO: found  1873 nlabel points
Performing mapping from target back to the source label 141226
Number of reverse mapping hits = 231
Checking for and removing duplicates
Writing label file ./lh.FG3.mpm.vpnl.label 2104
mri_label2label: Done


 mri_label2label --srcsubject fsaverage --srclabel /out/sourcedata/freesurfer/fsaverage/label/lh.FG4.mpm.vpnl.label --trgsubject sub-v1s2x0051477_ses-1 --trglabel ./lh.FG4.mpm.vpnl.label --hemi lh --regmethod surface 


srclabel = /out/sourcedata/freesurfer/fsaverage/label/lh.FG4.mpm.vpnl.label
srcsubject = fsaverage
trgsubject = sub-v1s2x0051477_ses-1
trglabel = ./lh.FG4.mpm.vpnl.label
regmethod = surface

srchemi = lh
trghemi = lh
trgsurface = white
srcsurfreg = sphere.reg
trgsurfreg = sphere.reg
usehash = 1
Use ProjAbs  = 0, 0
Use ProjFrac = 0, 0
DoPaint 0

SUBJECTS_DIR    /out/sourcedata/freesurfer
FREESURFER_HOME /opt/freesurfer
Loading source label.
Found 2101 points in source label.
Starting surface-based mapping
Reading source registration 
 /out/sourcedata/freesurfer/fsaverage/surf/lh.sphere.reg
Rescaling ...  original radius = 100
Reading target surface 
 /out/sourcedata/freesurfer/sub-v1s2x0051477_ses-1/surf/lh.white
Reading target registration 
 /out/sourcedata/freesurfer/sub-v1s2x0051477_ses-1/surf/lh.sphere.reg
Rescaling ...  original radius = 99.9999
Building target registration hash (res=16).
Building source registration hash (res=16).
INFO: found  2101 nlabel points
Performing mapping from target back to the source label 141226
Number of reverse mapping hits = 529
Checking for and removing duplicates
Writing label file ./lh.FG4.mpm.vpnl.label 2630
mri_label2label: Done


 mri_label2label --srcsubject fsaverage --srclabel /out/sourcedata/freesurfer/fsaverage/label/lh.hOc1.mpm.vpnl.label --trgsubject sub-v1s2x0051477_ses-1 --trglabel ./lh.hOc1.mpm.vpnl.label --hemi lh --regmethod surface 


srclabel = /out/sourcedata/freesurfer/fsaverage/label/lh.hOc1.mpm.vpnl.label
srcsubject = fsaverage
trgsubject = sub-v1s2x0051477_ses-1
trglabel = ./lh.hOc1.mpm.vpnl.label
regmethod = surface

srchemi = lh
trghemi = lh
trgsurface = white
srcsurfreg = sphere.reg
trgsurfreg = sphere.reg
usehash = 1
Use ProjAbs  = 0, 0
Use ProjFrac = 0, 0
DoPaint 0

SUBJECTS_DIR    /out/sourcedata/freesurfer
FREESURFER_HOME /opt/freesurfer
Loading source label.
Found 3877 points in source label.
Starting surface-based mapping
Reading source registration 
 /out/sourcedata/freesurfer/fsaverage/surf/lh.sphere.reg
Rescaling ...  original radius = 100
Reading target surface 
 /out/sourcedata/freesurfer/sub-v1s2x0051477_ses-1/surf/lh.white
Reading target registration 
 /out/sourcedata/freesurfer/sub-v1s2x0051477_ses-1/surf/lh.sphere.reg
Rescaling ...  original radius = 99.9999
Building target registration hash (res=16).
Building source registration hash (res=16).
INFO: found  3877 nlabel points
Performing mapping from target back to the source label 141226
Number of reverse mapping hits = 1367
Checking for and removing duplicates
Writing label file ./lh.hOc1.mpm.vpnl.label 5244
mri_label2label: Done


 mri_label2label --srcsubject fsaverage --srclabel /out/sourcedata/freesurfer/fsaverage/label/lh.hOc2.mpm.vpnl.label --trgsubject sub-v1s2x0051477_ses-1 --trglabel ./lh.hOc2.mpm.vpnl.label --hemi lh --regmethod surface 


srclabel = /out/sourcedata/freesurfer/fsaverage/label/lh.hOc2.mpm.vpnl.label
srcsubject = fsaverage
trgsubject = sub-v1s2x0051477_ses-1
trglabel = ./lh.hOc2.mpm.vpnl.label
regmethod = surface

srchemi = lh
trghemi = lh
trgsurface = white
srcsurfreg = sphere.reg
trgsurfreg = sphere.reg
usehash = 1
Use ProjAbs  = 0, 0
Use ProjFrac = 0, 0
DoPaint 0

SUBJECTS_DIR    /out/sourcedata/freesurfer
FREESURFER_HOME /opt/freesurfer
Loading source label.
Found 2919 points in source label.
Starting surface-based mapping
Reading source registration 
 /out/sourcedata/freesurfer/fsaverage/surf/lh.sphere.reg
Rescaling ...  original radius = 100
Reading target surface 
 /out/sourcedata/freesurfer/sub-v1s2x0051477_ses-1/surf/lh.white
Reading target registration 
 /out/sourcedata/freesurfer/sub-v1s2x0051477_ses-1/surf/lh.sphere.reg
Rescaling ...  original radius = 99.9999
Building target registration hash (res=16).
Building source registration hash (res=16).
INFO: found  2919 nlabel points
Performing mapping from target back to the source label 141226
Number of reverse mapping hits = 1042
Checking for and removing duplicates
Writing label file ./lh.hOc2.mpm.vpnl.label 3961
mri_label2label: Done


 mri_label2label --srcsubject fsaverage --srclabel /out/sourcedata/freesurfer/fsaverage/label/lh.hOc3v.mpm.vpnl.label --trgsubject sub-v1s2x0051477_ses-1 --trglabel ./lh.hOc3v.mpm.vpnl.label --hemi lh --regmethod surface 


srclabel = /out/sourcedata/freesurfer/fsaverage/label/lh.hOc3v.mpm.vpnl.label
srcsubject = fsaverage
trgsubject = sub-v1s2x0051477_ses-1
trglabel = ./lh.hOc3v.mpm.vpnl.label
regmethod = surface

srchemi = lh
trghemi = lh
trgsurface = white
srcsurfreg = sphere.reg
trgsurfreg = sphere.reg
usehash = 1
Use ProjAbs  = 0, 0
Use ProjFrac = 0, 0
DoPaint 0

SUBJECTS_DIR    /out/sourcedata/freesurfer
FREESURFER_HOME /opt/freesurfer
Loading source label.
Found 1286 points in source label.
Starting surface-based mapping
Reading source registration 
 /out/sourcedata/freesurfer/fsaverage/surf/lh.sphere.reg
Rescaling ...  original radius = 100
Reading target surface 
 /out/sourcedata/freesurfer/sub-v1s2x0051477_ses-1/surf/lh.white
Reading target registration 
 /out/sourcedata/freesurfer/sub-v1s2x0051477_ses-1/surf/lh.sphere.reg
Rescaling ...  original radius = 99.9999
Building target registration hash (res=16).
Building source registration hash (res=16).
INFO: found  1286 nlabel points
Performing mapping from target back to the source label 141226
Number of reverse mapping hits = 722
Checking for and removing duplicates
Writing label file ./lh.hOc3v.mpm.vpnl.label 2008
mri_label2label: Done


 mri_label2label --srcsubject fsaverage --srclabel /out/sourcedata/freesurfer/fsaverage/label/lh.hOc4v.mpm.vpnl.label --trgsubject sub-v1s2x0051477_ses-1 --trglabel ./lh.hOc4v.mpm.vpnl.label --hemi lh --regmethod surface 


srclabel = /out/sourcedata/freesurfer/fsaverage/label/lh.hOc4v.mpm.vpnl.label
srcsubject = fsaverage
trgsubject = sub-v1s2x0051477_ses-1
trglabel = ./lh.hOc4v.mpm.vpnl.label
regmethod = surface

srchemi = lh
trghemi = lh
trgsurface = white
srcsurfreg = sphere.reg
trgsurfreg = sphere.reg
usehash = 1
Use ProjAbs  = 0, 0
Use ProjFrac = 0, 0
DoPaint 0

SUBJECTS_DIR    /out/sourcedata/freesurfer
FREESURFER_HOME /opt/freesurfer
Loading source label.
Found 1006 points in source label.
Starting surface-based mapping
Reading source registration 
 /out/sourcedata/freesurfer/fsaverage/surf/lh.sphere.reg
Rescaling ...  original radius = 100
Reading target surface 
 /out/sourcedata/freesurfer/sub-v1s2x0051477_ses-1/surf/lh.white
Reading target registration 
 /out/sourcedata/freesurfer/sub-v1s2x0051477_ses-1/surf/lh.sphere.reg
Rescaling ...  original radius = 99.9999
Building target registration hash (res=16).
Building source registration hash (res=16).
INFO: found  1006 nlabel points
Performing mapping from target back to the source label 141226
Number of reverse mapping hits = 563
Checking for and removing duplicates
Writing label file ./lh.hOc4v.mpm.vpnl.label 1569
mri_label2label: Done


 mris_label2annot --s sub-v1s2x0051477_ses-1 --ctab /opt/freesurfer/average/colortable_vpnl.txt --hemi lh --a mpm.vpnl --maxstatwinner --noverbose --l lh.FG1.mpm.vpnl.label --l lh.FG2.mpm.vpnl.label --l lh.FG3.mpm.vpnl.label --l lh.FG4.mpm.vpnl.label --l lh.hOc1.mpm.vpnl.label --l lh.hOc2.mpm.vpnl.label --l lh.hOc3v.mpm.vpnl.label --l lh.hOc4v.mpm.vpnl.label 

Reading ctab /opt/freesurfer/average/colortable_vpnl.txt
Number of ctab entries 9

7.3.2
cwd /out/sourcedata/freesurfer/sub-v1s2x0051477_ses-1/label
cmdline mris_label2annot --s sub-v1s2x0051477_ses-1 --ctab /opt/freesurfer/average/colortable_vpnl.txt --hemi lh --a mpm.vpnl --maxstatwinner --noverbose --l lh.FG1.mpm.vpnl.label --l lh.FG2.mpm.vpnl.label --l lh.FG3.mpm.vpnl.label --l lh.FG4.mpm.vpnl.label --l lh.hOc1.mpm.vpnl.label --l lh.hOc2.mpm.vpnl.label --l lh.hOc3v.mpm.vpnl.label --l lh.hOc4v.mpm.vpnl.label 
sysname  Linux
hostname dna056
machine  x86_64
user     oesteban

subject sub-v1s2x0051477_ses-1
hemi    lh
SUBJECTS_DIR /out/sourcedata/freesurfer
ColorTable /opt/freesurfer/average/colortable_vpnl.txt
AnnotName  mpm.vpnl
nlables 8
LabelThresh 0 0.000000
Loading /out/sourcedata/freesurfer/sub-v1s2x0051477_ses-1/surf/lh.orig
 1 1376057 FG1
 2 16711935 FG2
 3 16711680 FG3
 4 1705837 FG4
 5 25600 hOc1
 6 255 hOc2
 7 16776960 hOc3v
 8 65535 hOc4v
Mapping unhit to unknown
Found 123056 unhit vertices
Writing annot to /out/sourcedata/freesurfer/sub-v1s2x0051477_ses-1/label/lh.mpm.vpnl.annot

 mri_label2label --srcsubject fsaverage --srclabel /out/sourcedata/freesurfer/fsaverage/label/lh.BA1_exvivo.thresh.label --trgsubject sub-v1s2x0051477_ses-1 --trglabel ./lh.BA1_exvivo.thresh.label --hemi lh --regmethod surface 


srclabel = /out/sourcedata/freesurfer/fsaverage/label/lh.BA1_exvivo.thresh.label
srcsubject = fsaverage
trgsubject = sub-v1s2x0051477_ses-1
trglabel = ./lh.BA1_exvivo.thresh.label
regmethod = surface

srchemi = lh
trghemi = lh
trgsurface = white
srcsurfreg = sphere.reg
trgsurfreg = sphere.reg
usehash = 1
Use ProjAbs  = 0, 0
Use ProjFrac = 0, 0
DoPaint 0

SUBJECTS_DIR    /out/sourcedata/freesurfer
FREESURFER_HOME /opt/freesurfer
Loading source label.
Found 1014 points in source label.
Starting surface-based mapping
Reading source registration 
 /out/sourcedata/freesurfer/fsaverage/surf/lh.sphere.reg
Rescaling ...  original radius = 100
Reading target surface 
 /out/sourcedata/freesurfer/sub-v1s2x0051477_ses-1/surf/lh.white
Reading target registration 
 /out/sourcedata/freesurfer/sub-v1s2x0051477_ses-1/surf/lh.sphere.reg
Rescaling ...  original radius = 99.9999
Building target registration hash (res=16).
Building source registration hash (res=16).
INFO: found  1014 nlabel points
Performing mapping from target back to the source label 141226
Number of reverse mapping hits = 49
Checking for and removing duplicates
Writing label file ./lh.BA1_exvivo.thresh.label 1063
mri_label2label: Done


 mri_label2label --srcsubject fsaverage --srclabel /out/sourcedata/freesurfer/fsaverage/label/lh.BA2_exvivo.thresh.label --trgsubject sub-v1s2x0051477_ses-1 --trglabel ./lh.BA2_exvivo.thresh.label --hemi lh --regmethod surface 


srclabel = /out/sourcedata/freesurfer/fsaverage/label/lh.BA2_exvivo.thresh.label
srcsubject = fsaverage
trgsubject = sub-v1s2x0051477_ses-1
trglabel = ./lh.BA2_exvivo.thresh.label
regmethod = surface

srchemi = lh
trghemi = lh
trgsurface = white
srcsurfreg = sphere.reg
trgsurfreg = sphere.reg
usehash = 1
Use ProjAbs  = 0, 0
Use ProjFrac = 0, 0
DoPaint 0

SUBJECTS_DIR    /out/sourcedata/freesurfer
FREESURFER_HOME /opt/freesurfer
Loading source label.
Found 2092 points in source label.
Starting surface-based mapping
Reading source registration 
 /out/sourcedata/freesurfer/fsaverage/surf/lh.sphere.reg
Rescaling ...  original radius = 100
Reading target surface 
 /out/sourcedata/freesurfer/sub-v1s2x0051477_ses-1/surf/lh.white
Reading target registration 
 /out/sourcedata/freesurfer/sub-v1s2x0051477_ses-1/surf/lh.sphere.reg
Rescaling ...  original radius = 99.9999
Building target registration hash (res=16).
Building source registration hash (res=16).
INFO: found  2092 nlabel points
Performing mapping from target back to the source label 141226
Number of reverse mapping hits = 212
Checking for and removing duplicates
Writing label file ./lh.BA2_exvivo.thresh.label 2304
mri_label2label: Done


 mri_label2label --srcsubject fsaverage --srclabel /out/sourcedata/freesurfer/fsaverage/label/lh.BA3a_exvivo.thresh.label --trgsubject sub-v1s2x0051477_ses-1 --trglabel ./lh.BA3a_exvivo.thresh.label --hemi lh --regmethod surface 


srclabel = /out/sourcedata/freesurfer/fsaverage/label/lh.BA3a_exvivo.thresh.label
srcsubject = fsaverage
trgsubject = sub-v1s2x0051477_ses-1
trglabel = ./lh.BA3a_exvivo.thresh.label
regmethod = surface

srchemi = lh
trghemi = lh
trgsurface = white
srcsurfreg = sphere.reg
trgsurfreg = sphere.reg
usehash = 1
Use ProjAbs  = 0, 0
Use ProjFrac = 0, 0
DoPaint 0

SUBJECTS_DIR    /out/sourcedata/freesurfer
FREESURFER_HOME /opt/freesurfer
Loading source label.
Found 1504 points in source label.
Starting surface-based mapping
Reading source registration 
 /out/sourcedata/freesurfer/fsaverage/surf/lh.sphere.reg
Rescaling ...  original radius = 100
Reading target surface 
 /out/sourcedata/freesurfer/sub-v1s2x0051477_ses-1/surf/lh.white
Reading target registration 
 /out/sourcedata/freesurfer/sub-v1s2x0051477_ses-1/surf/lh.sphere.reg
Rescaling ...  original radius = 99.9999
Building target registration hash (res=16).
Building source registration hash (res=16).
INFO: found  1504 nlabel points
Performing mapping from target back to the source label 141226
Number of reverse mapping hits = 45
Checking for and removing duplicates
Writing label file ./lh.BA3a_exvivo.thresh.label 1549
mri_label2label: Done


 mri_label2label --srcsubject fsaverage --srclabel /out/sourcedata/freesurfer/fsaverage/label/lh.BA3b_exvivo.thresh.label --trgsubject sub-v1s2x0051477_ses-1 --trglabel ./lh.BA3b_exvivo.thresh.label --hemi lh --regmethod surface 


srclabel = /out/sourcedata/freesurfer/fsaverage/label/lh.BA3b_exvivo.thresh.label
srcsubject = fsaverage
trgsubject = sub-v1s2x0051477_ses-1
trglabel = ./lh.BA3b_exvivo.thresh.label
regmethod = surface

srchemi = lh
trghemi = lh
trgsurface = white
srcsurfreg = sphere.reg
trgsurfreg = sphere.reg
usehash = 1
Use ProjAbs  = 0, 0
Use ProjFrac = 0, 0
DoPaint 0

SUBJECTS_DIR    /out/sourcedata/freesurfer
FREESURFER_HOME /opt/freesurfer
Loading source label.
Found 1996 points in source label.
Starting surface-based mapping
Reading source registration 
 /out/sourcedata/freesurfer/fsaverage/surf/lh.sphere.reg
Rescaling ...  original radius = 100
Reading target surface 
 /out/sourcedata/freesurfer/sub-v1s2x0051477_ses-1/surf/lh.white
Reading target registration 
 /out/sourcedata/freesurfer/sub-v1s2x0051477_ses-1/surf/lh.sphere.reg
Rescaling ...  original radius = 99.9999
Building target registration hash (res=16).
Building source registration hash (res=16).
INFO: found  1996 nlabel points
Performing mapping from target back to the source label 141226
Number of reverse mapping hits = 33
Checking for and removing duplicates
Writing label file ./lh.BA3b_exvivo.thresh.label 2029
mri_label2label: Done


 mri_label2label --srcsubject fsaverage --srclabel /out/sourcedata/freesurfer/fsaverage/label/lh.BA4a_exvivo.thresh.label --trgsubject sub-v1s2x0051477_ses-1 --trglabel ./lh.BA4a_exvivo.thresh.label --hemi lh --regmethod surface 


srclabel = /out/sourcedata/freesurfer/fsaverage/label/lh.BA4a_exvivo.thresh.label
srcsubject = fsaverage
trgsubject = sub-v1s2x0051477_ses-1
trglabel = ./lh.BA4a_exvivo.thresh.label
regmethod = surface

srchemi = lh
trghemi = lh
trgsurface = white
srcsurfreg = sphere.reg
trgsurfreg = sphere.reg
usehash = 1
Use ProjAbs  = 0, 0
Use ProjFrac = 0, 0
DoPaint 0

SUBJECTS_DIR    /out/sourcedata/freesurfer
FREESURFER_HOME /opt/freesurfer
Loading source label.
Found 2319 points in source label.
Starting surface-based mapping
Reading source registration 
 /out/sourcedata/freesurfer/fsaverage/surf/lh.sphere.reg
Rescaling ...  original radius = 100
Reading target surface 
 /out/sourcedata/freesurfer/sub-v1s2x0051477_ses-1/surf/lh.white
Reading target registration 
 /out/sourcedata/freesurfer/sub-v1s2x0051477_ses-1/surf/lh.sphere.reg
Rescaling ...  original radius = 99.9999
Building target registration hash (res=16).
Building source registration hash (res=16).
INFO: found  2319 nlabel points
Performing mapping from target back to the source label 141226
Number of reverse mapping hits = 59
Checking for and removing duplicates
Writing label file ./lh.BA4a_exvivo.thresh.label 2378
mri_label2label: Done


 mri_label2label --srcsubject fsaverage --srclabel /out/sourcedata/freesurfer/fsaverage/label/lh.BA4p_exvivo.thresh.label --trgsubject sub-v1s2x0051477_ses-1 --trglabel ./lh.BA4p_exvivo.thresh.label --hemi lh --regmethod surface 


srclabel = /out/sourcedata/freesurfer/fsaverage/label/lh.BA4p_exvivo.thresh.label
srcsubject = fsaverage
trgsubject = sub-v1s2x0051477_ses-1
trglabel = ./lh.BA4p_exvivo.thresh.label
regmethod = surface

srchemi = lh
trghemi = lh
trgsurface = white
srcsurfreg = sphere.reg
trgsurfreg = sphere.reg
usehash = 1
Use ProjAbs  = 0, 0
Use ProjFrac = 0, 0
DoPaint 0

SUBJECTS_DIR    /out/sourcedata/freesurfer
FREESURFER_HOME /opt/freesurfer
Loading source label.
Found 1549 points in source label.
Starting surface-based mapping
Reading source registration 
 /out/sourcedata/freesurfer/fsaverage/surf/lh.sphere.reg
Rescaling ...  original radius = 100
Reading target surface 
 /out/sourcedata/freesurfer/sub-v1s2x0051477_ses-1/surf/lh.white
Reading target registration 
 /out/sourcedata/freesurfer/sub-v1s2x0051477_ses-1/surf/lh.sphere.reg
Rescaling ...  original radius = 99.9999
Building target registration hash (res=16).
Building source registration hash (res=16).
INFO: found  1549 nlabel points
Performing mapping from target back to the source label 141226
Number of reverse mapping hits = 6
Checking for and removing duplicates
Writing label file ./lh.BA4p_exvivo.thresh.label 1555
mri_label2label: Done


 mri_label2label --srcsubject fsaverage --srclabel /out/sourcedata/freesurfer/fsaverage/label/lh.BA6_exvivo.thresh.label --trgsubject sub-v1s2x0051477_ses-1 --trglabel ./lh.BA6_exvivo.thresh.label --hemi lh --regmethod surface 


srclabel = /out/sourcedata/freesurfer/fsaverage/label/lh.BA6_exvivo.thresh.label
srcsubject = fsaverage
trgsubject = sub-v1s2x0051477_ses-1
trglabel = ./lh.BA6_exvivo.thresh.label
regmethod = surface

srchemi = lh
trghemi = lh
trgsurface = white
srcsurfreg = sphere.reg
trgsurfreg = sphere.reg
usehash = 1
Use ProjAbs  = 0, 0
Use ProjFrac = 0, 0
DoPaint 0

SUBJECTS_DIR    /out/sourcedata/freesurfer
FREESURFER_HOME /opt/freesurfer
Loading source label.
Found 7035 points in source label.
Starting surface-based mapping
Reading source registration 
 /out/sourcedata/freesurfer/fsaverage/surf/lh.sphere.reg
Rescaling ...  original radius = 100
Reading target surface 
 /out/sourcedata/freesurfer/sub-v1s2x0051477_ses-1/surf/lh.white
Reading target registration 
 /out/sourcedata/freesurfer/sub-v1s2x0051477_ses-1/surf/lh.sphere.reg
Rescaling ...  original radius = 99.9999
Building target registration hash (res=16).
Building source registration hash (res=16).
INFO: found  7035 nlabel points
Performing mapping from target back to the source label 141226
Number of reverse mapping hits = 207
Checking for and removing duplicates
Writing label file ./lh.BA6_exvivo.thresh.label 7242
mri_label2label: Done


 mri_label2label --srcsubject fsaverage --srclabel /out/sourcedata/freesurfer/fsaverage/label/lh.BA44_exvivo.thresh.label --trgsubject sub-v1s2x0051477_ses-1 --trglabel ./lh.BA44_exvivo.thresh.label --hemi lh --regmethod surface 


srclabel = /out/sourcedata/freesurfer/fsaverage/label/lh.BA44_exvivo.thresh.label
srcsubject = fsaverage
trgsubject = sub-v1s2x0051477_ses-1
trglabel = ./lh.BA44_exvivo.thresh.label
regmethod = surface

srchemi = lh
trghemi = lh
trgsurface = white
srcsurfreg = sphere.reg
trgsurfreg = sphere.reg
usehash = 1
Use ProjAbs  = 0, 0
Use ProjFrac = 0, 0
DoPaint 0

SUBJECTS_DIR    /out/sourcedata/freesurfer
FREESURFER_HOME /opt/freesurfer
Loading source label.
Found 1912 points in source label.
Starting surface-based mapping
Reading source registration 
 /out/sourcedata/freesurfer/fsaverage/surf/lh.sphere.reg
Rescaling ...  original radius = 100
Reading target surface 
 /out/sourcedata/freesurfer/sub-v1s2x0051477_ses-1/surf/lh.white
Reading target registration 
 /out/sourcedata/freesurfer/sub-v1s2x0051477_ses-1/surf/lh.sphere.reg
Rescaling ...  original radius = 99.9999
Building target registration hash (res=16).
Building source registration hash (res=16).
INFO: found  1912 nlabel points
Performing mapping from target back to the source label 141226
Number of reverse mapping hits = 113
Checking for and removing duplicates
Writing label file ./lh.BA44_exvivo.thresh.label 2025
mri_label2label: Done


 mri_label2label --srcsubject fsaverage --srclabel /out/sourcedata/freesurfer/fsaverage/label/lh.BA45_exvivo.thresh.label --trgsubject sub-v1s2x0051477_ses-1 --trglabel ./lh.BA45_exvivo.thresh.label --hemi lh --regmethod surface 


srclabel = /out/sourcedata/freesurfer/fsaverage/label/lh.BA45_exvivo.thresh.label
srcsubject = fsaverage
trgsubject = sub-v1s2x0051477_ses-1
trglabel = ./lh.BA45_exvivo.thresh.label
regmethod = surface

srchemi = lh
trghemi = lh
trgsurface = white
srcsurfreg = sphere.reg
trgsurfreg = sphere.reg
usehash = 1
Use ProjAbs  = 0, 0
Use ProjFrac = 0, 0
DoPaint 0

SUBJECTS_DIR    /out/sourcedata/freesurfer
FREESURFER_HOME /opt/freesurfer
Loading source label.
Found 1151 points in source label.
Starting surface-based mapping
Reading source registration 
 /out/sourcedata/freesurfer/fsaverage/surf/lh.sphere.reg
Rescaling ...  original radius = 100
Reading target surface 
 /out/sourcedata/freesurfer/sub-v1s2x0051477_ses-1/surf/lh.white
Reading target registration 
 /out/sourcedata/freesurfer/sub-v1s2x0051477_ses-1/surf/lh.sphere.reg
Rescaling ...  original radius = 99.9999
Building target registration hash (res=16).
Building source registration hash (res=16).
INFO: found  1151 nlabel points
Performing mapping from target back to the source label 141226
Number of reverse mapping hits = 206
Checking for and removing duplicates
Writing label file ./lh.BA45_exvivo.thresh.label 1357
mri_label2label: Done


 mri_label2label --srcsubject fsaverage --srclabel /out/sourcedata/freesurfer/fsaverage/label/lh.V1_exvivo.thresh.label --trgsubject sub-v1s2x0051477_ses-1 --trglabel ./lh.V1_exvivo.thresh.label --hemi lh --regmethod surface 


srclabel = /out/sourcedata/freesurfer/fsaverage/label/lh.V1_exvivo.thresh.label
srcsubject = fsaverage
trgsubject = sub-v1s2x0051477_ses-1
trglabel = ./lh.V1_exvivo.thresh.label
regmethod = surface

srchemi = lh
trghemi = lh
trgsurface = white
srcsurfreg = sphere.reg
trgsurfreg = sphere.reg
usehash = 1
Use ProjAbs  = 0, 0
Use ProjFrac = 0, 0
DoPaint 0

SUBJECTS_DIR    /out/sourcedata/freesurfer
FREESURFER_HOME /opt/freesurfer
Loading source label.
Found 3405 points in source label.
Starting surface-based mapping
Reading source registration 
 /out/sourcedata/freesurfer/fsaverage/surf/lh.sphere.reg
Rescaling ...  original radius = 100
Reading target surface 
 /out/sourcedata/freesurfer/sub-v1s2x0051477_ses-1/surf/lh.white
Reading target registration 
 /out/sourcedata/freesurfer/sub-v1s2x0051477_ses-1/surf/lh.sphere.reg
Rescaling ...  original radius = 99.9999
Building target registration hash (res=16).
Building source registration hash (res=16).
INFO: found  3405 nlabel points
Performing mapping from target back to the source label 141226
Number of reverse mapping hits = 1205
Checking for and removing duplicates
Writing label file ./lh.V1_exvivo.thresh.label 4610
mri_label2label: Done


 mri_label2label --srcsubject fsaverage --srclabel /out/sourcedata/freesurfer/fsaverage/label/lh.V2_exvivo.thresh.label --trgsubject sub-v1s2x0051477_ses-1 --trglabel ./lh.V2_exvivo.thresh.label --hemi lh --regmethod surface 


srclabel = /out/sourcedata/freesurfer/fsaverage/label/lh.V2_exvivo.thresh.label
srcsubject = fsaverage
trgsubject = sub-v1s2x0051477_ses-1
trglabel = ./lh.V2_exvivo.thresh.label
regmethod = surface

srchemi = lh
trghemi = lh
trgsurface = white
srcsurfreg = sphere.reg
trgsurfreg = sphere.reg
usehash = 1
Use ProjAbs  = 0, 0
Use ProjFrac = 0, 0
DoPaint 0

SUBJECTS_DIR    /out/sourcedata/freesurfer
FREESURFER_HOME /opt/freesurfer
Loading source label.
Found 3334 points in source label.
Starting surface-based mapping
Reading source registration 
 /out/sourcedata/freesurfer/fsaverage/surf/lh.sphere.reg
Rescaling ...  original radius = 100
Reading target surface 
 /out/sourcedata/freesurfer/sub-v1s2x0051477_ses-1/surf/lh.white
Reading target registration 
 /out/sourcedata/freesurfer/sub-v1s2x0051477_ses-1/surf/lh.sphere.reg
Rescaling ...  original radius = 99.9999
Building target registration hash (res=16).
Building source registration hash (res=16).
INFO: found  3334 nlabel points
Performing mapping from target back to the source label 141226
Number of reverse mapping hits = 1299
Checking for and removing duplicates
Writing label file ./lh.V2_exvivo.thresh.label 4633
mri_label2label: Done


 mri_label2label --srcsubject fsaverage --srclabel /out/sourcedata/freesurfer/fsaverage/label/lh.MT_exvivo.thresh.label --trgsubject sub-v1s2x0051477_ses-1 --trglabel ./lh.MT_exvivo.thresh.label --hemi lh --regmethod surface 


srclabel = /out/sourcedata/freesurfer/fsaverage/label/lh.MT_exvivo.thresh.label
srcsubject = fsaverage
trgsubject = sub-v1s2x0051477_ses-1
trglabel = ./lh.MT_exvivo.thresh.label
regmethod = surface

srchemi = lh
trghemi = lh
trgsurface = white
srcsurfreg = sphere.reg
trgsurfreg = sphere.reg
usehash = 1
Use ProjAbs  = 0, 0
Use ProjFrac = 0, 0
DoPaint 0

SUBJECTS_DIR    /out/sourcedata/freesurfer
FREESURFER_HOME /opt/freesurfer
Loading source label.
Found 513 points in source label.
Starting surface-based mapping
Reading source registration 
 /out/sourcedata/freesurfer/fsaverage/surf/lh.sphere.reg
Rescaling ...  original radius = 100
Reading target surface 
 /out/sourcedata/freesurfer/sub-v1s2x0051477_ses-1/surf/lh.white
Reading target registration 
 /out/sourcedata/freesurfer/sub-v1s2x0051477_ses-1/surf/lh.sphere.reg
Rescaling ...  original radius = 99.9999
Building target registration hash (res=16).
Building source registration hash (res=16).
INFO: found  513 nlabel points
Performing mapping from target back to the source label 141226
Number of reverse mapping hits = 82
Checking for and removing duplicates
Writing label file ./lh.MT_exvivo.thresh.label 595
mri_label2label: Done


 mri_label2label --srcsubject fsaverage --srclabel /out/sourcedata/freesurfer/fsaverage/label/lh.entorhinal_exvivo.thresh.label --trgsubject sub-v1s2x0051477_ses-1 --trglabel ./lh.entorhinal_exvivo.thresh.label --hemi lh --regmethod surface 


srclabel = /out/sourcedata/freesurfer/fsaverage/label/lh.entorhinal_exvivo.thresh.label
srcsubject = fsaverage
trgsubject = sub-v1s2x0051477_ses-1
trglabel = ./lh.entorhinal_exvivo.thresh.label
regmethod = surface

srchemi = lh
trghemi = lh
trgsurface = white
srcsurfreg = sphere.reg
trgsurfreg = sphere.reg
usehash = 1
Use ProjAbs  = 0, 0
Use ProjFrac = 0, 0
DoPaint 0

SUBJECTS_DIR    /out/sourcedata/freesurfer
FREESURFER_HOME /opt/freesurfer
Loading source label.
Found 470 points in source label.
Starting surface-based mapping
Reading source registration 
 /out/sourcedata/freesurfer/fsaverage/surf/lh.sphere.reg
Rescaling ...  original radius = 100
Reading target surface 
 /out/sourcedata/freesurfer/sub-v1s2x0051477_ses-1/surf/lh.white
Reading target registration 
 /out/sourcedata/freesurfer/sub-v1s2x0051477_ses-1/surf/lh.sphere.reg
Rescaling ...  original radius = 99.9999
Building target registration hash (res=16).
Building source registration hash (res=16).
INFO: found  470 nlabel points
Performing mapping from target back to the source label 141226
Number of reverse mapping hits = 10
Checking for and removing duplicates
Writing label file ./lh.entorhinal_exvivo.thresh.label 480
mri_label2label: Done


 mri_label2label --srcsubject fsaverage --srclabel /out/sourcedata/freesurfer/fsaverage/label/lh.perirhinal_exvivo.thresh.label --trgsubject sub-v1s2x0051477_ses-1 --trglabel ./lh.perirhinal_exvivo.thresh.label --hemi lh --regmethod surface 


srclabel = /out/sourcedata/freesurfer/fsaverage/label/lh.perirhinal_exvivo.thresh.label
srcsubject = fsaverage
trgsubject = sub-v1s2x0051477_ses-1
trglabel = ./lh.perirhinal_exvivo.thresh.label
regmethod = surface

srchemi = lh
trghemi = lh
trgsurface = white
srcsurfreg = sphere.reg
trgsurfreg = sphere.reg
usehash = 1
Use ProjAbs  = 0, 0
Use ProjFrac = 0, 0
DoPaint 0

SUBJECTS_DIR    /out/sourcedata/freesurfer
FREESURFER_HOME /opt/freesurfer
Loading source label.
Found 450 points in source label.
Starting surface-based mapping
Reading source registration 
 /out/sourcedata/freesurfer/fsaverage/surf/lh.sphere.reg
Rescaling ...  original radius = 100
Reading target surface 
 /out/sourcedata/freesurfer/sub-v1s2x0051477_ses-1/surf/lh.white
Reading target registration 
 /out/sourcedata/freesurfer/sub-v1s2x0051477_ses-1/surf/lh.sphere.reg
Rescaling ...  original radius = 99.9999
Building target registration hash (res=16).
Building source registration hash (res=16).
INFO: found  450 nlabel points
Performing mapping from target back to the source label 141226
Number of reverse mapping hits = 7
Checking for and removing duplicates
Writing label file ./lh.perirhinal_exvivo.thresh.label 457
mri_label2label: Done


 mris_label2annot --s sub-v1s2x0051477_ses-1 --hemi lh --ctab /opt/freesurfer/average/colortable_BA.txt --l lh.BA1_exvivo.label --l lh.BA2_exvivo.label --l lh.BA3a_exvivo.label --l lh.BA3b_exvivo.label --l lh.BA4a_exvivo.label --l lh.BA4p_exvivo.label --l lh.BA6_exvivo.label --l lh.BA44_exvivo.label --l lh.BA45_exvivo.label --l lh.V1_exvivo.label --l lh.V2_exvivo.label --l lh.MT_exvivo.label --l lh.perirhinal_exvivo.label --l lh.entorhinal_exvivo.label --a BA_exvivo --maxstatwinner --noverbose 

Reading ctab /opt/freesurfer/average/colortable_BA.txt
Number of ctab entries 15

7.3.2
cwd /out/sourcedata/freesurfer/sub-v1s2x0051477_ses-1/label
cmdline mris_label2annot --s sub-v1s2x0051477_ses-1 --hemi lh --ctab /opt/freesurfer/average/colortable_BA.txt --l lh.BA1_exvivo.label --l lh.BA2_exvivo.label --l lh.BA3a_exvivo.label --l lh.BA3b_exvivo.label --l lh.BA4a_exvivo.label --l lh.BA4p_exvivo.label --l lh.BA6_exvivo.label --l lh.BA44_exvivo.label --l lh.BA45_exvivo.label --l lh.V1_exvivo.label --l lh.V2_exvivo.label --l lh.MT_exvivo.label --l lh.perirhinal_exvivo.label --l lh.entorhinal_exvivo.label --a BA_exvivo --maxstatwinner --noverbose 
sysname  Linux
hostname dna056
machine  x86_64
user     oesteban

subject sub-v1s2x0051477_ses-1
hemi    lh
SUBJECTS_DIR /out/sourcedata/freesurfer
ColorTable /opt/freesurfer/average/colortable_BA.txt
AnnotName  BA_exvivo
nlables 14
LabelThresh 0 0.000000
Loading /out/sourcedata/freesurfer/sub-v1s2x0051477_ses-1/surf/lh.orig
 1 1530880 BA1_exvivo
 2 16749699 BA2_exvivo
 3 16711680 BA3a_exvivo
 4 3368703 BA3b_exvivo
 5 1376196 BA4a_exvivo
 6 13382655 BA4p_exvivo
 7 10036737 BA6_exvivo
 8 2490521 BA44_exvivo
 9 39283 BA45_exvivo
10 3993 V1_exvivo
11 8508928 V2_exvivo
12 10027163 MT_exvivo
13 16422433 perirhinal_exvivo
14 16392598 entorhinal_exvivo
Mapping unhit to unknown
Found 98041 unhit vertices
Writing annot to /out/sourcedata/freesurfer/sub-v1s2x0051477_ses-1/label/lh.BA_exvivo.annot

 mris_label2annot --s sub-v1s2x0051477_ses-1 --hemi lh --ctab /opt/freesurfer/average/colortable_BA.txt --l lh.BA1_exvivo.thresh.label --l lh.BA2_exvivo.thresh.label --l lh.BA3a_exvivo.thresh.label --l lh.BA3b_exvivo.thresh.label --l lh.BA4a_exvivo.thresh.label --l lh.BA4p_exvivo.thresh.label --l lh.BA6_exvivo.thresh.label --l lh.BA44_exvivo.thresh.label --l lh.BA45_exvivo.thresh.label --l lh.V1_exvivo.thresh.label --l lh.V2_exvivo.thresh.label --l lh.MT_exvivo.thresh.label --l lh.perirhinal_exvivo.thresh.label --l lh.entorhinal_exvivo.thresh.label --a BA_exvivo.thresh --maxstatwinner --noverbose 

Reading ctab /opt/freesurfer/average/colortable_BA.txt
Number of ctab entries 15

7.3.2
cwd /out/sourcedata/freesurfer/sub-v1s2x0051477_ses-1/label
cmdline mris_label2annot --s sub-v1s2x0051477_ses-1 --hemi lh --ctab /opt/freesurfer/average/colortable_BA.txt --l lh.BA1_exvivo.thresh.label --l lh.BA2_exvivo.thresh.label --l lh.BA3a_exvivo.thresh.label --l lh.BA3b_exvivo.thresh.label --l lh.BA4a_exvivo.thresh.label --l lh.BA4p_exvivo.thresh.label --l lh.BA6_exvivo.thresh.label --l lh.BA44_exvivo.thresh.label --l lh.BA45_exvivo.thresh.label --l lh.V1_exvivo.thresh.label --l lh.V2_exvivo.thresh.label --l lh.MT_exvivo.thresh.label --l lh.perirhinal_exvivo.thresh.label --l lh.entorhinal_exvivo.thresh.label --a BA_exvivo.thresh --maxstatwinner --noverbose 
sysname  Linux
hostname dna056
machine  x86_64
user     oesteban

subject sub-v1s2x0051477_ses-1
hemi    lh
SUBJECTS_DIR /out/sourcedata/freesurfer
ColorTable /opt/freesurfer/average/colortable_BA.txt
AnnotName  BA_exvivo.thresh
nlables 14
LabelThresh 0 0.000000
Loading /out/sourcedata/freesurfer/sub-v1s2x0051477_ses-1/surf/lh.orig
 1 1530880 BA1_exvivo
 2 16749699 BA2_exvivo
 3 16711680 BA3a_exvivo
 4 3368703 BA3b_exvivo
 5 1376196 BA4a_exvivo
 6 13382655 BA4p_exvivo
 7 10036737 BA6_exvivo
 8 2490521 BA44_exvivo
 9 39283 BA45_exvivo
10 3993 V1_exvivo
11 8508928 V2_exvivo
12 10027163 MT_exvivo
13 16422433 perirhinal_exvivo
14 16392598 entorhinal_exvivo
Mapping unhit to unknown
Found 116361 unhit vertices
Writing annot to /out/sourcedata/freesurfer/sub-v1s2x0051477_ses-1/label/lh.BA_exvivo.thresh.annot

 mris_anatomical_stats -th3 -mgz -noglobal -f ../stats/lh.BA_exvivo.stats -b -a ./lh.BA_exvivo.annot -c ./BA_exvivo.ctab sub-v1s2x0051477_ses-1 lh white 

computing statistics for each annotation in ./lh.BA_exvivo.annot.
reading volume /out/sourcedata/freesurfer/sub-v1s2x0051477_ses-1/mri/wm.mgz...
reading input surface /out/sourcedata/freesurfer/sub-v1s2x0051477_ses-1/surf/lh.white...
reading input pial surface /out/sourcedata/freesurfer/sub-v1s2x0051477_ses-1/surf/lh.pial...
reading input white surface /out/sourcedata/freesurfer/sub-v1s2x0051477_ses-1/surf/lh.white...
INFO: using TH3 volume calc
INFO: assuming MGZ format for volumes.
INFO: not computing global stats
Using TH3 vertex volume calc
Total face volume 211665
Total vertex volume 211469 (mask=0)
Saving annotation colortable ./BA_exvivo.ctab

table columns are:
    number of vertices
    total surface area (mm^2)
    total gray matter volume (mm^3)
    average cortical thickness +- standard deviation (mm)
    integrated rectified mean curvature
    integrated rectified Gaussian curvature
    folding index
    intrinsic curvature index
    structure name

 1157    567   1380  2.030 0.626     0.098     0.022        9     1.0  BA1_exvivo
 4176   2477   5667  2.233 0.606     0.100     0.018       33     3.4  BA2_exvivo
 1075    724    821  1.432 0.413     0.153     0.041       18     2.3  BA3a_exvivo
 2338   1472   2675  1.719 0.617     0.105     0.023       17     2.3  BA3b_exvivo
 1673    972   2027  1.953 0.526     0.103     0.021       11     1.6  BA4a_exvivo
 1260    876   1395  1.739 0.635     0.112     0.024        8     1.3  BA4p_exvivo
 9076   5389  15290  2.547 0.522     0.105     0.021       66     8.2  BA6_exvivo
 2506   1656   4568  2.553 0.359     0.106     0.019       20     2.0  BA44_exvivo
 3129   2109   5404  2.358 0.446     0.127     0.026       34     3.5  BA45_exvivo
 4173   2825   3805  1.411 0.461     0.131     0.029       46     5.9  V1_exvivo
 8994   6115   9765  1.614 0.538     0.146     0.033      123    13.7  V2_exvivo
 2272   1266   2623  1.946 0.442     0.100     0.018       19     1.8  MT_exvivo
  725    475   1409  2.666 0.723     0.090     0.013        5     0.4  perirhinal_exvivo
  631    400   1790  2.991 0.945     0.094     0.026        6     0.9  entorhinal_exvivo

 mris_anatomical_stats -th3 -mgz -f ../stats/lh.BA_exvivo.thresh.stats -noglobal -b -a ./lh.BA_exvivo.thresh.annot -c ./BA_exvivo.thresh.ctab sub-v1s2x0051477_ses-1 lh white 

computing statistics for each annotation in ./lh.BA_exvivo.thresh.annot.
reading volume /out/sourcedata/freesurfer/sub-v1s2x0051477_ses-1/mri/wm.mgz...
reading input surface /out/sourcedata/freesurfer/sub-v1s2x0051477_ses-1/surf/lh.white...
reading input pial surface /out/sourcedata/freesurfer/sub-v1s2x0051477_ses-1/surf/lh.pial...
reading input white surface /out/sourcedata/freesurfer/sub-v1s2x0051477_ses-1/surf/lh.white...
INFO: using TH3 volume calc
INFO: assuming MGZ format for volumes.
INFO: not computing global stats
Using TH3 vertex volume calc
Total face volume 211665
Total vertex volume 211469 (mask=0)
Saving annotation colortable ./BA_exvivo.thresh.ctab

table columns are:
    number of vertices
    total surface area (mm^2)
    total gray matter volume (mm^3)
    average cortical thickness +- standard deviation (mm)
    integrated rectified mean curvature
    integrated rectified Gaussian curvature
    folding index
    intrinsic curvature index
    structure name

  726    321    892  2.152 0.660     0.094     0.023        6     0.6  BA1_exvivo
 1809    999   2397  2.278 0.623     0.095     0.018       13     1.5  BA2_exvivo
  918    621    608  1.329 0.332     0.165     0.045       17     2.2  BA3a_exvivo
 1337    853   1228  1.434 0.366     0.085     0.015        6     0.9  BA3b_exvivo
 1621    962   1803  1.833 0.523     0.098     0.020        9     1.5  BA4a_exvivo
  937    712   1071  1.680 0.571     0.118     0.023        5     1.0  BA4p_exvivo
 4670   2677   7399  2.463 0.506     0.102     0.020       33     4.1  BA6_exvivo
 1595   1059   2928  2.544 0.320     0.112     0.021       14     1.4  BA44_exvivo
 1233    818   2508  2.528 0.417     0.136     0.029       16     1.5  BA45_exvivo
 4430   2974   4159  1.430 0.471     0.127     0.027       47     5.4  V1_exvivo
 4389   3096   4680  1.546 0.568     0.161     0.040       69     8.7  V2_exvivo
  542    295    646  1.987 0.588     0.099     0.014        4     0.3  MT_exvivo
  288    188    593  2.857 0.583     0.081     0.010        1     0.1  perirhinal_exvivo
  370    247   1128  3.227 0.456     0.075     0.011        1     0.2  entorhinal_exvivo

Started at Tue Mar 10 00:34:42 CET 2026 
Ended   at Tue Mar 10 00:38:29 CET 2026
#@#%# recon-all-run-time-hours 0.063
recon-all -s sub-v1s2x0051477_ses-1 finished without error at Tue Mar 10 00:38:29 CET 2026
