#!ascii label  , from subject sub-v1s2x0051466_ses-1 vox2ras=TkReg
2621
156553  -26.875  -56.184  8.762 0.5000000000
38210  -27.399  -56.542  8.226 0.5000000000
39256  -27.495  -55.743  8.662 0.4000000060
39257  -28.311  -55.553  8.427 0.5000000000
40155  -28.475  -53.842  9.131 0.5000000000
42150  -28.879  -53.098  9.111 0.5000000000
62048  -34.226  -32.909  3.963 0.5000000000
63941  -34.378  -31.697  3.585 0.4000000060
147163  -34.968  -31.094  3.425 0.4000000060
64938  -34.571  -30.283  3.504 0.4000000060
66029  -34.578  -29.439  3.492 0.6000000238
66028  -33.702  -29.716  3.697 0.5000000000
66030  -35.548  -29.683  3.324 0.5000000000
67157  -33.878  -28.058  3.584 0.5000000000
67158  -35.204  -28.590  3.343 0.4000000060
163117  -35.794  -27.715  3.151 0.4000000060
68294  -33.633  -27.156  3.655 0.5000000000
146119  -34.737  -27.502  3.340 0.5000000000
68295  -36.642  -27.338  2.665 0.4000000060
36019  -27.054  -57.769  7.794 0.5000000000
37148  -27.605  -57.190  7.655 0.4000000060
37149  -28.177  -56.660  7.748 0.5000000000
38211  -28.734  -56.155  8.034 0.5000000000
39258  -29.172  -55.494  8.390 0.5000000000
41148  -29.404  -53.727  8.773 0.5000000000
42151  -29.562  -52.803  8.787 0.5000000000
62036  -33.603  -33.522  4.310 0.5000000000
61015  -34.088  -34.211  4.659 0.5000000000
62049  -35.278  -32.872  3.951 0.5000000000
62978  -34.814  -32.316  3.684 0.5000000000
64939  -35.717  -30.540  3.305 0.6000000238
71405  -40.167  -24.746  4.765 0.3000000119
67159  -36.534  -28.307  2.982 0.4000000060
154184  -39.337  -25.275  3.963 0.3000000119
69316  -37.844  -26.442  2.387 0.4000000060
68296  -37.623  -27.253  2.529 0.3000000119
140447  -38.196  -25.848  2.675 0.4000000060
148577  -26.988  -57.157  8.127 0.5000000000
40159  -28.593  -54.769  8.755 0.5000000000
162538  -35.838  -31.200  3.322 0.6000000238
160214  -39.693  -24.460  3.957 0.3000000119
23442  -45.102  -70.849  4.087 0.3000000119
22387  -44.295  -71.247  3.273 0.3000000119
22392  -43.809  -71.153  3.039 0.4000000060
23449  -43.306  -70.551  3.025 0.4000000060
23455  -44.099  -70.454  2.542 0.4000000060
24495  -43.689  -69.600  2.653 0.4000000060
25545  -43.387  -68.531  2.985 0.4000000060
25560  -44.190  -68.422  2.372 0.4000000060
26577  -43.810  -67.539  2.595 0.4000000060
27549  -43.347  -66.756  2.697 0.4000000060
162281  -44.498  -71.101  4.518 0.3000000119
146454  -43.824  -71.415  4.481 0.3000000119
22385  -42.566  -71.179  4.136 0.4000000060
22386  -43.124  -71.224  3.604 0.4000000060
23448  -42.612  -70.581  3.638 0.4000000060
24494  -42.886  -69.631  3.254 0.4000000060
26565  -43.165  -67.666  3.181 0.4000000060
138363  -42.315  -65.675  3.310 0.4000000060
27548  -42.779  -66.163  3.132 0.4000000060
22317  -42.253  -71.314  7.190 0.3000000119
22332  -42.000  -71.461  6.418 0.3000000119
22350  -41.747  -71.305  5.666 0.3000000119
23441  -42.030  -70.667  4.304 0.4000000060
24485  -41.518  -69.884  4.600 0.4000000060
24486  -42.144  -69.717  3.919 0.4000000060
26551  -41.893  -67.805  4.268 0.4000000060
26564  -42.556  -67.173  3.614 0.4000000060
27534  -41.389  -66.437  4.234 0.4000000060
27547  -42.099  -66.371  3.737 0.4000000060
145530  -40.711  -64.865  4.192 0.4000000060
28552  -40.851  -65.651  4.293 0.4000000060
28553  -41.670  -65.668  3.733 0.4000000060
141868  -42.601  -70.861  7.925 0.3000000119
23392  -43.042  -70.849  7.173 0.3000000119
22316  -41.499  -71.345  7.240 0.3000000119
24469  -41.095  -70.052  5.216 0.3000000119
25533  -41.689  -68.835  4.351 0.3000000119
27533  -40.677  -66.525  4.717 0.4000000060
26550  -41.195  -67.303  4.653 0.4000000060
26563  -41.857  -67.017  4.163 0.4000000060
28551  -40.233  -65.108  4.642 0.4000000060
29643  -39.781  -64.616  4.827 0.4000000060
22303  -41.826  -71.235  8.004 0.3000000119
23391  -41.137  -71.141  7.945 0.3000000119
23406  -41.248  -71.169  6.489 0.3000000119
152305  -40.345  -70.164  7.053 0.3000000119
24468  -40.615  -69.718  5.824 0.4000000060
25522  -41.004  -69.060  5.058 0.4000000060
26545  -40.643  -68.007  5.236 0.4000000060
147103  -41.295  -68.177  4.734 0.4000000060
27523  -38.866  -66.126  6.023 0.3000000119
27524  -39.404  -66.802  5.756 0.4000000060
26549  -40.516  -67.176  5.080 0.4000000060
28538  -38.947  -65.304  5.630 0.3000000119
28540  -40.138  -65.873  4.888 0.4000000060
27525  -40.032  -66.639  5.224 0.4000000060
28539  -39.633  -65.228  5.126 0.4000000060
25449  -42.825  -68.103  11.684 0.3000000119
24389  -42.881  -69.198  10.415 0.3000000119
26455  -42.751  -66.784  12.320 0.3000000119
141196  -42.213  -70.780  8.673 0.3000000119
24407  -42.395  -69.871  9.929 0.3000000119
23375  -41.306  -70.880  8.782 0.3000000119
23359  -40.608  -70.373  9.174 0.3000000119
24420  -40.021  -70.036  8.632 0.3000000119
23390  -40.731  -70.863  7.327 0.3000000119
24436  -40.159  -70.160  7.743 0.3000000119
25504  -39.468  -68.473  6.731 0.3000000119
24451  -39.899  -69.433  7.113 0.3000000119
26535  -38.855  -67.675  6.886 0.3000000119
25505  -40.125  -69.054  6.285 0.3000000119
27515  -38.842  -66.933  6.399 0.3000000119
25520  -39.984  -68.229  5.892 0.4000000060
28531  -38.258  -65.377  6.383 0.3000000119
29627  -38.498  -64.563  5.834 0.4000000060
30640  -38.247  -63.693  5.939 0.4000000060
30641  -38.965  -63.501  5.235 0.4000000060
25461  -42.463  -68.834  11.170 0.3000000119
24388  -42.050  -69.537  10.677 0.3000000119
25460  -41.644  -68.999  11.172 0.3000000119
23360  -41.182  -70.426  9.545 0.3000000119
142620  -40.771  -70.023  9.994 0.3000000119
143744  -39.180  -68.768  8.234 0.3000000119
24419  -39.565  -69.263  8.872 0.3000000119
26519  -38.424  -67.601  7.676 0.3000000119
26520  -38.916  -68.301  7.533 0.3000000119
25489  -39.388  -68.900  7.503 0.3000000119
148141  -37.627  -66.286  7.826 0.3000000119
26534  -38.396  -66.991  7.099 0.3000000119
28522  -37.819  -65.847  7.149 0.3000000119
28530  -37.596  -65.021  7.094 0.3000000119
29617  -37.901  -64.436  6.475 0.3000000119
30622  -37.599  -63.651  6.723 0.3000000119
143279  -38.527  -62.771  5.667 0.4000000060
26472  -42.311  -67.510  12.017 0.3000000119
27429  -42.645  -65.974  12.284 0.3000000119
24387  -41.206  -69.552  10.634 0.3000000119
25447  -41.235  -68.321  11.257 0.3000000119
28434  -42.725  -65.079  12.097 0.3000000119
138042  -42.144  -65.172  11.292 0.3000000119
24386  -40.403  -69.161  10.319 0.3000000119
25459  -40.552  -68.335  10.752 0.3000000119
29545  -42.666  -64.498  11.396 0.3000000119
26498  -37.904  -66.972  9.259 0.3000000119
25477  -38.588  -67.682  9.375 0.3000000119
25478  -39.096  -68.507  9.077 0.3000000119
26507  -37.667  -66.717  8.506 0.3000000119
26508  -38.099  -67.402  8.515 0.3000000119
27501  -37.364  -66.034  8.545 0.3000000119
28521  -37.366  -65.524  7.831 0.3000000119
29616  -37.444  -64.288  7.113 0.3000000119
151499  -37.858  -62.837  6.346 0.4000000060
151754  -37.612  -62.047  6.803 0.4000000060
32839  -38.784  -60.983  5.646 0.5000000000
26471  -41.554  -67.584  11.586 0.3000000119
27450  -41.926  -66.708  11.916 0.3000000119
27448  -40.822  -67.651  11.031 0.3000000119
28450  -41.428  -66.350  11.175 0.3000000119
26487  -39.869  -68.262  10.222 0.3000000119
26488  -40.100  -67.613  10.540 0.3000000119
29569  -42.167  -64.963  10.161 0.3000000119
29570  -42.846  -64.132  10.494 0.3000000119
27479  -38.407  -66.851  9.937 0.3000000119
26499  -39.237  -67.433  10.172 0.3000000119
29588  -42.647  -64.667  9.384 0.3000000119
27478  -37.800  -66.354  9.708 0.3000000119
137841  -43.821  -63.968  8.570 0.3000000119
149723  -37.152  -64.102  9.511 0.3000000119
28508  -37.180  -65.240  8.693 0.3000000119
141934  -43.669  -64.219  7.644 0.3000000119
29609  -37.144  -64.598  7.874 0.3000000119
30607  -36.896  -63.894  8.237 0.3000000119
31695  -36.816  -63.071  8.148 0.3000000119
31721  -37.292  -62.911  7.176 0.3000000119
32838  -38.051  -61.196  6.484 0.4000000060
150580  -38.443  -60.459  6.267 0.5000000000
27468  -40.425  -67.027  10.677 0.3000000119
28479  -40.892  -66.305  10.419 0.3000000119
28480  -41.547  -65.688  10.437 0.3000000119
27467  -39.673  -66.882  10.406 0.3000000119
28478  -40.109  -66.366  10.372 0.3000000119
28497  -41.706  -65.310  9.463 0.3000000119
27465  -38.204  -66.118  10.221 0.3000000119
29584  -37.432  -64.947  9.714 0.3000000119
29587  -42.195  -65.038  8.985 0.3000000119
29600  -42.192  -64.838  8.503 0.3000000119
30608  -43.073  -64.274  7.452 0.3000000119
32804  -43.131  -61.789  7.673 0.3000000119
32818  -42.856  -62.788  7.287 0.3000000119
149520  -36.815  -62.968  9.068 0.3000000119
140745  -36.851  -62.229  8.708 0.3000000119
135079  -37.114  -62.135  7.701 0.3000000119
142015  -39.745  -65.570  10.320 0.3000000119
28495  -40.612  -65.729  9.981 0.3000000119
28475  -38.029  -65.410  10.324 0.3000000119
149741  -39.041  -65.268  10.638 0.3000000119
28477  -39.304  -66.079  10.446 0.3000000119
29568  -40.202  -64.949  10.022 0.3000000119
29585  -41.046  -65.134  9.395 0.3000000119
28496  -41.279  -65.579  9.630 0.3000000119
139576  -37.528  -64.056  10.185 0.3000000119
29565  -37.960  -64.674  10.484 0.3000000119
29566  -38.673  -64.435  10.802 0.3000000119
29567  -39.417  -64.640  10.577 0.3000000119
31667  -40.571  -63.461  10.073 0.3000000119
30585  -40.691  -64.325  9.591 0.3000000119
30597  -41.917  -64.667  8.494 0.3000000119
31657  -37.670  -63.161  10.636 0.3000000119
32789  -41.592  -62.286  9.521 0.3000000119
159963  -41.685  -63.141  8.686 0.3000000119
32790  -42.292  -61.477  9.333 0.3000000119
31669  -42.096  -62.387  8.618 0.3000000119
31680  -42.119  -63.379  8.091 0.3000000119
33864  -43.468  -60.064  8.954 0.3000000119
155760  -42.918  -60.774  9.174 0.3000000119
32788  -37.023  -61.468  9.324 0.4000000060
33875  -43.840  -60.151  8.144 0.3000000119
32802  -37.162  -61.344  8.270 0.4000000060
36041  -44.824  -58.432  6.459 0.3000000119
138552  -37.574  -60.507  7.815 0.3000000119
33902  -37.956  -60.487  6.938 0.4000000060
148922  -44.867  -56.668  4.450 0.3000000119
33903  -38.461  -59.775  6.524 0.5000000000
30576  -38.492  -63.589  11.001 0.3000000119
31642  -39.557  -62.868  11.167 0.3000000119
160031  -40.127  -62.261  11.314 0.3000000119
31658  -40.286  -62.839  10.784 0.3000000119
32778  -41.911  -61.255  10.165 0.3000000119
150622  -37.387  -61.616  10.374 0.4000000060
138852  -42.478  -60.646  9.935 0.3000000119
34921  -43.444  -59.254  9.394 0.3000000119
140240  -37.300  -60.759  9.800 0.4000000060
135359  -37.315  -60.535  8.868 0.5000000000
34927  -43.864  -59.314  8.586 0.3000000119
140041  -44.660  -58.005  6.967 0.4000000060
37170  -44.534  -57.332  7.208 0.4000000060
33883  -38.019  -59.758  7.331 0.6000000238
38242  -44.765  -56.984  5.327 0.3000000119
34936  -38.092  -59.038  7.590 0.6000000238
34937  -38.486  -59.069  6.845 0.6000000238
31641  -38.860  -62.476  11.460 0.3000000119
140750  -39.597  -61.893  11.655 0.3000000119
33846  -41.136  -60.562  11.533 0.3000000119
31640  -37.973  -62.227  11.091 0.3000000119
32763  -40.367  -61.632  11.547 0.3000000119
139345  -41.785  -59.980  11.145 0.3000000119
161091  -42.059  -60.522  10.547 0.3000000119
34916  -42.982  -59.162  10.204 0.4000000060
33857  -37.673  -60.706  10.574 0.4000000060
35992  -43.397  -58.470  9.760 0.4000000060
33862  -37.499  -60.000  10.019 0.5000000000
147339  -44.067  -57.998  8.677 0.4000000060
37151  -44.018  -57.348  8.707 0.4000000060
39270  -44.075  -55.621  7.097 0.4000000060
33874  -37.480  -59.789  9.190 0.5000000000
34926  -37.595  -59.049  8.840 0.6000000238
36022  -44.264  -58.519  8.171 0.4000000060
37152  -44.339  -57.683  8.086 0.4000000060
39278  -44.324  -55.842  6.277 0.4000000060
39283  -44.080  -54.939  5.909 0.4000000060
157407  -37.792  -58.883  8.169 0.6000000238
153775  -44.537  -56.271  5.602 0.3000000119
39284  -44.408  -55.550  5.269 0.4000000060
36029  -38.061  -58.313  7.709 0.6000000238
37169  -38.500  -57.630  6.921 0.6000000238
32762  -38.656  -61.494  11.588 0.3000000119
33835  -40.449  -60.327  11.990 0.3000000119
34901  -41.146  -59.737  11.785 0.3000000119
147678  -37.927  -61.327  11.053 0.3000000119
33843  -38.245  -60.567  11.298 0.3000000119
34903  -42.323  -59.049  11.018 0.3000000119
35976  -42.280  -58.090  11.245 0.4000000060
152598  -37.878  -59.955  10.772 0.5000000000
35991  -42.876  -58.302  10.536 0.4000000060
140513  -43.643  -57.087  9.400 0.4000000060
34900  -38.236  -59.046  11.407 0.5000000000
38225  -44.083  -56.029  7.941 0.4000000060
34915  -37.699  -59.308  10.431 0.5000000000
35990  -37.583  -58.542  10.206 0.6000000238
39277  -43.818  -54.940  6.827 0.4000000060
40183  -43.823  -54.074  5.380 0.4000000060
36020  -37.701  -58.310  8.464 0.6000000238
40189  -44.026  -53.887  4.590 0.4000000060
42190  -43.926  -52.991  4.309 0.4000000060
37168  -37.867  -57.486  7.914 0.6999999881
38235  -38.622  -56.582  6.230 0.6999999881
33833  -39.095  -59.935  12.079 0.4000000060
157514  -40.534  -59.498  12.105 0.4000000060
162398  -41.827  -58.626  11.564 0.4000000060
37121  -42.063  -57.206  11.493 0.4000000060
34877  -38.666  -59.450  11.797 0.4000000060
35954  -40.301  -58.089  12.278 0.4000000060
37125  -42.730  -57.350  10.788 0.4000000060
35953  -39.348  -58.267  12.331 0.4000000060
38195  -43.214  -56.791  10.138 0.4000000060
38203  -43.448  -56.249  9.440 0.4000000060
149411  -43.322  -54.844  8.685 0.4000000060
39269  -43.667  -55.131  7.790 0.4000000060
40171  -43.343  -53.555  6.811 0.4000000060
37119  -37.606  -57.801  10.872 0.6000000238
40177  -43.646  -54.223  6.344 0.4000000060
41175  -43.721  -53.295  4.961 0.4000000060
37132  -37.488  -57.731  9.835 0.6000000238
37150  -37.574  -57.652  8.888 0.6999999881
152396  -37.631  -56.952  8.510 0.6999999881
43236  -44.779  -52.119  3.837 0.4000000060
38223  -37.849  -56.533  7.806 0.6999999881
139591  -38.577  -55.747  5.385 0.6999999881
37107  -41.312  -57.248  12.003 0.4000000060
37104  -38.561  -57.908  12.125 0.4000000060
37106  -40.581  -57.330  12.301 0.4000000060
38194  -42.683  -56.500  10.755 0.4000000060
35974  -38.073  -58.282  11.550 0.6000000238
154950  -39.093  -56.979  12.564 0.5000000000
39254  -43.217  -55.397  9.448 0.4000000060
38176  -37.899  -56.474  12.040 0.6999999881
41155  -43.192  -53.658  7.688 0.4000000060
38188  -37.557  -56.822  11.215 0.6999999881
137915  -43.289  -52.859  6.440 0.4000000060
38193  -37.311  -56.166  10.646 0.6999999881
43228  -44.316  -52.032  4.885 0.4000000060
43217  -43.767  -51.957  5.836 0.4000000060
38215  -37.598  -56.069  8.649 0.6999999881
43237  -45.487  -51.662  3.966 0.4000000060
38224  -38.200  -56.110  6.981 0.6999999881
39276  -38.155  -55.137  5.787 0.6999999881
44322  -47.347  -50.557  3.805 0.4000000060
45374  -48.088  -50.274  3.248 0.4000000060
39229  -40.314  -55.940  12.609 0.4000000060
38179  -40.870  -56.602  12.263 0.4000000060
38189  -41.589  -56.492  11.852 0.4000000060
38190  -42.211  -56.395  11.342 0.4000000060
37120  -37.992  -57.410  11.723 0.6999999881
152689  -39.578  -56.510  12.655 0.5000000000
39244  -42.765  -55.102  10.164 0.4000000060
154440  -38.058  -55.814  12.436 0.6999999881
39253  -42.929  -54.568  9.441 0.4000000060
41168  -42.810  -52.999  8.076 0.4000000060
137209  -37.434  -56.017  11.450 0.6999999881
145178  -42.608  -52.999  8.963 0.4000000060
144570  -43.254  -51.720  7.171 0.4000000060
138112  -37.262  -55.555  10.115 0.6999999881
135205  -43.417  -51.915  6.575 0.4000000060
38202  -37.406  -56.175  9.721 0.6999999881
142520  -44.247  -51.642  5.816 0.4000000060
43229  -44.888  -51.508  5.365 0.4000000060
44312  -46.244  -50.666  5.231 0.4000000060
39267  -37.797  -55.619  7.620 0.6999999881
44313  -46.895  -50.437  4.715 0.4000000060
39268  -38.001  -55.348  6.699 0.6999999881
45369  -47.960  -50.000  4.007 0.4000000060
45371  -49.058  -49.311  3.359 0.4000000060
150288  -41.345  -55.154  12.080 0.4000000060
40140  -41.749  -54.816  11.572 0.4000000060
162473  -42.089  -55.199  11.260 0.4000000060
39216  -40.038  -55.056  12.943 0.6000000238
40132  -40.765  -55.107  12.540 0.5000000000
161644  -41.784  -53.856  11.297 0.5000000000
146515  -42.293  -53.785  10.397 0.4000000060
44274  -30.953  -50.238  8.281 0.4000000060
150178  -30.755  -50.998  8.218 0.5000000000
39227  -38.554  -55.264  12.784 0.6000000238
139038  -42.380  -52.972  9.869 0.4000000060
40131  -37.903  -54.559  12.696 0.6000000238
42157  -42.600  -52.264  8.358 0.4000000060
39238  -37.375  -54.842  11.824 0.6000000238
44289  -43.335  -51.315  7.729 0.4000000060
40147  -37.126  -54.504  10.872 0.6999999881
43209  -43.894  -51.439  6.811 0.4000000060
136334  -37.173  -54.720  9.952 0.6999999881
44302  -46.150  -50.333  6.214 0.4000000060
40169  -37.648  -54.888  7.309 0.6999999881
45358  -46.931  -49.937  5.649 0.4000000060
46369  -48.527  -48.791  5.184 0.4000000060
46370  -49.168  -48.433  4.831 0.4000000060
48507  -51.429  -46.661  4.456 0.4000000060
40133  -41.240  -54.300  12.219 0.5000000000
40118  -39.686  -54.286  13.149 0.6000000238
40119  -40.456  -54.289  12.823 0.5000000000
149829  -41.671  -53.017  11.373 0.5000000000
46320  -30.686  -48.955  9.093 0.3000000119
45315  -31.113  -49.490  8.367 0.4000000060
46333  -31.673  -49.297  7.673 0.5000000000
41084  -37.932  -53.671  13.049 0.6000000238
41063  -39.348  -53.661  13.320 0.6000000238
41123  -42.030  -53.020  10.707 0.4000000060
40130  -37.394  -53.864  12.290 0.6000000238
42140  -42.429  -52.110  9.299 0.5000000000
41122  -36.754  -53.245  10.999 0.6999999881
135223  -37.045  -53.889  11.370 0.6000000238
43197  -42.937  -51.274  8.266 0.4000000060
41106  -36.641  -52.516  11.132 0.8000000119
135154  -36.985  -53.768  10.268 0.6999999881
44279  -44.139  -50.774  7.906 0.4000000060
44300  -44.680  -50.875  7.101 0.4000000060
45345  -46.653  -49.696  6.635 0.4000000060
45346  -47.229  -49.345  6.309 0.4000000060
47422  -48.905  -48.123  5.671 0.4000000060
47424  -50.151  -47.442  5.058 0.4000000060
49555  -51.649  -45.811  4.723 0.4000000060
42080  -39.441  -52.922  13.390 0.6000000238
42100  -40.565  -52.858  12.902 0.6000000238
42101  -41.053  -52.702  12.441 0.5000000000
41086  -41.375  -53.322  12.012 0.5000000000
46321  -31.391  -48.723  8.656 0.4000000060
46322  -32.106  -48.408  8.093 0.4000000060
41083  -37.477  -53.052  12.619 0.6000000238
42079  -38.754  -52.488  13.411 0.6000000238
42126  -41.835  -52.337  11.079 0.5000000000
46334  -32.290  -49.096  6.947 0.5000000000
43148  -36.888  -51.167  11.765 0.6999999881
163272  -37.226  -52.613  12.283 0.6999999881
42127  -42.202  -52.149  10.242 0.5000000000
46335  -32.919  -48.791  6.117 0.5000000000
146857  -36.494  -50.907  11.250 0.6999999881
43147  -36.549  -51.646  11.202 0.6999999881
157161  -42.761  -50.734  9.466 0.5000000000
47416  -33.868  -48.665  4.940 0.6999999881
47403  -33.670  -48.056  5.826 0.6000000238
43161  -36.051  -51.098  10.640 0.6999999881
44242  -36.317  -50.253  10.960 0.6999999881
42124  -36.343  -52.071  10.496 0.6999999881
44263  -43.239  -50.508  9.245 0.5000000000
47429  -35.281  -48.610  3.967 0.6999999881
47417  -34.643  -48.271  4.525 0.6999999881
45317  -44.756  -50.144  8.644 0.4000000060
43160  -35.450  -50.912  9.922 0.6999999881
43178  -35.851  -51.750  9.983 0.8000000119
45329  -45.945  -49.768  7.784 0.4000000060
45344  -46.012  -50.061  7.107 0.4000000060
45331  -47.096  -49.118  7.029 0.4000000060
46356  -48.279  -48.481  6.082 0.4000000060
48493  -49.850  -47.238  5.714 0.4000000060
49547  -51.257  -45.693  5.368 0.4000000060
43123  -40.183  -51.491  13.275 0.6000000238
43139  -40.687  -52.113  12.825 0.6000000238
43140  -41.227  -51.875  12.235 0.6000000238
43149  -41.621  -51.730  11.514 0.5000000000
47378  -32.533  -47.378  8.627 0.4000000060
47391  -32.771  -48.015  7.422 0.6999999881
44214  -37.848  -50.775  12.738 0.6999999881
42099  -38.212  -51.985  13.199 0.6000000238
157420  -38.837  -51.786  13.436 0.6000000238
44217  -41.399  -50.962  11.894 0.5000000000
45272  -36.759  -49.598  11.236 0.6999999881
45273  -37.292  -49.713  11.879 0.6999999881
44227  -37.315  -50.556  12.160 0.6999999881
43138  -37.861  -51.493  12.883 0.6999999881
149262  -41.780  -51.117  11.219 0.5000000000
44243  -42.095  -50.876  10.665 0.5000000000
47404  -34.374  -47.518  5.445 0.6999999881
44245  -42.854  -50.219  9.903 0.5000000000
46296  -36.451  -48.712  10.154 0.6999999881
45291  -36.260  -49.484  10.545 0.6999999881
45307  -44.287  -49.872  9.500 0.4000000060
46310  -36.088  -48.368  9.282 0.6999999881
45290  -35.620  -49.276  9.657 0.6999999881
47380  -37.357  -47.498  8.291 0.6000000238
46324  -35.966  -48.293  8.336 0.6000000238
46309  -35.356  -48.909  8.653 0.6999999881
45318  -45.599  -49.690  8.438 0.4000000060
45319  -46.302  -49.262  8.181 0.4000000060
47431  -36.474  -47.837  3.420 0.6999999881
47393  -36.685  -48.026  7.892 0.6000000238
46338  -46.902  -48.856  7.783 0.4000000060
46336  -36.722  -48.662  7.004 0.6000000238
47396  -47.932  -47.875  7.703 0.4000000060
47397  -48.536  -47.525  7.278 0.4000000060
47398  -49.168  -47.199  6.875 0.4000000060
145763  -50.902  -46.001  5.709 0.4000000060
50605  -51.827  -44.335  4.930 0.4000000060
143809  -40.840  -51.222  12.654 0.6000000238
48452  -32.943  -46.434  8.665 0.6000000238
47379  -33.302  -47.029  7.895 0.6000000238
48465  -33.942  -46.587  7.270 0.6999999881
46259  -37.862  -49.032  12.253 0.6000000238
45261  -38.462  -49.340  12.822 0.6999999881
45249  -39.024  -49.649  13.256 0.6999999881
44202  -39.865  -50.595  13.377 0.6000000238
46277  -36.760  -48.992  10.832 0.6000000238
46278  -37.311  -48.840  11.440 0.6000000238
45260  -37.835  -49.924  12.513 0.6999999881
48473  -34.187  -47.027  6.344 0.6999999881
46311  -36.980  -47.947  9.821 0.6000000238
44229  -42.385  -50.082  10.660 0.5000000000
48487  -35.019  -47.012  5.056 0.6999999881
48474  -34.889  -46.483  5.799 0.6999999881
47366  -37.395  -47.391  9.203 0.6000000238
45293  -43.958  -49.365  10.257 0.4000000060
48499  -35.960  -47.054  4.043 0.6999999881
47365  -36.675  -47.795  8.830 0.6999999881
48500  -36.603  -46.812  3.632 0.6999999881
46313  -45.635  -48.760  9.770 0.4000000060
46325  -46.039  -49.073  8.984 0.4000000060
47394  -37.511  -47.971  7.224 0.6000000238
46314  -46.464  -48.292  9.463 0.4000000060
46326  -46.702  -48.616  8.577 0.4000000060
46377  -38.091  -49.352  3.102 0.6999999881
46366  -37.895  -49.943  4.237 0.6999999881
46353  -37.630  -49.359  5.457 0.6000000238
47384  -48.379  -47.239  8.067 0.4000000060
48468  -48.977  -46.849  7.615 0.4000000060
48469  -49.507  -46.564  7.189 0.4000000060
49525  -50.522  -45.075  6.881 0.4000000060
49546  -51.041  -45.229  5.964 0.4000000060
51611  -51.070  -43.491  5.942 0.3000000119
44203  -40.431  -50.669  13.028 0.6000000238
48426  -38.699  -46.533  10.933 0.6000000238
46279  -38.016  -48.209  11.837 0.6000000238
46260  -38.652  -48.397  12.569 0.6000000238
45250  -39.585  -49.941  13.320 0.6000000238
45251  -40.233  -49.830  13.090 0.6000000238
44216  -40.913  -50.231  12.459 0.6000000238
48453  -33.587  -46.095  8.055 0.6000000238
47351  -38.084  -47.073  10.377 0.6000000238
47350  -37.578  -47.708  10.570 0.6000000238
47332  -37.592  -48.068  11.197 0.6000000238
147000  -41.578  -48.727  11.782 0.5000000000
149253  -41.459  -50.125  11.809 0.4000000060
44228  -41.834  -50.450  11.266 0.5000000000
48466  -34.637  -46.184  6.743 0.6999999881
143498  -42.235  -48.754  11.363 0.5000000000
45275  -42.494  -49.333  10.980 0.4000000060
45292  -43.051  -49.471  10.448 0.4000000060
48475  -35.465  -45.983  5.484 0.8000000119
160826  -38.351  -46.495  9.143 0.6000000238
141115  -44.426  -48.693  10.704 0.4000000060
46299  -45.218  -48.436  10.517 0.4000000060
48489  -36.178  -46.143  4.311 0.6999999881
47381  -38.050  -47.167  7.825 0.6000000238
47395  -38.397  -47.593  6.836 0.6000000238
144424  -46.579  -47.693  10.042 0.4000000060
48501  -37.877  -46.916  3.016 0.6999999881
47369  -47.503  -47.322  9.254 0.4000000060
48456  -48.147  -46.926  8.842 0.4000000060
47442  -38.420  -47.947  2.907 0.6999999881
46384  -38.695  -48.687  3.145 0.6999999881
46367  -38.726  -49.363  4.045 0.6999999881
47419  -39.249  -48.605  4.730 0.6999999881
48444  -48.482  -46.154  9.173 0.4000000060
48457  -48.777  -46.486  8.384 0.4000000060
46379  -39.510  -48.468  3.373 0.6999999881
49513  -49.103  -45.650  8.698 0.4000000060
50573  -49.634  -44.071  8.346 0.3000000119
149531  -50.023  -45.314  7.563 0.4000000060
154826  -50.043  -42.871  6.987 0.4000000060
50582  -50.549  -44.180  6.963 0.3000000119
47333  -38.196  -47.400  11.308 0.6000000238
47334  -39.041  -46.824  11.855 0.6000000238
47320  -39.935  -47.562  12.481 0.6000000238
143251  -40.243  -48.176  12.631 0.6000000238
158112  -41.295  -48.046  11.998 0.5000000000
49509  -34.689  -45.102  7.885 0.6000000238
49521  -35.085  -45.598  7.147 0.6000000238
149737  -38.531  -46.407  9.935 0.6000000238
144613  -39.369  -46.147  11.268 0.6000000238
46280  -41.893  -48.008  11.630 0.5000000000
49528  -35.299  -45.826  6.296 0.6999999881
47336  -43.132  -47.473  11.552 0.5000000000
45276  -42.895  -48.799  11.060 0.4000000060
49540  -36.005  -45.788  5.066 0.6999999881
49529  -36.053  -45.620  6.012 0.6999999881
48467  -38.832  -46.806  7.446 0.6000000238
48454  -38.540  -46.510  8.381 0.6000000238
47337  -44.354  -47.575  11.586 0.5000000000
46283  -44.803  -48.054  11.159 0.5000000000
49541  -36.689  -45.704  4.789 0.8000000119
49530  -36.556  -45.556  5.498 0.8000000119
47339  -45.737  -47.206  11.416 0.4000000060
46300  -46.001  -48.087  10.299 0.4000000060
49551  -36.867  -46.042  3.957 0.8000000119
48476  -39.210  -47.236  6.470 0.6000000238
47353  -46.325  -47.320  10.794 0.4000000060
48502  -38.226  -46.314  3.284 0.6999999881
47407  -39.653  -47.728  5.459 0.6999999881
53714  -47.266  -41.827  10.643 0.5000000000
52648  -47.255  -42.594  11.221 0.5000000000
50546  -47.868  -43.812  10.941 0.5000000000
156751  -47.244  -45.866  11.035 0.4000000060
48429  -47.513  -46.239  10.397 0.4000000060
48511  -38.780  -47.094  3.112 0.6999999881
47443  -39.333  -47.939  3.168 0.6999999881
46368  -39.460  -48.737  3.883 0.6999999881
47420  -40.054  -48.106  4.484 0.6999999881
143551  -47.197  -41.086  10.171 0.5000000000
52662  -47.943  -42.519  10.404 0.5000000000
51566  -48.655  -43.562  9.748 0.4000000060
49483  -48.307  -44.975  10.182 0.4000000060
49498  -48.687  -45.307  9.435 0.4000000060
54720  -47.567  -40.346  9.092 0.4000000060
52672  -47.769  -41.701  9.905 0.5000000000
53726  -48.162  -41.538  9.184 0.4000000060
51580  -48.834  -42.826  9.131 0.4000000060
51581  -49.416  -43.124  8.397 0.4000000060
49499  -49.207  -44.724  8.924 0.4000000060
54721  -47.985  -40.367  8.339 0.4000000060
53740  -47.963  -40.947  8.712 0.4000000060
150158  -48.413  -41.533  8.407 0.4000000060
52703  -48.946  -42.247  8.234 0.4000000060
51590  -49.890  -43.433  7.715 0.4000000060
48407  -39.944  -46.265  11.783 0.6000000238
48395  -39.683  -46.973  12.213 0.6000000238
48427  -39.324  -45.748  10.386 0.6000000238
49479  -40.009  -45.614  11.089 0.6000000238
48409  -41.592  -46.563  11.699 0.5000000000
48410  -42.378  -46.392  11.650 0.5000000000
47335  -41.424  -47.371  11.848 0.5000000000
50578  -35.582  -45.114  7.477 0.6000000238
49522  -35.726  -45.513  6.775 0.6999999881
49510  -40.083  -45.226  8.506 0.6000000238
48442  -39.062  -45.835  9.128 0.6000000238
49466  -42.947  -45.830  11.797 0.5000000000
48411  -43.066  -46.649  11.725 0.5000000000
160362  -36.298  -45.256  6.897 0.6000000238
163331  -39.594  -46.338  7.031 0.6000000238
48455  -39.308  -45.976  7.987 0.6000000238
48399  -44.807  -46.056  12.315 0.5000000000
140772  -43.774  -47.069  11.811 0.5000000000
50596  -37.242  -45.300  5.536 0.8000000119
51534  -46.772  -43.768  12.024 0.5000000000
49455  -45.007  -45.127  12.524 0.5000000000
48413  -45.390  -46.708  11.923 0.5000000000
49542  -37.548  -45.536  4.534 0.8000000119
48477  -39.993  -46.742  6.105 0.6000000238
54676  -45.909  -40.798  11.464 0.5000000000
53693  -45.127  -42.026  12.395 0.5000000000
52630  -46.371  -43.096  12.146 0.5000000000
50522  -46.284  -44.423  12.343 0.5000000000
49467  -45.827  -45.852  12.212 0.5000000000
48415  -46.688  -45.892  11.599 0.4000000060
48490  -40.487  -47.270  5.184 0.6999999881
52646  -45.807  -41.977  12.142 0.5000000000
53696  -46.782  -41.897  11.273 0.5000000000
51542  -47.364  -43.428  11.436 0.5000000000
50534  -47.374  -44.229  11.496 0.5000000000
49562  -39.049  -46.136  3.381 0.8000000119
47434  -41.080  -47.392  3.557 0.6999999881
47421  -40.860  -47.611  4.305 0.6999999881
55665  -46.230  -39.656  10.570 0.5000000000
55666  -46.785  -39.866  10.028 0.4000000060
135829  -40.413  -47.699  3.263 0.6999999881
54707  -47.171  -40.412  9.756 0.4000000060
48408  -40.779  -46.361  11.754 0.5000000000
51577  -34.258  -43.583  8.508 0.5000000000
148241  -40.045  -45.176  9.564 0.6000000238
49495  -40.195  -45.266  10.384 0.6000000238
49465  -42.122  -45.834  11.524 0.5000000000
50571  -35.115  -44.318  8.159 0.5000000000
138743  -42.868  -45.111  11.515 0.5000000000
49453  -43.574  -45.074  12.122 0.5000000000
158282  -34.380  -42.575  8.339 0.5000000000
140495  -35.020  -43.405  8.452 0.5000000000
51586  -36.107  -44.545  7.607 0.5000000000
49523  -40.272  -45.541  7.512 0.6000000238
51541  -43.786  -43.382  12.095 0.5000000000
50520  -44.599  -44.192  12.531 0.5000000000
49454  -44.257  -45.443  12.371 0.5000000000
160926  -40.368  -45.946  6.681 0.6000000238
49531  -41.405  -45.393  7.020 0.6000000238
140058  -44.618  -41.407  12.047 0.5000000000
161632  -44.234  -42.373  12.278 0.5000000000
51532  -44.552  -43.326  12.474 0.5000000000
50521  -45.492  -44.357  12.544 0.5000000000
50587  -37.883  -44.787  6.099 0.6999999881
48478  -41.007  -46.255  5.947 0.6000000238
52629  -45.716  -42.695  12.369 0.5000000000
51533  -45.903  -43.606  12.449 0.5000000000
137453  -38.061  -45.000  5.383 0.6999999881
48491  -41.262  -46.875  4.970 0.6999999881
54675  -45.079  -40.660  11.669 0.5000000000
49543  -38.486  -45.085  4.676 0.6999999881
160641  -45.679  -39.320  10.812 0.4000000060
49552  -38.255  -45.650  3.862 0.8000000119
48513  -41.034  -46.969  3.157 0.6999999881
55681  -46.661  -39.109  9.973 0.5000000000
57753  -47.142  -37.781  9.165 0.5000000000
49553  -39.081  -45.235  3.943 0.6999999881
48512  -40.012  -46.932  3.225 0.8000000119
56680  -47.294  -38.733  9.318 0.4000000060
56692  -47.918  -38.874  8.575 0.5000000000
58914  -49.070  -35.942  5.718 0.4000000060
59935  -49.070  -35.662  4.781 0.5000000000
61021  -48.356  -34.532  4.160 0.5000000000
57813  -49.609  -37.243  3.777 0.5000000000
59962  -49.166  -35.776  3.745 0.5000000000
61035  -48.422  -34.666  3.415 0.5000000000
49480  -40.889  -45.228  10.710 0.6000000238
49481  -41.919  -45.253  11.003 0.5000000000
49496  -41.092  -44.796  8.972 0.6000000238
151287  -40.984  -44.809  9.926 0.6000000238
50544  -41.919  -44.702  10.236 0.6000000238
50531  -43.033  -44.320  11.094 0.5000000000
50532  -43.461  -44.236  11.759 0.5000000000
50519  -43.890  -44.225  12.288 0.5000000000
52684  -35.443  -42.755  8.429 0.5000000000
51578  -35.806  -43.686  8.193 0.5000000000
143738  -37.286  -44.054  7.360 0.6999999881
49511  -41.363  -45.074  8.026 0.6000000238
50559  -42.059  -44.591  9.328 0.6000000238
139979  -43.395  -42.512  11.696 0.5000000000
53736  -35.049  -41.857  8.108 0.5000000000
52698  -37.118  -43.269  7.778 0.6000000238
51540  -43.285  -43.377  11.372 0.5000000000
50579  -37.630  -44.392  6.755 0.6999999881
49524  -42.380  -45.116  7.108 0.6000000238
54674  -44.247  -40.670  11.685 0.5000000000
157139  -38.446  -43.891  6.520 0.6999999881
49532  -41.891  -45.558  6.272 0.6000000238
54690  -45.563  -39.930  11.186 0.5000000000
55664  -44.238  -39.354  11.103 0.4000000060
56678  -45.760  -37.897  9.786 0.5000000000
48504  -41.769  -46.818  3.747 0.6999999881
48492  -41.847  -46.390  4.652 0.6999999881
48514  -41.553  -46.821  3.213 0.6999999881
56679  -46.548  -38.240  9.724 0.5000000000
59912  -47.307  -35.476  7.232 0.4000000060
60995  -47.468  -34.512  6.186 0.4000000060
49565  -41.999  -46.081  2.910 0.6999999881
60996  -48.121  -34.926  5.816 0.4000000060
50613  -40.719  -44.920  2.855 0.6999999881
61006  -48.407  -34.836  4.920 0.4000000060
50598  -39.229  -44.569  4.615 0.6999999881
59967  -49.094  -35.901  2.892 0.5000000000
59966  -48.681  -35.618  2.079 0.5000000000
61040  -48.384  -34.865  2.501 0.5000000000
50545  -42.605  -44.289  10.447 0.5000000000
50572  -42.350  -44.355  8.771 0.6000000238
50560  -42.493  -44.213  9.647 0.5000000000
51552  -42.875  -43.586  10.673 0.5000000000
53753  -35.674  -41.318  7.779 0.6000000238
162753  -36.431  -41.643  7.982 0.6000000238
49512  -42.231  -45.095  7.750 0.6000000238
52661  -42.738  -42.658  10.993 0.5000000000
52699  -37.641  -42.611  7.662 0.6000000238
50581  -42.537  -44.867  7.018 0.5000000000
51579  -42.414  -44.182  8.328 0.5000000000
154862  -43.587  -40.705  11.458 0.5000000000
55653  -43.885  -39.986  11.397 0.5000000000
52700  -38.458  -42.798  7.082 0.6999999881
49533  -42.417  -45.133  6.367 0.6000000238
55654  -44.670  -39.899  11.416 0.5000000000
55663  -43.502  -39.445  10.815 0.6000000238
56662  -45.054  -38.244  10.229 0.5000000000
163165  -42.398  -45.306  4.791 0.6999999881
58871  -45.540  -36.195  8.287 0.5000000000
60982  -46.136  -34.582  7.718 0.4000000060
50588  -38.465  -44.475  5.879 0.6999999881
49566  -42.353  -45.699  3.298 0.6999999881
49572  -42.168  -45.238  2.680 0.6999999881
140176  -46.333  -36.297  8.175 0.5000000000
59898  -46.025  -35.686  7.920 0.4000000060
60983  -46.518  -34.332  7.250 0.4000000060
60984  -47.084  -34.747  6.896 0.4000000060
50597  -38.821  -44.530  5.341 0.6999999881
49564  -41.017  -45.978  2.978 0.6999999881
62024  -46.929  -33.323  5.951 0.4000000060
62031  -47.389  -33.515  5.127 0.4000000060
52718  -39.385  -43.096  5.226 0.6999999881
51626  -40.346  -43.862  3.163 0.6999999881
61005  -47.741  -34.321  5.414 0.4000000060
62967  -47.234  -32.746  4.512 0.4000000060
145039  -39.580  -43.357  4.593 0.6999999881
61020  -47.922  -34.130  4.584 0.4000000060
62983  -47.367  -32.761  3.530 0.4000000060
62995  -47.279  -32.912  2.516 0.4000000060
61047  -48.167  -35.010  1.515 0.5000000000
61039  -48.074  -34.199  2.794 0.5000000000
51564  -42.505  -43.852  9.287 0.5000000000
52671  -42.397  -43.184  10.143 0.5000000000
52660  -41.735  -42.353  9.838 0.5000000000
154889  -42.179  -42.309  10.461 0.5000000000
54688  -42.474  -40.785  10.636 0.5000000000
54736  -36.481  -40.894  7.578 0.6000000238
145805  -37.197  -41.693  7.818 0.6000000238
52702  -41.786  -43.557  7.757 0.5000000000
53712  -42.484  -41.712  10.875 0.5000000000
53755  -38.045  -41.848  7.397 0.6999999881
51598  -41.766  -43.652  6.739 0.5000000000
55662  -42.674  -39.814  10.385 0.6000000238
56661  -44.084  -38.627  10.437 0.5000000000
51599  -42.363  -44.461  6.545 0.6000000238
51610  -42.289  -44.449  5.457 0.6999999881
149658  -45.029  -37.680  9.536 0.5000000000
59897  -45.362  -35.418  8.337 0.4000000060
53766  -38.590  -41.873  6.665 0.6999999881
50599  -42.458  -44.877  4.536 0.8000000119
58870  -45.049  -36.733  8.611 0.5000000000
59896  -44.831  -36.134  8.595 0.5000000000
62014  -46.459  -33.684  7.162 0.4000000060
60994  -46.854  -33.956  6.554 0.4000000060
62957  -46.603  -32.107  5.697 0.4000000060
51607  -39.041  -43.838  5.803 0.6999999881
52730  -41.840  -42.377  3.126 0.6000000238
62966  -46.771  -32.094  4.872 0.4000000060
50620  -41.593  -44.582  2.430 0.6999999881
51634  -41.600  -43.651  2.437 0.6999999881
52740  -41.685  -42.295  2.806 0.6000000238
53785  -41.685  -41.513  3.324 0.6000000238
62982  -47.009  -32.038  3.968 0.4000000060
52729  -39.650  -42.611  4.279 0.6999999881
52738  -40.211  -42.345  3.242 0.6000000238
52739  -40.873  -42.331  2.519 0.6999999881
53804  -41.010  -41.534  2.444 0.6000000238
53794  -41.627  -41.346  2.863 0.6000000238
53775  -39.354  -42.006  5.014 0.6999999881
54786  -41.343  -40.322  2.646 0.6000000238
54778  -41.574  -40.427  2.826 0.6000000238
140494  -41.331  -38.846  2.635 0.6000000238
162309  -41.597  -39.096  2.851 0.6000000238
152381  -48.027  -34.430  1.980 0.5000000000
62071  -47.207  -33.776  0.856 0.5000000000
53711  -41.913  -41.499  10.233 0.6000000238
54735  -35.437  -40.490  7.172 0.5000000000
52687  -41.856  -43.382  8.684 0.5000000000
53725  -41.441  -41.419  9.429 0.6000000238
54706  -41.865  -40.405  9.794 0.6000000238
54737  -37.518  -41.003  7.461 0.6000000238
53765  -38.182  -41.163  7.027 0.6000000238
52686  -41.173  -42.616  8.131 0.6000000238
53739  -41.338  -42.361  8.974 0.6000000238
55680  -43.069  -38.924  10.041 0.5000000000
56676  -43.442  -38.200  9.452 0.5000000000
56677  -44.306  -37.880  9.584 0.5000000000
55723  -37.072  -39.718  7.069 0.6000000238
54752  -37.798  -40.330  6.955 0.6000000238
52701  -41.033  -42.519  6.997 0.6000000238
57749  -43.644  -37.465  8.995 0.5000000000
59882  -44.708  -35.500  8.829 0.5000000000
60970  -45.683  -34.431  8.297 0.4000000060
154096  -46.137  -33.932  7.711 0.4000000060
145851  -38.895  -41.723  5.859 0.6999999881
54753  -38.504  -40.900  6.231 0.6000000238
51609  -41.817  -43.472  4.830 0.6999999881
52710  -41.370  -42.754  5.591 0.6000000238
57750  -44.580  -37.274  8.981 0.5000000000
58855  -44.251  -36.753  8.810 0.5000000000
62939  -46.368  -32.336  7.339 0.4000000060
62949  -46.504  -32.184  6.497 0.4000000060
63919  -46.560  -31.425  5.275 0.4000000060
158424  -42.200  -43.760  3.383 0.6999999881
52719  -41.641  -42.476  4.119 0.6999999881
144336  -40.853  -40.104  5.475 0.6999999881
56691  -42.853  -37.993  8.887 0.5000000000
58854  -43.389  -36.794  9.070 0.5000000000
151030  -46.526  -30.863  4.862 0.4000000060
54768  -39.049  -40.291  4.637 0.6000000238
55736  -41.317  -39.808  4.419 0.6000000238
55735  -40.792  -39.436  5.433 0.6999999881
63931  -46.672  -31.397  4.437 0.4000000060
53793  -40.499  -41.401  2.784 0.6000000238
148841  -41.678  -39.823  3.344 0.6000000238
55748  -41.186  -38.990  4.543 0.6000000238
57789  -40.475  -37.696  6.233 0.6000000238
63945  -46.703  -31.310  3.509 0.4000000060
54777  -40.342  -40.293  2.835 0.6000000238
54785  -40.965  -40.741  2.469 0.6000000238
56740  -41.294  -38.180  4.153 0.6000000238
147239  -40.547  -36.801  5.730 0.6000000238
63955  -46.482  -31.247  2.527 0.4000000060
57812  -41.576  -37.901  3.214 0.6000000238
58913  -41.016  -36.563  4.350 0.6000000238
63960  -46.157  -31.498  0.914 0.5000000000
137197  -46.486  -31.850  1.959 0.4000000060
62070  -46.699  -33.119  0.550 0.5000000000
63965  -47.125  -31.508  -0.331 0.5000000000
53738  -40.802  -41.658  7.827 0.6000000238
136288  -41.082  -41.446  8.633 0.6000000238
55678  -41.645  -39.720  8.977 0.6000000238
56675  -42.641  -38.597  9.220 0.5000000000
55722  -36.264  -39.359  6.756 0.6000000238
54738  -40.697  -40.725  7.388 0.6000000238
55693  -41.996  -38.972  8.896 0.5000000000
60956  -45.032  -34.731  8.990 0.5000000000
62001  -45.894  -33.415  8.343 0.4000000060
55734  -37.923  -39.128  6.062 0.6000000238
55724  -38.234  -39.934  6.147 0.6000000238
53756  -40.711  -41.430  6.889 0.6000000238
55708  -40.606  -39.978  6.987 0.6000000238
56689  -41.616  -38.545  8.458 0.5000000000
58852  -41.549  -36.461  9.300 0.5000000000
58853  -42.438  -36.723  9.305 0.5000000000
59880  -43.055  -36.048  9.532 0.5000000000
62002  -46.280  -33.154  7.584 0.4000000060
63901  -46.403  -31.506  7.006 0.4000000060
63911  -46.482  -31.426  6.121 0.4000000060
53767  -40.954  -41.605  5.909 0.6999999881
154554  -40.692  -38.725  7.375 0.5000000000
57761  -42.133  -37.944  8.684 0.5000000000
64916  -46.485  -30.241  4.816 0.4000000060
55747  -39.226  -39.512  4.022 0.6000000238
59895  -40.636  -35.292  8.631 0.6000000238
161302  -46.498  -30.087  4.282 0.4000000060
55758  -39.836  -39.527  3.138 0.6000000238
148627  -40.116  -38.828  2.771 0.6000000238
59909  -40.419  -35.522  7.813 0.6000000238
148072  -46.485  -29.922  3.692 0.4000000060
52717  -39.067  -42.771  6.142 0.6999999881
56757  -41.022  -38.309  2.506 0.6000000238
142183  -46.188  -31.235  1.657 0.4000000060
148953  -46.311  -29.586  2.614 0.4000000060
57823  -41.474  -37.744  2.894 0.6000000238
162131  -41.298  -36.731  3.533 0.6000000238
63963  -46.520  -31.522  0.204 0.5000000000
64951  -45.910  -30.583  1.222 0.4000000060
145723  -47.015  -29.942  -0.136 0.5000000000
140488  -48.117  -30.017  -0.299 0.4000000060
54719  -40.947  -40.826  8.175 0.6000000238
55692  -41.535  -39.240  8.464 0.5000000000
60943  -44.013  -34.465  10.225 0.5000000000
155668  -44.729  -34.130  9.802 0.5000000000
62925  -46.095  -31.990  8.709 0.4000000060
56729  -38.255  -38.447  5.286 0.6000000238
56738  -38.921  -38.667  4.290 0.6000000238
55709  -41.103  -39.922  8.038 0.6000000238
59865  -41.907  -35.226  10.055 0.5000000000
60954  -43.574  -35.266  9.877 0.5000000000
60955  -44.348  -35.043  9.520 0.5000000000
63893  -46.329  -31.609  7.997 0.4000000060
64890  -46.405  -30.780  7.493 0.4000000060
143634  -46.420  -30.716  6.590 0.4000000060
55746  -38.595  -39.469  5.150 0.6000000238
58869  -40.971  -36.926  8.665 0.5000000000
64905  -46.461  -30.631  5.632 0.4000000060
56739  -39.497  -38.804  3.378 0.6000000238
57821  -40.278  -37.478  2.680 0.6000000238
156909  -40.423  -34.824  7.979 0.6000000238
67168  -46.466  -28.574  2.787 0.4000000060
58922  -41.138  -36.206  3.413 0.6000000238
142804  -40.397  -34.898  7.173 0.6000000238
66040  -45.968  -29.727  1.532 0.4000000060
58923  -41.419  -37.043  3.092 0.6000000238
149310  -40.930  -35.814  4.208 0.6000000238
58897  -40.658  -35.928  5.256 0.6000000238
147170  -45.829  -29.192  1.163 0.4000000060
66045  -46.573  -29.161  0.186 0.4000000060
159073  -48.201  -27.626  0.372 0.3000000119
64955  -46.062  -30.690  0.576 0.5000000000
66046  -47.558  -29.200  -0.101 0.4000000060
68324  -49.920  -27.969  0.212 0.3000000119
156851  -44.332  -33.604  10.427 0.5000000000
61980  -45.101  -33.069  10.050 0.5000000000
63889  -46.177  -31.258  8.900 0.5000000000
144485  -46.457  -30.109  8.044 0.5000000000
60942  -43.158  -34.580  10.355 0.5000000000
148030  -43.829  -33.187  10.705 0.6000000238
144836  -46.489  -29.915  7.053 0.5000000000
66003  -46.630  -29.525  6.314 0.4000000060
57820  -39.513  -37.426  3.171 0.6000000238
151907  -39.971  -36.637  2.792 0.6000000238
153919  -41.658  -34.592  10.088 0.6000000238
66015  -46.568  -29.706  5.485 0.4000000060
67152  -46.866  -28.972  5.005 0.4000000060
58933  -40.447  -36.045  2.864 0.6000000238
60952  -40.846  -34.698  9.212 0.6999999881
68298  -46.764  -27.854  3.054 0.3000000119
140226  -40.501  -35.015  3.282 0.6000000238
154367  -40.785  -33.922  9.175 0.6000000238
68305  -46.524  -27.741  2.182 0.3000000119
59960  -40.729  -35.697  3.091 0.6000000238
59948  -40.798  -35.392  3.647 0.6000000238
62000  -40.537  -33.485  8.445 0.6000000238
67173  -46.169  -28.772  1.777 0.4000000060
59933  -40.662  -35.192  4.693 0.6000000238
144132  -40.461  -35.196  6.062 0.6000000238
62938  -40.313  -32.907  7.604 0.6000000238
67178  -46.053  -28.557  1.147 0.3000000119
68321  -46.758  -27.936  0.562 0.3000000119
152617  -48.658  -27.113  0.659 0.3000000119
68314  -49.541  -27.258  0.817 0.3000000119
68315  -50.266  -27.700  0.766 0.3000000119
63873  -44.212  -31.857  10.836 0.6000000238
146268  -44.845  -32.247  10.399 0.5000000000
64883  -45.984  -30.699  9.516 0.5000000000
147986  -46.332  -30.379  8.855 0.5000000000
61978  -42.640  -33.826  10.496 0.6000000238
62912  -43.599  -32.513  10.870 0.6000000238
67133  -46.846  -28.921  6.892 0.4000000060
67144  -47.246  -28.310  5.368 0.4000000060
58921  -39.070  -36.661  3.488 0.6000000238
159641  -39.728  -34.915  2.962 0.6000000238
61977  -41.705  -33.829  10.224 0.6000000238
67153  -47.146  -28.337  4.497 0.3000000119
59959  -40.190  -35.097  2.989 0.6000000238
62040  -40.036  -33.662  3.754 0.6000000238
62030  -40.230  -33.782  4.518 0.6000000238
62956  -39.957  -33.214  5.217 0.6000000238
62932  -40.523  -32.625  8.521 0.6000000238
62023  -40.243  -33.662  5.700 0.6000000238
151261  -46.577  -27.282  1.598 0.3000000119
62013  -40.257  -33.405  6.706 0.6000000238
69339  -46.825  -26.940  1.187 0.3000000119
69341  -48.244  -26.481  0.847 0.3000000119
69342  -49.586  -26.708  1.334 0.3000000119
70359  -50.642  -26.865  1.900 0.3000000119
147168  -44.463  -31.084  10.805 0.6000000238
64868  -45.046  -30.562  10.583 0.6000000238
144312  -45.496  -31.055  10.019 0.5000000000
153756  -46.324  -29.116  9.534 0.5000000000
65987  -46.475  -29.453  8.762 0.4000000060
63852  -42.939  -30.900  11.085 0.6000000238
63853  -43.776  -31.064  11.062 0.6000000238
67126  -47.155  -28.140  7.136 0.4000000060
68271  -47.605  -27.385  6.174 0.4000000060
63871  -42.371  -31.468  10.826 0.6000000238
159324  -47.511  -27.689  5.644 0.4000000060
68282  -47.534  -27.652  4.874 0.3000000119
61032  -39.648  -34.377  3.096 0.6000000238
63870  -41.536  -31.084  10.358 0.6000000238
67163  -47.321  -27.609  3.828 0.3000000119
62955  -39.707  -32.546  5.363 0.6000000238
63887  -41.130  -31.813  9.868 0.6000000238
70334  -47.544  -25.599  2.931 0.3000000119
141964  -40.326  -32.156  7.960 0.6000000238
69327  -46.777  -26.744  2.054 0.3000000119
63899  -39.989  -32.021  7.198 0.6000000238
71447  -47.965  -25.197  1.158 0.3000000119
71450  -49.530  -25.753  1.940 0.3000000119
65960  -44.803  -29.807  10.963 0.6000000238
158839  -45.382  -29.802  10.556 0.5000000000
158106  -46.552  -27.929  9.251 0.5000000000
143986  -46.802  -27.997  8.503 0.4000000060
68261  -47.161  -27.718  7.736 0.4000000060
65945  -44.007  -29.720  11.193 0.6000000238
68253  -47.559  -26.539  7.269 0.4000000060
69288  -47.757  -26.696  6.430 0.4000000060
70317  -48.072  -26.003  5.851 0.4000000060
69307  -47.787  -26.877  4.409 0.3000000119
62029  -39.762  -33.010  4.368 0.6000000238
64866  -41.624  -30.167  10.475 0.6000000238
70325  -48.340  -25.251  4.295 0.3000000119
62965  -39.414  -32.185  4.539 0.6000000238
63918  -39.459  -31.622  5.587 0.6000000238
64882  -41.178  -30.380  9.941 0.6000000238
71417  -47.613  -24.663  2.694 0.3000000119
64889  -40.512  -30.922  8.692 0.6000000238
63910  -39.671  -31.578  6.540 0.6000000238
144136  -39.827  -31.117  7.154 0.6000000238
64896  -40.161  -30.561  7.801 0.6000000238
65946  -44.518  -29.088  11.225 0.6000000238
68224  -46.007  -27.542  10.365 0.4000000060
68225  -46.414  -27.421  9.707 0.4000000060
150030  -46.750  -27.294  9.014 0.4000000060
142629  -47.124  -27.194  8.319 0.4000000060
65944  -43.203  -29.595  11.241 0.5000000000
148179  -43.690  -29.038  11.324 0.5000000000
65943  -42.409  -29.348  11.082 0.5000000000
70318  -48.395  -25.251  5.282 0.3000000119
65958  -41.732  -29.404  10.637 0.5000000000
71406  -48.475  -24.481  4.752 0.3000000119
63930  -39.138  -31.337  4.516 0.6000000238
140855  -40.755  -30.110  9.232 0.5000000000
64904  -39.452  -30.888  6.340 0.6000000238
160536  -40.569  -29.653  8.792 0.6000000238
141843  -39.654  -30.191  7.001 0.6000000238
66002  -39.407  -29.475  6.433 0.5000000000
67123  -40.025  -28.895  7.606 0.5000000000
69228  -44.966  -26.744  11.193 0.4000000060
69244  -45.670  -26.772  10.675 0.3000000119
69245  -46.227  -26.742  10.119 0.4000000060
69274  -46.990  -26.557  8.786 0.4000000060
69275  -47.323  -26.466  8.058 0.3000000119
67075  -43.273  -28.417  11.370 0.5000000000
67076  -44.097  -28.380  11.368 0.4000000060
151795  -47.331  -24.906  7.967 0.3000000119
151487  -47.659  -24.975  7.107 0.3000000119
70297  -47.770  -25.841  6.759 0.3000000119
65959  -41.955  -28.798  10.860 0.5000000000
72502  -47.589  -23.346  7.146 0.3000000119
67090  -41.491  -28.620  10.256 0.5000000000
71400  -48.338  -24.424  5.650 0.3000000119
67104  -41.036  -28.787  9.553 0.5000000000
73617  -48.174  -22.663  3.276 0.3000000119
67116  -40.686  -28.435  8.854 0.5000000000
65986  -40.387  -29.205  8.385 0.5000000000
141710  -45.308  -26.020  10.916 0.3000000119
70255  -45.587  -25.287  10.628 0.3000000119
70256  -46.197  -25.272  10.105 0.3000000119
70271  -46.649  -25.260  9.340 0.3000000119
69226  -43.356  -26.357  11.344 0.3000000119
68205  -44.403  -27.520  11.349 0.4000000060
71366  -46.948  -24.776  8.683 0.3000000119
71367  -47.135  -24.147  8.256 0.3000000119
69225  -42.715  -26.804  11.110 0.3000000119
71379  -47.483  -24.154  7.498 0.3000000119
68222  -41.604  -27.688  10.189 0.4000000060
71390  -47.898  -24.117  6.559 0.3000000119
72512  -48.264  -23.623  5.771 0.3000000119
67105  -41.190  -28.055  9.549 0.5000000000
73606  -48.472  -22.749  4.194 0.3000000119
140884  -48.401  -22.023  3.544 0.3000000119
68259  -40.112  -28.079  7.492 0.4000000060
145885  -40.515  -27.765  8.202 0.5000000000
71318  -45.160  -24.561  10.817 0.3000000119
71332  -45.819  -24.559  10.306 0.3000000119
72461  -46.006  -23.968  9.945 0.3000000119
70238  -43.354  -25.610  11.325 0.3000000119
145757  -44.577  -26.003  11.251 0.3000000119
72479  -46.421  -23.838  9.335 0.3000000119
158989  -46.771  -24.151  8.802 0.3000000119
71315  -42.700  -25.203  11.100 0.3000000119
73576  -47.278  -22.722  7.587 0.3000000119
73590  -47.639  -22.470  6.856 0.3000000119
143178  -41.761  -26.026  10.042 0.3000000119
70254  -42.177  -25.574  10.582 0.3000000119
73591  -48.038  -22.501  6.219 0.3000000119
153015  -48.282  -22.851  5.704 0.3000000119
69258  -41.455  -26.502  9.469 0.3000000119
68240  -41.355  -27.260  9.527 0.4000000060
74596  -48.432  -21.136  5.318 0.3000000119
68252  -41.181  -26.886  8.977 0.4000000060
74603  -48.597  -21.217  3.754 0.3000000119
68260  -40.369  -27.248  7.504 0.4000000060
68251  -40.819  -26.876  8.270 0.4000000060
75662  -48.461  -20.656  2.903 0.3000000119
157866  -48.576  -21.393  2.576 0.3000000119
72447  -43.836  -23.944  11.269 0.3000000119
71317  -44.370  -24.635  11.169 0.3000000119
72448  -44.652  -23.891  10.974 0.3000000119
72478  -45.936  -23.163  9.815 0.3000000119
140586  -46.415  -23.074  9.168 0.3000000119
73561  -46.606  -22.638  8.651 0.3000000119
71316  -43.429  -24.745  11.296 0.3000000119
146170  -46.457  -21.964  8.659 0.3000000119
73575  -46.855  -22.133  8.029 0.3000000119
147804  -47.270  -22.045  7.388 0.3000000119
70253  -41.743  -25.066  10.049 0.3000000119
71331  -42.190  -24.738  10.713 0.3000000119
74573  -47.543  -21.518  6.867 0.3000000119
75639  -48.081  -20.365  5.853 0.3000000119
69273  -41.277  -26.234  8.747 0.4000000060
75640  -48.569  -20.363  4.900 0.3000000119
76732  -48.688  -19.714  4.305 0.3000000119
69281  -40.639  -26.536  7.500 0.4000000060
145482  -48.530  -19.924  3.486 0.3000000119
137887  -48.380  -18.711  3.076 0.3000000119
76749  -48.772  -19.919  2.676 0.3000000119
137855  -50.000  -18.775  2.127 0.3000000119
73532  -44.862  -22.394  10.519 0.3000000119
145266  -45.330  -22.948  10.325 0.3000000119
73543  -45.498  -22.332  9.966 0.3000000119
73544  -46.136  -22.314  9.290 0.3000000119
73531  -44.176  -22.647  10.961 0.3000000119
144133  -45.693  -20.994  9.287 0.3000000119
158341  -46.349  -20.510  8.278 0.3000000119
72458  -42.261  -23.952  10.971 0.3000000119
142110  -42.525  -23.204  11.158 0.3000000119
74561  -46.510  -21.263  8.291 0.3000000119
74572  -47.008  -21.379  7.566 0.3000000119
75625  -47.672  -20.782  6.529 0.3000000119
71330  -41.768  -24.129  10.396 0.3000000119
76707  -47.206  -19.251  6.685 0.3000000119
77715  -47.400  -18.628  6.187 0.3000000119
70285  -41.376  -25.325  8.533 0.4000000060
76720  -47.739  -19.420  6.001 0.3000000119
76721  -48.338  -19.553  5.220 0.3000000119
77731  -48.501  -18.870  4.579 0.3000000119
70296  -41.208  -25.269  7.562 0.4000000060
76759  -48.772  -18.927  2.702 0.3000000119
70295  -40.745  -25.846  6.982 0.4000000060
157620  -49.384  -18.621  2.348 0.3000000119
78786  -49.677  -17.170  1.599 0.3000000119
74530  -45.036  -21.617  10.223 0.3000000119
74544  -45.613  -21.604  9.584 0.3000000119
74529  -44.186  -21.722  10.713 0.3000000119
75600  -45.966  -20.027  8.573 0.3000000119
73512  -42.844  -22.567  11.200 0.3000000119
76694  -46.895  -19.823  7.276 0.3000000119
72457  -41.354  -23.551  10.024 0.3000000119
78729  -47.509  -18.010  5.736 0.3000000119
161653  -47.851  -18.042  5.284 0.3000000119
77744  -48.249  -18.010  4.731 0.3000000119
77745  -48.568  -18.249  3.819 0.3000000119
77750  -48.287  -17.836  3.067 0.3000000119
78777  -48.453  -17.218  2.551 0.3000000119
70303  -40.726  -25.245  6.243 0.3000000119
78785  -49.041  -17.347  1.888 0.3000000119
78796  -49.589  -16.379  1.468 0.3000000119
79824  -50.103  -15.902  1.556 0.3000000119
144730  -43.729  -20.846  10.700 0.3000000119
75584  -44.819  -20.145  9.903 0.3000000119
75569  -45.222  -20.900  9.788 0.3000000119
77688  -45.619  -18.689  8.651 0.3000000119
147954  -46.429  -19.904  7.983 0.3000000119
137959  -42.034  -21.586  10.834 0.3000000119
141545  -42.763  -20.928  10.834 0.3000000119
77702  -46.519  -18.522  7.393 0.3000000119
77714  -46.903  -18.549  6.794 0.3000000119
137943  -46.671  -17.239  6.569 0.3000000119
78728  -47.048  -17.929  6.382 0.3000000119
79765  -47.173  -17.319  5.899 0.3000000119
78741  -47.675  -17.509  5.179 0.3000000119
144373  -47.775  -16.951  4.585 0.3000000119
79809  -47.941  -16.464  2.800 0.3000000119
78784  -48.130  -16.341  2.131 0.3000000119
80799  -47.738  -15.797  2.302 0.3000000119
154599  -48.616  -16.752  1.908 0.3000000119
79816  -49.126  -16.608  1.520 0.3000000119
80814  -48.755  -15.057  1.330 0.3000000119
138543  -50.073  -14.464  1.035 0.3000000119
135501  -50.861  -14.682  1.042 0.3000000119
75568  -43.270  -20.056  10.643 0.3000000119
141135  -44.108  -20.088  10.397 0.3000000119
76668  -45.083  -19.449  9.542 0.3000000119
76679  -45.571  -19.434  8.914 0.3000000119
144712  -42.371  -19.988  10.648 0.3000000119
77653  -44.116  -18.595  10.221 0.3000000119
78683  -44.393  -17.916  9.811 0.3000000119
78684  -45.095  -18.042  9.132 0.3000000119
78717  -45.754  -17.231  7.943 0.3000000119
75567  -41.856  -20.716  10.604 0.3000000119
79764  -46.743  -16.583  6.053 0.3000000119
141737  -40.848  -21.165  9.803 0.3000000119
136730  -47.472  -15.745  3.958 0.3000000119
79801  -47.869  -16.496  3.750 0.3000000119
81747  -48.289  -14.498  1.464 0.3000000119
144817  -49.401  -14.578  1.233 0.3000000119
140368  -43.114  -17.861  10.491 0.3000000119
77650  -41.581  -18.403  10.277 0.3000000119
77651  -42.473  -18.347  10.490 0.3000000119
76648  -41.248  -19.129  10.159 0.3000000119
146620  -41.582  -19.891  10.366 0.3000000119
76649  -41.998  -19.162  10.450 0.3000000119
141886  -42.870  -19.224  10.590 0.3000000119
75583  -40.659  -20.438  9.490 0.3000000119
142588  -40.986  -19.802  9.921 0.3000000119
56690  -42.242  -38.384  8.799 0.5000000000
152109  -40.535  -38.416  6.648 0.6999999881
57747  -41.810  -37.279  8.953 0.5000000000
146603  -40.559  -36.984  7.890 0.6000000238
54759  -38.627  -40.330  5.474 0.6000000238
49563  -39.957  -45.696  3.324 0.6999999881
23443  -45.712  -69.925  4.329 0.3000000119
23451  -45.905  -70.516  3.018 0.3000000119
23450  -45.073  -71.058  3.239 0.3000000119
148722  -44.957  -70.261  2.016 0.4000000060
24506  -44.514  -69.486  2.089 0.4000000060
26578  -44.435  -67.366  1.869 0.4000000060
162841  -43.966  -66.849  2.016 0.4000000060
27562  -43.771  -66.081  1.729 0.4000000060
27561  -43.228  -65.761  2.210 0.4000000060
28578  -43.211  -65.030  1.828 0.4000000060
28563  -42.159  -64.839  3.017 0.4000000060
29673  -42.826  -64.412  2.008 0.4000000060
28562  -41.313  -64.911  3.711 0.4000000060
150766  -39.090  -62.660  5.155 0.4000000060
29526  -43.500  -64.686  12.346 0.3000000119
29546  -43.174  -64.344  12.048 0.3000000119
156103  -43.440  -63.487  10.710 0.3000000119
31745  -38.924  -61.952  5.359 0.5000000000
31681  -44.652  -63.241  8.878 0.3000000119
157130  -44.287  -63.974  7.965 0.3000000119
33915  -39.464  -60.273  5.035 0.5000000000
38258  -45.149  -56.034  3.219 0.3000000119
38247  -44.848  -56.059  3.995 0.3000000119
39309  -44.957  -55.216  2.961 0.3000000119
36040  -38.763  -58.269  6.305 0.6000000238
41196  -44.639  -53.954  3.136 0.4000000060
37186  -38.915  -57.388  5.727 0.6000000238
41197  -44.846  -53.343  2.997 0.4000000060
42206  -46.462  -52.411  2.438 0.4000000060
43238  -46.046  -51.694  3.357 0.4000000060
44326  -47.651  -50.817  2.889 0.4000000060
45376  -49.372  -49.678  2.699 0.4000000060
43191  -29.960  -51.139  8.637 0.4000000060
144617  -29.697  -51.933  8.680 0.5000000000
43192  -30.463  -51.753  8.156 0.5000000000
40176  -37.749  -54.708  5.502 0.6999999881
47444  -50.890  -48.143  3.560 0.4000000060
158861  -37.257  -54.492  6.024 0.6999999881
48516  -51.844  -47.004  3.815 0.4000000060
44275  -31.450  -50.084  7.541 0.5000000000
45326  -31.930  -50.040  6.711 0.5000000000
46350  -32.847  -49.902  5.068 0.6000000238
46349  -32.410  -49.986  5.843 0.6000000238
46363  -33.508  -49.844  4.628 0.8000000119
41139  -36.724  -53.424  9.447 0.8000000119
40162  -37.267  -54.329  8.513 0.6999999881
42156  -36.166  -53.063  9.169 0.8000000119
41154  -37.038  -54.158  7.996 0.6999999881
161811  -51.930  -46.300  4.139 0.4000000060
42139  -36.291  -52.586  9.792 0.8000000119
46374  -35.073  -49.633  3.989 0.8000000119
43177  -35.214  -51.524  9.437 0.8000000119
42138  -35.679  -52.306  9.419 0.8000000119
50606  -52.413  -44.487  4.203 0.4000000060
46376  -36.912  -49.285  3.338 0.6999999881
45305  -34.905  -49.702  8.757 0.8000000119
45356  -37.558  -50.055  3.552 0.6999999881
148420  -37.127  -50.433  4.011 0.6999999881
45316  -34.755  -49.616  7.893 0.8000000119
46365  -37.013  -50.193  4.806 0.6999999881
46352  -36.793  -49.475  5.956 0.6000000238
52733  -51.377  -42.726  4.658 0.3000000119
134892  -48.184  -41.014  7.836 0.4000000060
52711  -49.524  -42.292  6.377 0.4000000060
52721  -50.420  -42.726  6.040 0.4000000060
140378  -50.501  -42.440  5.143 0.3000000119
54739  -48.259  -40.453  7.343 0.4000000060
138085  -48.280  -41.200  6.902 0.4000000060
53769  -48.770  -41.818  6.714 0.4000000060
138534  -49.406  -42.334  7.055 0.4000000060
56693  -48.430  -38.906  7.890 0.4000000060
56731  -49.231  -38.977  5.072 0.4000000060
57804  -49.521  -38.128  4.885 0.5000000000
57765  -48.223  -38.139  8.324 0.5000000000
59921  -48.458  -35.562  6.196 0.4000000060
58915  -49.444  -36.522  5.166 0.5000000000
144601  -49.611  -37.920  4.186 0.5000000000
147445  -49.650  -38.103  3.383 0.4000000060
57824  -49.562  -37.303  2.757 0.5000000000
57763  -46.941  -36.935  8.673 0.5000000000
149861  -47.070  -36.375  8.106 0.5000000000
59913  -48.172  -35.912  7.012 0.4000000060
58940  -48.702  -36.178  1.325 0.5000000000
62078  -46.938  -33.856  0.058 0.5000000000
148134  -47.585  -32.147  -0.610 0.5000000000
54749  -34.988  -39.940  6.788 0.5000000000
67183  -49.411  -28.671  -0.115 0.4000000060
56728  -35.206  -38.370  6.137 0.6000000238
56716  -36.580  -38.568  6.437 0.6000000238
152662  -37.186  -39.085  6.611 0.6000000238
56717  -37.449  -38.390  6.075 0.6000000238
68325  -50.925  -28.158  0.308 0.3000000119
57801  -37.729  -37.523  5.378 0.6000000238
57802  -38.716  -37.648  4.269 0.6000000238
158060  -50.795  -27.737  1.015 0.3000000119
69334  -52.070  -26.679  1.751 0.3000000119
59947  -38.587  -36.044  3.800 0.6000000238
156815  -39.211  -34.724  3.144 0.6000000238
62039  -39.570  -33.086  3.567 0.6000000238
63944  -39.100  -31.948  3.613 0.6000000238
64927  -38.817  -30.627  4.401 0.6000000238
64915  -39.094  -30.609  5.356 0.6000000238
151712  -39.318  -30.174  6.171 0.6000000238
67132  -39.623  -28.570  6.737 0.5000000000
68270  -39.874  -27.557  6.734 0.4000000060
69287  -40.279  -26.691  6.785 0.4000000060
69297  -40.195  -26.008  5.991 0.4000000060
81725  -47.513  -15.100  2.669 0.3000000119
140005  -47.724  -15.149  1.911 0.3000000119
82751  -49.191  -13.439  1.149 0.3000000119
82752  -49.880  -13.155  0.838 0.3000000119
136839  -50.195  -13.818  0.781 0.3000000119
76647  -40.761  -19.122  9.684 0.3000000119
147374  -40.391  -19.963  8.818 0.3000000119
46386  -50.504  -48.804  3.026 0.4000000060
57831  -49.395  -37.437  1.591 0.5000000000
22333  -42.751  -71.318  6.329 0.3000000119
22351  -42.561  -71.434  5.519 0.3000000119
22374  -42.212  -71.293  4.835 0.3000000119
25534  -42.543  -68.461  3.695 0.4000000060
23423  -41.098  -70.660  5.764 0.3000000119
23440  -41.540  -70.758  5.017 0.3000000119
29628  -39.144  -64.460  5.248 0.4000000060
26544  -39.985  -67.412  5.541 0.4000000060
24404  -39.682  -68.864  9.655 0.3000000119
31722  -38.253  -61.964  6.033 0.4000000060
30599  -42.889  -64.540  8.377 0.3000000119
29586  -41.716  -65.130  8.915 0.3000000119
31679  -41.732  -64.019  8.433 0.3000000119
33863  -43.306  -60.873  8.387 0.3000000119
34928  -44.300  -59.402  7.747 0.3000000119
31659  -40.937  -62.659  10.235 0.3000000119
37215  -45.122  -56.735  3.750 0.3000000119
156395  -38.925  -63.155  11.253 0.3000000119
33858  -41.563  -60.900  10.915 0.3000000119
36004  -37.547  -58.422  9.327 0.6000000238
40204  -44.642  -54.635  3.288 0.4000000060
151767  -38.278  -56.877  7.208 0.6999999881
33845  -38.887  -60.633  11.865 0.3000000119
43244  -45.137  -52.372  3.247 0.4000000060
152070  -38.395  -55.745  6.228 0.6999999881
34880  -41.055  -58.752  12.007 0.4000000060
37105  -39.720  -57.367  12.488 0.4000000060
143651  -43.508  -52.872  5.662 0.4000000060
38177  -38.697  -56.285  12.602 0.6000000238
39243  -37.238  -55.342  10.939 0.6999999881
39252  -37.435  -55.321  9.293 0.6999999881
40170  -37.697  -54.817  6.361 0.6999999881
40148  -42.588  -54.386  10.088 0.4000000060
39226  -37.853  -55.249  12.410 0.6000000238
45359  -47.535  -49.939  4.739 0.4000000060
39261  -37.581  -54.968  8.316 0.6999999881
46380  -48.818  -49.062  4.263 0.4000000060
47437  -50.490  -47.756  4.291 0.4000000060
44273  -30.244  -50.396  8.721 0.3000000119
41062  -38.671  -53.317  13.348 0.6000000238
138174  -37.367  -54.614  9.041 0.6999999881
151516  -37.399  -54.506  7.836 0.6999999881
41061  -38.005  -52.806  13.190 0.6000000238
44262  -42.852  -51.003  8.875 0.5000000000
43137  -37.386  -51.386  12.371 0.6999999881
42125  -36.643  -52.907  10.295 0.6999999881
44241  -35.724  -50.168  10.289 0.6999999881
46340  -48.110  -48.170  6.921 0.4000000060
43121  -38.489  -51.126  13.237 0.6999999881
44261  -35.166  -50.183  9.494 0.6999999881
151672  -37.885  -46.934  8.728 0.6000000238
162661  -36.065  -48.546  7.536 0.6999999881
46351  -35.868  -49.475  6.602 0.8000000119
47405  -38.032  -48.443  6.145 0.6000000238
52744  -52.113  -42.856  3.893 0.4000000060
156007  -51.513  -43.526  5.224 0.3000000119
47319  -39.240  -47.577  12.418 0.6000000238
46250  -39.028  -48.938  13.099 0.6000000238
46262  -40.222  -48.895  12.902 0.6999999881
46354  -38.451  -49.053  5.046 0.6999999881
47406  -38.842  -48.122  5.789 0.6999999881
46263  -40.864  -48.596  12.353 0.4000000060
47354  -47.112  -47.079  10.103 0.3000000119
48443  -47.824  -46.593  9.618 0.3000000119
49514  -49.672  -45.045  8.213 0.3000000119
51591  -50.306  -43.646  7.203 0.3000000119
48397  -40.932  -46.940  11.950 0.5000000000
143416  -42.281  -47.198  11.638 0.5000000000
50586  -36.761  -45.286  6.189 0.6999999881
48414  -46.189  -46.635  11.552 0.4000000060
48428  -46.877  -46.533  10.939 0.4000000060
150574  -47.621  -41.003  9.460 0.4000000060
52663  -48.474  -42.884  9.893 0.4000000060
138736  -47.829  -44.624  10.858 0.4000000060
53713  -46.651  -41.117  10.965 0.5000000000
50561  -48.732  -44.421  9.615 0.4000000060
53757  -48.577  -41.607  7.576 0.4000000060
49463  -40.722  -45.773  11.301 0.5000000000
48398  -43.830  -46.138  12.115 0.5000000000
140707  -37.294  -44.955  6.297 0.6999999881
52628  -44.967  -42.702  12.492 0.5000000000
52685  -36.352  -43.014  8.288 0.5000000000
48479  -41.626  -46.124  5.486 0.6999999881
152836  -47.668  -38.172  8.822 0.5000000000
50612  -39.803  -44.704  3.728 0.6999999881
62054  -47.693  -33.516  3.118 0.5000000000
61034  -48.057  -34.066  3.714 0.4000000060
138411  -49.593  -37.269  4.637 0.5000000000
138417  -34.767  -41.075  7.501 0.5000000000
51565  -42.681  -43.856  10.010 0.5000000000
57752  -46.345  -37.448  9.258 0.5000000000
149911  -42.431  -45.146  5.459 0.6999999881
58887  -47.550  -36.148  7.647 0.4000000060
59920  -47.764  -35.182  6.563 0.4000000060
58886  -46.771  -35.844  7.739 0.4000000060
50614  -42.437  -44.862  2.987 0.8000000119
57762  -45.909  -36.786  8.642 0.5000000000
51636  -42.004  -43.686  2.500 0.6000000238
52750  -41.467  -42.664  2.578 0.6000000238
62994  -46.936  -32.058  2.874 0.4000000060
63003  -46.987  -33.055  1.513 0.5000000000
54751  -36.293  -40.109  7.089 0.5000000000
152491  -41.890  -43.801  5.873 0.6000000238
141168  -42.208  -44.039  4.256 0.6999999881
53784  -39.755  -41.730  3.755 0.6000000238
55749  -41.631  -39.034  3.377 0.6000000238
147121  -41.028  -39.728  2.459 0.6000000238
63008  -46.750  -33.154  -0.182 0.5000000000
162924  -35.615  -39.394  6.627 0.5000000000
55679  -42.282  -39.370  9.569 0.6000000238
59881  -44.022  -35.990  9.068 0.5000000000
53776  -41.328  -41.601  4.605 0.6999999881
56718  -40.592  -39.214  6.527 0.6999999881
55725  -40.616  -39.888  6.162 0.6999999881
54769  -39.567  -40.288  3.648 0.6000000238
57803  -40.804  -37.507  4.928 0.6000000238
58885  -40.369  -36.977  6.938 0.6000000238
55763  -40.423  -39.439  2.676 0.6000000238
158858  -40.422  -36.132  6.463 0.6000000238
61990  -45.391  -33.764  9.157 0.4000000060
154543  -41.161  -39.041  7.943 0.5000000000
59866  -42.703  -35.322  10.099 0.5000000000
56688  -40.922  -38.296  8.054 0.5000000000
57759  -40.791  -37.587  8.158 0.6000000238
148865  -46.765  -28.894  4.257 0.4000000060
59878  -40.979  -35.335  9.265 0.6999999881
60969  -40.560  -34.369  8.526 0.6000000238
66034  -46.548  -29.159  3.580 0.4000000060
57830  -40.895  -37.690  2.566 0.6000000238
66047  -48.676  -29.317  -0.186 0.4000000060
62913  -44.372  -32.771  10.608 0.6000000238
62924  -45.723  -32.669  9.122 0.4000000060
152205  -41.437  -35.669  9.572 0.6999999881
60941  -42.287  -34.584  10.318 0.6000000238
149352  -40.403  -34.012  7.568 0.6000000238
68323  -48.986  -27.745  0.188 0.3000000119
62914  -45.450  -31.987  9.894 0.5000000000
63888  -45.815  -31.376  9.537 0.5000000000
67125  -46.881  -28.482  7.741 0.4000000060
67134  -47.274  -28.127  6.303 0.4000000060
61989  -41.114  -33.596  9.725 0.6000000238
139321  -47.543  -26.803  3.594 0.3000000119
68299  -47.084  -27.039  2.846 0.3000000119
62923  -41.281  -32.832  9.990 0.6000000238
139616  -40.801  -33.122  9.213 0.6000000238
60993  -40.369  -34.254  6.422 0.6000000238
63886  -40.713  -31.565  9.238 0.6000000238
68312  -47.060  -27.371  0.782 0.3000000119
69333  -51.402  -26.944  1.751 0.3000000119
62911  -42.691  -32.332  10.814 0.6000000238
62910  -41.796  -32.100  10.483 0.6000000238
154495  -40.080  -32.696  6.788 0.6000000238
154513  -47.121  -26.292  1.293 0.3000000119
70355  -48.003  -25.960  0.921 0.3000000119
65962  -45.902  -29.274  10.208 0.6000000238
64867  -42.158  -30.625  10.846 0.6000000238
69299  -48.216  -26.097  4.854 0.4000000060
70324  -47.913  -26.039  3.789 0.3000000119
71426  -47.367  -25.151  1.851 0.3000000119
71446  -47.608  -25.087  1.491 0.3000000119
67092  -45.695  -28.378  10.604 0.5000000000
67093  -46.283  -28.338  9.887 0.5000000000
70287  -47.476  -25.730  7.627 0.4000000060
65975  -41.196  -29.539  9.913 0.5000000000
67077  -44.975  -28.354  11.184 0.4000000060
69259  -46.601  -26.671  9.453 0.4000000060
70304  -48.081  -25.111  6.226 0.3000000119
67074  -42.521  -28.555  11.171 0.5000000000
150764  -48.482  -23.230  5.063 0.3000000119
149494  -43.483  -27.135  11.368 0.4000000060
68204  -42.755  -27.710  11.243 0.4000000060
68223  -42.094  -27.251  10.711 0.4000000060
73562  -46.964  -22.882  8.152 0.3000000119
69243  -42.162  -26.419  10.590 0.3000000119
69242  -41.703  -26.861  10.105 0.3000000119
154681  -48.482  -22.532  5.057 0.3000000119
138255  -48.657  -20.999  4.516 0.3000000119
76760  -49.370  -19.343  2.458 0.3000000119
72460  -45.411  -23.742  10.446 0.3000000119
161699  -42.681  -24.511  11.144 0.3000000119
74584  -48.021  -21.295  6.131 0.3000000119
150845  -41.513  -24.969  9.307 0.3000000119
76748  -48.365  -19.729  3.033 0.3000000119
73513  -43.424  -23.116  11.262 0.3000000119
75615  -47.245  -20.684  7.126 0.3000000119
76738  -48.596  -19.190  3.640 0.3000000119
77767  -50.175  -17.740  1.814 0.3000000119
75585  -45.493  -20.240  9.262 0.3000000119
73529  -41.775  -23.190  10.676 0.3000000119
152126  -42.195  -22.447  10.995 0.3000000119
148617  -44.544  -20.872  10.324 0.3000000119
77689  -46.119  -18.578  8.021 0.3000000119
74527  -41.562  -22.224  10.541 0.3000000119
80815  -49.458  -15.165  1.331 0.3000000119
76667  -44.449  -19.368  10.076 0.3000000119
78700  -45.676  -17.933  8.354 0.3000000119
78718  -46.235  -17.205  7.265 0.3000000119
75566  -41.190  -20.561  10.146 0.3000000119
80777  -46.996  -15.416  4.545 0.3000000119
80793  -47.635  -15.768  3.173 0.3000000119
80809  -48.473  -15.537  1.436 0.3000000119
81756  -48.982  -14.230  1.280 0.3000000119
81757  -49.640  -13.960  1.008 0.3000000119
81758  -50.909  -14.037  0.720 0.3000000119
77652  -43.363  -18.526  10.481 0.3000000119
77670  -44.733  -18.695  9.685 0.3000000119
79716  -44.619  -17.062  9.394 0.3000000119
147241  -40.470  -20.844  8.711 0.3000000119
150186  -40.572  -21.046  7.787 0.3000000119
82743  -48.524  -13.682  1.426 0.3000000119
76666  -40.448  -19.190  9.024 0.3000000119
29674  -43.359  -64.733  1.402 0.4000000060
135247  -36.978  -53.922  8.778 0.6999999881
150600  -34.944  -50.853  9.332 0.8000000119
56741  -49.454  -38.879  4.133 0.4000000060
141347  -39.144  -28.847  5.808 0.5000000000
57777  -48.730  -38.118  7.641 0.4000000060
140428  -49.397  -38.275  5.667 0.4000000060
59996  -50.450  -35.778  -1.302 0.3000000119
59994  -49.137  -35.210  -0.991 0.4000000060
142158  -50.475  -34.870  -0.530 0.3000000119
58946  -48.888  -36.819  0.970 0.4000000060
59989  -48.208  -35.963  -0.256 0.4000000060
58945  -48.405  -36.352  0.481 0.4000000060
150099  -50.338  -34.133  -0.242 0.3000000119
61064  -49.636  -34.426  -1.277 0.4000000060
62085  -50.250  -33.758  -1.209 0.3000000119
57778  -48.964  -37.309  7.269 0.3000000119
59981  -47.671  -35.147  -0.140 0.4000000060
61063  -48.668  -34.555  -0.898 0.4000000060
63013  -49.956  -32.482  -1.249 0.3000000119
62081  -48.192  -33.839  -0.761 0.4000000060
64956  -51.547  -31.029  -0.339 0.3000000119
63968  -50.587  -31.709  -1.104 0.3000000119
146232  -48.611  -32.288  -1.007 0.4000000060
62080  -47.281  -33.841  -0.345 0.4000000060
137400  -51.736  -30.424  -0.297 0.3000000119
138795  -50.523  -30.198  -0.441 0.3000000119
57788  -36.856  -37.790  6.067 0.5000000000
66048  -51.123  -29.547  -0.347 0.3000000119
138796  -49.328  -30.136  -0.415 0.3000000119
57799  -35.205  -37.612  5.870 0.5000000000
59930  -35.083  -35.706  5.460 0.5000000000
57800  -36.180  -37.305  5.867 0.5000000000
59931  -36.166  -35.764  5.438 0.5000000000
58912  -37.465  -36.614  5.235 0.5000000000
67186  -52.585  -28.989  -0.370 0.3000000119
145018  -50.204  -29.319  -0.300 0.3000000119
158154  -37.557  -35.396  4.543 0.5000000000
61030  -38.357  -34.346  3.471 0.5000000000
145557  -36.197  -32.832  3.787 0.5000000000
62980  -36.905  -32.368  3.279 0.5000000000
62050  -37.026  -33.275  3.722 0.5000000000
156440  -37.708  -32.788  3.078 0.4000000060
62051  -38.410  -32.734  2.920 0.5000000000
63942  -37.226  -31.631  2.866 0.4000000060
63953  -38.260  -31.939  2.757 0.5000000000
144902  -36.333  -31.690  3.255 0.4000000060
64940  -37.264  -30.289  2.746 0.4000000060
143418  -38.511  -30.236  3.737 0.5000000000
64941  -37.885  -30.467  2.797 0.4000000060
145201  -36.428  -29.208  3.011 0.4000000060
66032  -37.576  -29.708  2.843 0.5000000000
66031  -37.054  -29.643  2.743 0.4000000060
66023  -38.393  -29.249  3.851 0.4000000060
138078  -37.792  -28.884  3.118 0.5000000000
66033  -38.086  -29.891  3.146 0.4000000060
141985  -37.191  -28.979  2.776 0.3000000119
143220  -38.216  -28.413  3.541 0.4000000060
138764  -39.327  -27.864  5.785 0.4000000060
67151  -38.501  -28.409  4.355 0.3000000119
67160  -37.354  -28.095  2.795 0.3000000119
68288  -38.440  -27.632  3.757 0.3000000119
68280  -38.800  -27.734  4.803 0.3000000119
68297  -38.223  -27.102  2.871 0.3000000119
69305  -38.617  -26.770  3.561 0.3000000119
68289  -38.842  -27.100  4.341 0.3000000119
68281  -39.254  -27.055  5.127 0.3000000119
69296  -39.614  -26.385  5.333 0.3000000119
68269  -39.755  -26.925  5.978 0.3000000119
70323  -38.697  -25.971  3.397 0.3000000119
69306  -39.142  -26.307  4.414 0.3000000119
70315  -39.788  -25.663  5.022 0.3000000119
59943  -34.607  -34.895  5.141 0.5000000000
58963  -51.252  -36.799  -1.593 0.3000000119
57835  -48.862  -37.612  0.487 0.4000000060
59942  -33.457  -34.906  5.011 0.4000000060
61016  -35.266  -34.157  4.738 0.5000000000
62037  -34.715  -33.516  4.309 0.4000000060
62979  -35.832  -32.291  3.595 0.5000000000
147474  -36.504  -30.042  2.997 0.5000000000
57764  -47.719  -37.486  8.592 0.4000000060
140836  -49.367  -36.693  6.023 0.4000000060
55727  -48.767  -39.427  6.157 0.4000000060
142890  -48.347  -37.373  7.995 0.3000000119
146411  -49.624  -38.233  2.286 0.4000000060
59971  -47.784  -35.106  0.542 0.4000000060
64963  -48.826  -30.784  -0.697 0.3000000119
57787  -35.925  -38.099  6.144 0.5000000000
146124  -37.010  -37.114  5.752 0.5000000000
59946  -37.904  -35.981  4.559 0.5000000000
59958  -38.412  -35.244  3.765 0.5000000000
62052  -39.110  -33.120  3.141 0.5000000000
62993  -38.755  -32.340  3.083 0.5000000000
63929  -38.768  -31.069  3.672 0.5000000000
66013  -38.671  -29.101  4.950 0.4000000060
59983  -50.790  -35.532  0.180 0.3000000119
137053  -50.073  -36.489  -1.468 0.4000000060
148838  -50.307  -34.937  -1.136 0.3000000119
57839  -48.513  -36.806  -0.395 0.4000000060
58961  -49.133  -36.723  -0.930 0.4000000060
59995  -50.000  -35.037  -1.319 0.3000000119
56763  -49.322  -38.377  1.118 0.4000000060
63016  -50.305  -33.142  -1.164 0.3000000119
62082  -50.462  -33.555  -0.931 0.3000000119
63015  -49.809  -33.262  -1.286 0.4000000060
64965  -51.077  -31.111  -0.751 0.3000000119
64964  -50.191  -30.946  -1.004 0.3000000119
66049  -52.146  -29.677  -0.352 0.3000000119
161030  -34.855  -37.062  5.697 0.5000000000
58909  -34.440  -36.515  5.565 0.5000000000
58910  -35.503  -36.639  5.687 0.5000000000
59944  -35.749  -34.945  5.114 0.5000000000
58911  -36.599  -36.530  5.600 0.5000000000
59945  -36.795  -35.135  4.881 0.5000000000
61029  -37.556  -33.992  3.786 0.5000000000
61018  -37.568  -34.698  4.196 0.5000000000
146569  -38.828  -33.404  3.064 0.5000000000
61017  -36.568  -34.199  4.467 0.5000000000
62038  -35.863  -33.436  4.239 0.5000000000
160287  -37.835  -31.600  2.666 0.4000000060
143922  -38.178  -33.479  3.219 0.4000000060
64942  -38.327  -30.747  3.086 0.5000000000
67142  -38.829  -28.391  5.182 0.3000000119
67161  -37.940  -27.870  3.048 0.3000000119
148921  -48.686  -38.478  0.086 0.4000000060
44297  -33.058  -51.632  5.693 0.6999999881
44260  -34.584  -50.497  8.775 0.6999999881
45328  -35.004  -50.027  6.838 0.6999999881
45327  -34.354  -50.628  6.935 0.6999999881
45341  -34.631  -50.974  5.976 0.6999999881
44299  -34.475  -51.253  5.077 0.6999999881
45352  -33.579  -51.287  4.973 0.6999999881
45342  -35.263  -50.771  5.630 0.6999999881
45354  -35.291  -51.004  4.537 0.6999999881
45366  -34.934  -50.578  4.212 0.6999999881
53778  -48.813  -41.889  5.801 0.3000000119
161004  -48.879  -41.939  5.108 0.3000000119
53777  -48.501  -41.325  4.655 0.3000000119
53786  -48.616  -41.566  3.611 0.3000000119
54771  -48.598  -40.814  4.131 0.3000000119
45343  -36.129  -50.455  5.240 0.6999999881
54762  -48.332  -41.102  5.492 0.3000000119
55750  -48.518  -40.615  5.019 0.3000000119
54780  -48.658  -40.924  3.149 0.3000000119
54794  -48.871  -41.115  1.265 0.3000000119
54799  -49.163  -41.252  0.565 0.3000000119
45368  -36.621  -50.304  3.697 0.6000000238
45367  -35.706  -50.511  3.966 0.6999999881
55726  -48.470  -39.977  6.665 0.3000000119
55737  -48.486  -40.331  5.827 0.3000000119
151017  -49.436  -39.234  1.863 0.3000000119
149583  -49.111  -39.347  0.741 0.3000000119
56766  -48.952  -39.279  -0.021 0.3000000119
56752  -49.500  -39.091  3.002 0.3000000119
57846  -48.694  -37.630  -0.728 0.3000000119
56703  -48.762  -38.952  7.040 0.3000000119
139765  -48.718  -38.377  -0.464 0.3000000119
57790  -49.385  -37.580  6.397 0.3000000119
42155  -35.326  -52.889  8.915 0.6999999881
140213  -35.929  -53.517  8.573 0.6999999881
43195  -34.849  -52.143  8.979 0.6999999881
43206  -32.460  -52.008  6.743 0.6999999881
43176  -34.468  -51.342  8.792 0.6999999881
43194  -34.113  -52.104  8.373 0.6999999881
44276  -33.634  -51.639  7.490 0.6999999881
44298  -33.935  -51.302  5.770 0.6999999881
43216  -32.598  -51.654  6.213 0.6999999881
45304  -34.335  -50.387  7.963 0.6999999881
154613  -33.290  -50.726  4.690 0.6999999881
52731  -49.621  -42.042  4.637 0.3000000119
53795  -48.823  -41.960  3.372 0.3000000119
54779  -48.589  -41.672  2.656 0.3000000119
53814  -48.795  -42.233  1.546 0.3000000119
55778  -49.653  -40.178  -0.362 0.3000000119
56768  -49.102  -39.174  -0.444 0.3000000119
56769  -49.750  -39.059  -0.884 0.3000000119
57854  -49.537  -37.394  -1.274 0.3000000119
52720  -49.614  -42.178  5.542 0.3000000119
54788  -48.737  -41.006  2.170 0.3000000119
33941  -41.359  -60.278  2.495 0.4000000060
34984  -41.276  -59.656  2.070 0.4000000060
33928  -41.006  -60.135  3.373 0.4000000060
31757  -40.073  -61.969  4.337 0.4000000060
34990  -41.031  -59.292  1.946 0.4000000060
34959  -39.323  -58.926  5.251 0.5000000000
34960  -39.620  -59.388  4.755 0.4000000060
33927  -40.204  -60.018  4.220 0.4000000060
34974  -40.607  -59.353  3.417 0.4000000060
143598  -40.590  -61.038  3.997 0.4000000060
34973  -40.011  -58.956  3.861 0.5000000000
36071  -40.388  -58.669  3.053 0.4000000060
36085  -40.587  -58.747  2.331 0.4000000060
33914  -38.975  -59.826  5.644 0.4000000060
36059  -39.618  -58.469  4.495 0.5000000000
36080  -40.060  -57.999  2.898 0.5000000000
34988  -39.451  -59.044  2.188 0.5000000000
159313  -39.493  -57.774  4.410 0.5000000000
37214  -39.400  -57.399  3.548 0.5000000000
36083  -39.217  -58.415  2.612 0.5000000000
33949  -37.640  -59.755  2.600 0.5000000000
33940  -36.994  -59.708  3.095 0.5000000000
36079  -39.323  -57.674  2.989 0.5000000000
38257  -38.816  -56.791  4.109 0.6000000238
34987  -38.483  -59.036  2.591 0.5000000000
142484  -38.557  -57.378  3.377 0.5000000000
36078  -38.384  -58.140  2.957 0.5000000000
34981  -36.969  -59.257  3.901 0.6000000238
34982  -37.577  -59.004  3.029 0.5000000000
33913  -36.038  -59.777  5.115 0.5000000000
38240  -38.913  -56.566  5.092 0.6000000238
37213  -38.627  -56.989  3.811 0.6000000238
146492  -37.821  -57.600  3.495 0.5000000000
36077  -37.542  -58.427  3.491 0.6000000238
34972  -36.413  -59.165  4.697 0.6000000238
36057  -35.292  -58.484  5.119 0.5000000000
36039  -33.020  -58.730  6.111 0.5000000000
34956  -33.956  -59.164  5.866 0.5000000000
36056  -34.534  -58.270  5.368 0.5000000000
36055  -33.669  -58.090  5.689 0.5000000000
39260  -30.927  -55.380  8.118 0.4000000060
38256  -38.265  -56.069  4.172 0.6000000238
40161  -31.200  -54.625  7.798 0.5000000000
39290  -38.063  -55.327  4.259 0.6000000238
37212  -38.044  -56.820  3.766 0.5000000000
157323  -31.302  -55.932  7.855 0.5000000000
38254  -37.428  -55.974  3.881 0.6000000238
37211  -37.241  -57.021  3.925 0.6000000238
38214  -31.587  -55.333  7.632 0.5000000000
37206  -36.196  -57.295  4.205 0.6000000238
37201  -35.248  -57.529  4.805 0.6000000238
36069  -35.975  -58.354  4.676 0.5000000000
36038  -32.328  -58.266  6.397 0.5000000000
37200  -34.370  -57.391  5.340 0.5000000000
37205  -34.985  -56.766  4.948 0.5000000000
39259  -30.104  -55.480  8.385 0.4000000060
41150  -30.742  -53.865  7.912 0.5000000000
38212  -29.705  -56.294  7.966 0.4000000060
158635  -31.234  -52.857  7.481 0.5000000000
38246  -38.558  -55.965  4.488 0.6000000238
147784  -31.505  -53.950  7.482 0.5000000000
39289  -37.534  -54.732  4.220 0.6000000238
40164  -31.848  -54.678  7.405 0.5000000000
38245  -36.580  -55.545  3.967 0.6000000238
38244  -35.715  -56.368  4.294 0.6000000238
39287  -35.984  -55.335  4.364 0.6000000238
36054  -33.023  -57.915  6.119 0.5000000000
138675  -35.201  -56.024  4.898 0.6000000238
37185  -33.544  -57.179  5.932 0.5000000000
38233  -33.876  -56.305  6.178 0.5000000000
38232  -33.101  -56.599  6.621 0.5000000000
149021  -30.042  -54.047  8.338 0.4000000060
41161  -30.739  -53.044  7.845 0.5000000000
150407  -29.555  -54.649  8.592 0.4000000060
42166  -31.535  -52.399  7.256 0.5000000000
43205  -31.912  -51.926  7.024 0.5000000000
143022  -31.829  -53.198  7.231 0.5000000000
42167  -32.255  -52.566  7.015 0.5000000000
40181  -36.867  -54.421  5.237 0.6000000238
40182  -37.414  -54.489  4.924 0.6000000238
41163  -32.402  -54.022  7.455 0.5000000000
39264  -32.218  -55.387  7.349 0.5000000000
40175  -36.708  -54.563  6.343 0.6000000238
39280  -35.588  -55.324  5.142 0.6000000238
38234  -34.710  -55.844  5.675 0.5000000000
39272  -32.675  -56.022  7.107 0.5000000000
39265  -32.936  -55.353  7.280 0.5000000000
42165  -30.893  -52.350  7.708 0.5000000000
43207  -33.054  -51.945  6.688 0.6000000238
136274  -32.754  -53.175  7.324 0.5000000000
40168  -36.940  -54.275  7.117 0.6000000238
40180  -36.184  -54.927  5.694 0.6000000238
40165  -32.497  -54.809  7.389 0.5000000000
40174  -35.879  -54.887  6.717 0.6000000238
39266  -33.655  -55.301  7.291 0.5000000000
41149  -30.132  -53.341  8.307 0.4000000060
163206  -31.698  -51.342  7.102 0.4000000060
43193  -33.486  -52.123  7.639 0.6000000238
141393  -35.379  -54.605  7.514 0.6000000238
41164  -33.382  -53.705  7.737 0.5000000000
40166  -33.299  -54.600  7.580 0.5000000000
152628  -34.861  -54.227  7.994 0.6000000238
41165  -34.126  -54.055  7.985 0.5000000000
43204  -31.230  -51.637  7.558 0.5000000000
45339  -32.435  -50.972  6.061 0.5000000000
44295  -31.827  -50.804  6.859 0.4000000060
44287  -31.347  -50.834  7.612 0.4000000060
44288  -33.685  -51.283  6.907 0.6000000238
42153  -33.638  -52.830  7.844 0.5000000000
41151  -34.106  -53.368  8.128 0.5000000000
136610  -31.924  -56.135  7.396 0.5000000000
162333  -32.466  -56.642  7.014 0.5000000000
32850  -39.648  -61.198  4.809 0.4000000060
37202  -39.241  -57.262  4.776 0.6000000238
39282  -38.106  -54.985  4.797 0.6000000238
41153  -36.612  -53.693  8.689 0.6000000238
41167  -36.495  -54.030  8.006 0.6000000238
41152  -34.906  -53.530  8.372 0.6000000238
40167  -36.294  -54.396  7.354 0.6000000238
42154  -34.483  -52.780  8.474 0.6000000238
152787  -33.881  -51.602  8.141 0.6000000238
44296  -32.119  -51.503  6.540 0.5000000000
36084  -39.978  -58.494  2.509 0.5000000000
154731  -36.941  -58.185  4.126 0.6000000238
41162  -31.207  -53.373  7.554 0.5000000000
39297  -37.262  -55.155  3.988 0.6000000238
38239  -34.402  -56.575  5.431 0.5000000000
40188  -37.005  -54.368  4.490 0.6000000238
39274  -34.330  -55.583  6.736 0.5000000000
39275  -35.264  -55.298  6.151 0.6000000238
40173  -35.053  -55.115  7.007 0.6000000238
152076  -34.360  -54.843  7.574 0.6000000238
41200  -45.505  -53.411  2.583 0.3000000119
41199  -45.078  -53.963  2.670 0.3000000119
41205  -46.823  -53.436  1.976 0.3000000119
42213  -46.972  -52.699  2.082 0.3000000119
156507  -47.426  -53.768  1.700 0.3000000119
42214  -48.053  -52.308  1.935 0.3000000119
43261  -49.768  -52.031  2.053 0.3000000119
43250  -46.693  -51.788  2.594 0.3000000119
42207  -47.437  -51.968  2.216 0.3000000119
141900  -48.302  -51.771  2.146 0.3000000119
43252  -50.015  -51.284  2.222 0.3000000119
44332  -48.802  -50.907  2.327 0.3000000119
44333  -49.461  -50.864  2.264 0.3000000119
48521  -54.210  -46.116  2.487 0.3000000119
49568  -53.568  -45.570  3.037 0.3000000119
49573  -54.282  -45.091  2.385 0.3000000119
50615  -52.994  -44.130  3.482 0.3000000119
51638  -53.559  -43.194  2.098 0.3000000119
50616  -53.603  -44.623  2.977 0.3000000119
51637  -52.872  -43.133  3.155 0.3000000119
33950  -38.544  -59.859  2.083 0.4000000060
40218  -45.998  -54.471  2.175 0.3000000119
41207  -48.294  -53.778  1.497 0.3000000119
158139  -37.646  -60.389  2.170 0.4000000060
42217  -50.352  -52.758  1.753 0.3000000119
43263  -51.253  -51.754  2.312 0.3000000119
45382  -49.819  -50.162  2.386 0.3000000119
46391  -50.985  -49.353  2.638 0.3000000119
146687  -52.473  -47.369  3.272 0.3000000119
47446  -53.235  -47.774  2.816 0.3000000119
141055  -54.194  -47.190  2.432 0.3000000119
49574  -54.848  -45.685  1.773 0.3000000119
50627  -54.690  -44.636  1.395 0.3000000119
51642  -53.705  -43.226  0.933 0.3000000119
42216  -49.512  -52.804  1.700 0.3000000119
43254  -51.490  -50.830  2.458 0.3000000119
27532  -26.713  -66.597  4.058 0.4000000060
28547  -26.184  -66.018  4.493 0.3000000119
29639  -27.426  -64.638  4.386 0.3000000119
29625  -26.928  -64.097  4.956 0.3000000119
33899  -32.668  -60.887  6.750 0.4000000060
33900  -33.571  -60.914  6.528 0.4000000060
32835  -33.132  -61.653  6.563 0.4000000060
31720  -34.124  -61.921  5.932 0.4000000060
34944  -32.195  -59.225  6.379 0.4000000060
34945  -33.046  -59.882  6.317 0.4000000060
34946  -33.954  -60.208  6.203 0.4000000060
33911  -35.205  -60.855  5.712 0.4000000060
144483  -35.488  -59.960  5.495 0.4000000060
32837  -34.599  -61.489  5.935 0.4000000060
32849  -35.554  -61.046  5.146 0.4000000060
37164  -29.266  -57.556  7.219 0.3000000119
142710  -31.743  -57.796  6.861 0.4000000060
140537  -34.959  -59.184  5.500 0.4000000060
38221  -29.743  -57.030  7.482 0.3000000119
38220  -29.017  -56.851  7.650 0.3000000119
33912  -35.842  -60.443  5.184 0.4000000060
34957  -34.705  -60.082  5.879 0.4000000060
38222  -31.230  -56.590  7.610 0.4000000060
31719  -33.510  -62.142  6.127 0.4000000060
154551  -32.177  -60.134  6.627 0.4000000060
32836  -33.922  -61.571  6.266 0.4000000060
33901  -34.398  -60.912  6.204 0.4000000060
27567  -44.044  -65.561  1.115 0.3000000119
28579  -43.718  -65.167  1.395 0.3000000119
29683  -42.917  -64.242  1.479 0.3000000119
29672  -42.298  -63.956  2.418 0.3000000119
30671  -41.950  -63.353  2.513 0.3000000119
151790  -41.195  -62.948  1.635 0.3000000119
30693  -40.312  -63.331  1.521 0.3000000119
30692  -39.167  -63.850  1.571 0.3000000119
31788  -40.810  -62.367  1.533 0.3000000119
154653  -40.073  -62.377  1.355 0.3000000119
147208  -39.138  -62.803  1.323 0.3000000119
33962  -41.109  -60.981  1.726 0.3000000119
32885  -40.500  -61.544  1.445 0.3000000119
31787  -39.564  -61.878  1.296 0.3000000119
33952  -41.191  -60.064  1.863 0.3000000119
32883  -39.094  -61.418  1.468 0.3000000119
29657  -41.637  -64.126  3.087 0.3000000119
33960  -40.124  -60.105  1.710 0.3000000119
32884  -39.873  -61.016  1.458 0.3000000119
30682  -42.396  -63.629  1.960 0.3000000119
22375  -43.037  -71.438  4.489 0.4000000060
22376  -44.419  -71.317  3.846 0.3000000119
23361  -41.897  -70.478  9.434 0.3000000119
23374  -40.605  -70.658  8.282 0.3000000119
23405  -40.662  -70.480  6.496 0.3000000119
23424  -43.370  -71.174  5.857 0.3000000119
23456  -44.555  -70.918  2.715 0.4000000060
24405  -40.108  -69.705  9.506 0.3000000119
24406  -41.556  -70.079  10.117 0.3000000119
24421  -42.696  -70.143  9.137 0.3000000119
24435  -39.631  -69.474  8.014 0.3000000119
24452  -40.319  -69.765  6.548 0.3000000119
25448  -41.980  -68.310  11.662 0.3000000119
25469  -39.273  -68.153  9.733 0.3000000119
25488  -38.629  -68.107  8.410 0.3000000119
25521  -40.468  -68.796  5.651 0.3000000119
26543  -39.390  -67.603  6.162 0.4000000060
27449  -41.134  -66.975  11.192 0.3000000119
27466  -38.880  -66.518  10.349 0.3000000119
27487  -37.533  -66.422  9.103 0.3000000119
27502  -37.966  -66.946  7.789 0.3000000119
27514  -38.352  -66.296  6.701 0.3000000119
28435  -43.315  -65.402  12.411 0.3000000119
28451  -42.001  -65.812  11.717 0.3000000119
28476  -38.643  -65.743  10.493 0.3000000119
28494  -37.713  -65.760  9.951 0.3000000119
28564  -42.753  -65.317  2.592 0.4000000060
28589  -43.784  -64.976  1.148 0.3000000119
29544  -39.185  -63.766  10.986 0.3000000119
29599  -37.016  -64.419  8.835 0.3000000119
30560  -38.375  -62.946  11.171 0.3000000119
30561  -39.947  -63.849  10.526 0.3000000119
30562  -43.359  -63.758  11.547 0.3000000119
30584  -37.100  -63.415  9.738 0.3000000119
30586  -41.413  -64.551  8.905 0.3000000119
30587  -43.347  -63.939  9.561 0.3000000119
30596  -36.869  -63.650  8.929 0.3000000119
30598  -42.422  -64.298  8.086 0.3000000119
30609  -43.676  -64.051  6.952 0.3000000119
30621  -37.155  -63.733  7.526 0.3000000119
31666  -37.023  -62.467  9.830 0.4000000060
31668  -41.162  -63.514  9.247 0.3000000119
31742  -32.907  -62.380  5.574 0.4000000060
31744  -34.446  -61.740  5.518 0.4000000060
32754  -40.020  -61.117  11.912 0.3000000119
32764  -40.993  -61.341  11.287 0.3000000119
32776  -40.702  -62.087  11.036 0.3000000119
32777  -41.320  -61.758  10.580 0.3000000119
32803  -42.519  -62.571  7.879 0.3000000119
32817  -37.519  -61.276  7.309 0.4000000060
32848  -35.033  -61.429  5.345 0.4000000060
32877  -41.327  -61.490  2.076 0.3000000119
32886  -41.059  -61.716  1.722 0.3000000119
33834  -39.599  -60.499  12.068 0.3000000119
33844  -38.617  -60.070  11.697 0.3000000119
33847  -42.467  -59.884  10.464 0.3000000119
33951  -39.550  -59.723  1.885 0.3000000119
33961  -40.688  -60.548  1.606 0.3000000119
34878  -39.267  -59.171  12.149 0.4000000060
34879  -40.071  -58.923  12.262 0.4000000060
34899  -38.272  -59.746  11.315 0.5000000000
34902  -41.660  -59.236  11.545 0.3000000119
34919  -37.544  -59.194  9.683 0.6000000238
34920  -43.025  -59.970  9.738 0.3000000119
34947  -38.861  -58.990  5.973 0.5000000000
34958  -35.757  -59.180  5.167 0.4000000060
34983  -41.040  -59.316  2.530 0.4000000060
34989  -40.393  -59.194  1.944 0.4000000060
34997  -40.797  -59.754  1.757 0.4000000060
35952  -38.645  -58.706  11.951 0.4000000060
35955  -40.991  -57.880  12.113 0.4000000060
35973  -37.813  -58.728  10.921 0.5000000000
35975  -41.616  -57.969  11.777 0.4000000060
36021  -43.778  -58.564  8.978 0.4000000060
36030  -38.431  -58.472  7.107 0.6000000238
36031  -44.569  -58.636  7.302 0.3000000119
36058  -39.285  -58.100  5.278 0.5000000000
36070  -39.811  -58.010  3.704 0.5000000000
37126  -43.336  -57.649  10.021 0.4000000060
37133  -43.725  -57.859  9.269 0.4000000060
37184  -32.605  -57.359  6.599 0.5000000000
37187  -44.725  -57.595  6.275 0.3000000119
37207  -39.322  -57.299  4.098 0.6000000238
38175  -37.644  -55.667  12.006 0.6999999881
38178  -40.221  -56.757  12.504 0.4000000060
38226  -44.357  -56.408  7.155 0.4000000060
38236  -44.556  -56.743  6.310 0.4000000060
38241  -38.987  -56.755  4.425 0.6000000238
38255  -38.042  -56.194  4.000 0.5000000000
39215  -39.305  -54.917  13.023 0.6000000238
39228  -39.426  -55.675  12.834 0.6000000238
39230  -41.145  -55.833  12.213 0.4000000060
39239  -41.822  -55.652  11.645 0.4000000060
39240  -42.440  -55.638  10.910 0.4000000060
39245  -43.006  -55.943  10.172 0.4000000060
39262  -43.597  -55.706  8.672 0.4000000060
39273  -33.433  -55.920  6.921 0.5000000000
39281  -36.414  -54.685  4.687 0.6000000238
39288  -36.774  -54.750  4.131 0.6000000238
39291  -44.540  -55.427  4.331 0.4000000060
39298  -37.812  -55.440  4.070 0.6000000238
39299  -44.725  -55.353  3.545 0.3000000119
40117  -38.736  -54.268  13.176 0.6000000238
40141  -42.253  -54.686  10.823 0.4000000060
40156  -37.143  -54.058  9.287 0.6999999881
40158  -27.868  -55.099  8.784 0.4000000060
40160  -30.458  -54.683  8.301 0.5000000000
40163  -42.990  -53.885  8.644 0.4000000060
40184  -44.250  -54.656  4.714 0.4000000060
40190  -44.337  -54.065  3.872 0.4000000060
40214  -44.948  -54.556  2.790 0.3000000119
40215  -45.410  -54.533  2.477 0.3000000119
41064  -40.102  -53.439  13.154 0.6000000238
41085  -40.815  -53.494  12.636 0.5000000000
41107  -36.982  -53.063  11.843 0.6999999881
41140  -42.628  -53.774  9.568 0.4000000060
41166  -35.678  -54.039  8.032 0.6000000238
41169  -43.010  -52.909  7.254 0.4000000060
41181  -44.059  -53.453  4.227 0.4000000060
41182  -44.325  -53.276  3.651 0.4000000060
41201  -46.242  -53.100  2.332 0.3000000119
41204  -46.112  -53.793  2.219 0.3000000119
41206  -47.631  -53.013  1.785 0.3000000119
41208  -49.289  -53.619  1.438 0.3000000119
42081  -40.126  -52.494  13.257 0.6000000238
42098  -37.556  -52.208  12.675 0.6999999881
42112  -36.982  -52.096  11.920 0.6999999881
42113  -41.474  -52.504  11.802 0.5000000000
42152  -30.247  -52.528  8.231 0.4000000060
42168  -32.920  -52.496  7.143 0.5000000000
42169  -42.801  -52.388  7.666 0.4000000060
42170  -43.115  -52.237  6.995 0.4000000060
42177  -43.487  -52.368  6.097 0.4000000060
42182  -43.815  -52.566  5.071 0.4000000060
42191  -44.245  -52.609  4.127 0.4000000060
42201  -44.694  -52.732  3.404 0.4000000060
42202  -45.247  -52.807  2.918 0.4000000060
42205  -45.817  -52.797  2.626 0.4000000060
42215  -48.603  -52.907  1.692 0.3000000119
43122  -39.342  -51.252  13.472 0.6000000238
43162  -41.981  -51.593  10.811 0.5000000000
43163  -42.271  -51.371  10.145 0.5000000000
43179  -42.535  -51.288  9.432 0.5000000000
43196  -42.662  -51.575  8.630 0.5000000000
43208  -42.844  -51.772  7.785 0.4000000060
43218  -44.784  -51.222  6.300 0.4000000060
43245  -46.816  -51.257  3.085 0.4000000060
43246  -47.469  -51.365  2.559 0.3000000119
43251  -48.856  -51.371  2.190 0.3000000119
43253  -50.750  -51.074  2.358 0.3000000119
43260  -48.913  -52.050  1.983 0.3000000119
43262  -50.525  -51.925  2.162 0.3000000119
44201  -39.119  -50.449  13.381 0.6999999881
44215  -38.440  -50.203  13.034 0.6999999881
44226  -36.813  -50.364  11.565 0.6999999881
44244  -42.488  -50.742  10.033 0.5000000000
44264  -43.924  -50.449  8.883 0.5000000000
44277  -34.002  -51.036  8.077 0.6999999881
44278  -43.343  -50.881  8.467 0.4000000060
44280  -45.228  -50.290  7.687 0.4000000060
44301  -45.397  -50.611  6.714 0.4000000060
44311  -45.526  -50.955  5.801 0.4000000060
44320  -45.595  -51.313  4.849 0.4000000060
44321  -46.365  -51.110  4.132 0.4000000060
44327  -48.360  -50.663  2.593 0.3000000119
44331  -48.202  -51.312  2.350 0.3000000119
45262  -40.702  -49.391  12.589 0.6000000238
45263  -41.258  -49.437  12.073 0.5000000000
45274  -41.890  -49.558  11.397 0.4000000060
45306  -43.479  -49.948  9.784 0.5000000000
45308  -45.217  -49.487  9.261 0.4000000060
45314  -30.456  -49.666  8.850 0.3000000119
45330  -46.495  -49.462  7.431 0.4000000060
45340  -32.828  -50.869  5.173 0.6999999881
45353  -34.162  -50.918  4.463 0.6999999881
45355  -36.318  -50.630  4.274 0.6000000238
45357  -38.253  -49.775  3.556 0.6999999881
45360  -48.203  -49.457  4.592 0.4000000060
45370  -48.469  -49.661  3.685 0.4000000060
45375  -48.688  -49.935  2.885 0.4000000060
45377  -50.147  -49.484  2.618 0.3000000119
45381  -49.076  -50.370  2.456 0.4000000060
45383  -50.622  -49.961  2.379 0.3000000119
46251  -39.611  -49.233  13.201 0.6999999881
46261  -39.553  -48.360  12.847 0.6000000238
46281  -42.629  -48.084  11.444 0.4000000060
46282  -43.348  -48.221  11.302 0.4000000060
46297  -37.108  -48.379  10.679 0.6000000238
46298  -43.623  -48.819  10.853 0.4000000060
46312  -44.815  -49.146  10.044 0.4000000060
46323  -35.405  -48.980  7.683 0.6999999881
46327  -47.349  -48.260  8.149 0.4000000060
46337  -37.350  -48.745  6.402 0.6000000238
46339  -47.508  -48.503  7.359 0.4000000060
46355  -47.648  -48.778  6.549 0.4000000060
46364  -34.305  -49.716  4.345 0.8000000119
46375  -35.908  -49.634  3.646 0.6999999881
46378  -38.740  -49.152  3.481 0.6999999881
46381  -49.450  -48.728  3.968 0.4000000060
46382  -50.139  -48.427  3.736 0.4000000060
46385  -49.733  -49.029  3.149 0.4000000060
47321  -40.691  -47.621  12.247 0.6000000238
47338  -45.085  -47.399  11.566 0.4000000060
47352  -45.543  -47.768  10.983 0.5000000000
47367  -37.946  -46.932  9.552 0.6000000238
47368  -46.973  -47.683  9.557 0.4000000060
47382  -47.168  -48.002  8.933 0.4000000060
47383  -47.738  -47.596  8.479 0.4000000060
47392  -33.468  -47.547  6.829 0.6999999881
47408  -48.701  -47.818  6.487 0.4000000060
47409  -49.339  -47.506  6.104 0.4000000060
47418  -35.316  -47.481  4.328 0.6999999881
47423  -49.515  -47.795  5.321 0.4000000060
47430  -35.880  -48.286  3.668 0.6999999881
47432  -37.429  -47.931  2.995 0.6999999881
47433  -40.263  -48.070  3.710 0.6999999881
47435  -41.057  -47.294  3.231 0.6999999881
47436  -49.808  -48.092  4.537 0.4000000060
47438  -51.200  -47.422  4.065 0.4000000060
47445  -51.684  -47.838  3.405 0.4000000060
48396  -40.303  -46.902  12.145 0.6000000238
48412  -44.544  -46.855  11.978 0.5000000000
48458  -49.498  -46.018  7.864 0.4000000060
48480  -49.842  -46.741  6.429 0.4000000060
48481  -50.536  -45.988  6.334 0.4000000060
48488  -35.557  -46.417  4.767 0.6999999881
48494  -50.443  -46.674  5.601 0.4000000060
48495  -51.102  -46.327  5.132 0.4000000060
48503  -41.437  -47.128  4.202 0.6999999881
48505  -42.216  -46.174  3.965 0.6999999881
48506  -50.790  -47.035  4.769 0.4000000060
48508  -52.453  -46.461  3.651 0.4000000060
48515  -42.039  -46.404  3.336 0.6999999881
48517  -53.310  -46.641  3.068 0.3000000119
48520  -41.574  -46.320  2.993 0.6999999881
48522  -54.783  -46.487  2.022 0.3000000119
49456  -45.874  -45.018  12.479 0.5000000000
49464  -41.365  -45.912  11.498 0.5000000000
49468  -46.514  -45.171  12.103 0.5000000000
49469  -47.231  -45.131  11.440 0.4000000060
49482  -47.728  -45.447  10.653 0.4000000060
49497  -48.142  -45.808  9.941 0.4000000060
49520  -34.302  -45.778  7.561 0.6000000238
49534  -50.057  -45.987  7.098 0.4000000060
49544  -42.084  -45.609  5.519 0.6999999881
49545  -42.228  -45.677  4.775 0.6999999881
49554  -42.422  -45.509  4.191 0.6999999881
49556  -52.329  -45.578  4.078 0.4000000060
49567  -52.962  -45.050  3.564 0.4000000060
49571  -41.775  -45.468  2.637 0.6999999881
50533  -46.877  -44.556  11.942 0.5000000000
50547  -48.337  -44.127  10.333 0.4000000060
50562  -49.122  -43.783  9.048 0.4000000060
50580  -42.407  -44.744  7.834 0.6000000238
50589  -42.531  -44.875  6.279 0.6000000238
50590  -50.914  -44.303  6.370 0.3000000119
50600  -51.398  -44.326  5.664 0.4000000060
50604  -42.498  -45.111  3.696 0.8000000119
50621  -41.940  -44.067  2.360 0.6000000238
50622  -42.153  -44.433  2.511 0.6999999881
50623  -54.107  -44.116  2.263 0.3000000119
51531  -44.128  -43.774  12.395 0.5000000000
51553  -47.798  -43.129  10.925 0.5000000000
51554  -48.258  -43.329  10.423 0.5000000000
51587  -36.640  -43.928  7.770 0.5000000000
51588  -37.829  -43.554  7.250 0.6999999881
51589  -42.400  -44.404  7.435 0.5000000000
51600  -50.605  -43.492  6.608 0.3000000119
51608  -39.370  -43.940  5.097 0.6999999881
51615  -39.687  -43.951  4.246 0.6999999881
51616  -41.965  -43.199  3.672 0.6999999881
51617  -42.394  -44.455  3.598 0.8000000119
51618  -52.052  -43.564  4.537 0.4000000060
51619  -52.513  -43.632  3.886 0.4000000060
51627  -41.021  -43.225  2.470 0.6999999881
51628  -42.019  -43.161  2.850 0.6000000238
51629  -53.495  -43.810  2.858 0.3000000119
51635  -41.791  -43.445  2.499 0.6999999881
52645  -42.985  -41.892  11.392 0.5000000000
52647  -46.452  -42.399  11.836 0.5000000000
52670  -41.916  -43.103  9.430 0.5000000000
52673  -48.323  -42.251  9.578 0.4000000060
52704  -49.514  -42.652  7.660 0.4000000060
52722  -51.059  -42.899  5.444 0.3000000119
52741  -41.780  -43.014  2.668 0.6000000238
52742  -48.659  -42.009  2.863 0.3000000119
52743  -51.227  -42.179  3.641 0.3000000119
52751  -48.693  -42.177  2.169 0.3000000119
52754  -52.600  -42.506  2.234 0.3000000119
52764  -53.089  -42.670  1.399 0.3000000119
53692  -43.020  -41.135  11.246 0.5000000000
53694  -45.465  -41.380  11.949 0.5000000000
53695  -46.210  -41.569  11.655 0.5000000000
53737  -35.991  -42.111  8.308 0.5000000000
53754  -36.812  -42.375  8.063 0.6000000238
53758  -49.050  -42.107  7.459 0.4000000060
53768  -48.403  -41.408  6.023 0.4000000060
53783  -39.429  -41.058  4.287 0.6999999881
53787  -48.778  -41.758  4.370 0.3000000119
53788  -49.197  -41.978  3.878 0.3000000119
53805  -41.395  -41.034  2.655 0.6000000238
53820  -48.875  -41.922  1.102 0.3000000119
54689  -43.159  -40.276  11.054 0.5000000000
54691  -46.235  -40.368  10.939 0.5000000000
54692  -46.705  -40.427  10.382 0.4000000060
54705  -41.332  -40.586  8.861 0.6000000238
54750  -35.587  -39.812  6.784 0.5000000000
54754  -40.694  -40.637  6.276 0.6999999881
54755  -48.281  -40.821  6.332 0.4000000060
54760  -41.104  -40.717  5.087 0.6999999881
54761  -41.492  -40.636  3.897 0.6000000238
54770  -41.727  -40.515  3.125 0.6000000238
54787  -48.646  -41.770  1.825 0.3000000119
54801  -49.515  -41.368  0.008 0.3000000119
55682  -47.182  -39.679  9.505 0.4000000060
55694  -47.645  -39.626  8.822 0.5000000000
55695  -48.150  -39.683  8.095 0.4000000060
55710  -48.419  -39.621  7.408 0.3000000119
55721  -35.140  -39.438  6.572 0.5000000000
55738  -48.795  -39.722  5.393 0.4000000060
55751  -48.970  -39.879  4.582 0.3000000119
55759  -41.728  -39.702  2.994 0.6000000238
55760  -49.146  -39.997  3.623 0.3000000119
55764  -41.473  -39.655  2.759 0.6000000238
55765  -49.170  -40.103  2.567 0.3000000119
55770  -49.130  -40.212  1.506 0.3000000119
55775  -49.153  -40.266  0.610 0.3000000119
55777  -49.340  -40.217  0.077 0.3000000119
56663  -45.900  -38.716  10.417 0.6000000238
56704  -49.168  -38.104  7.017 0.3000000119
56715  -35.631  -38.885  6.436 0.6000000238
56719  -49.162  -38.551  6.347 0.4000000060
56730  -40.697  -38.512  5.496 0.6000000238
56749  -39.293  -38.132  3.578 0.6000000238
56750  -39.845  -38.139  2.922 0.6000000238
56751  -41.571  -38.422  2.859 0.6000000238
56756  -40.507  -38.208  2.606 0.6000000238
56758  -41.315  -38.048  2.673 0.6000000238
56775  -49.007  -38.346  -1.010 0.3000000119
57748  -42.749  -37.448  8.981 0.5000000000
57751  -45.430  -37.264  9.097 0.5000000000
57760  -41.344  -37.782  8.473 0.5000000000
57776  -40.554  -37.835  7.394 0.6999999881
57810  -38.248  -36.741  4.506 0.5000000000
57811  -41.339  -37.266  3.769 0.6000000238
57822  -41.211  -37.316  2.779 0.6000000238
57840  -48.445  -37.545  -0.256 0.4000000060
58851  -40.938  -36.003  9.026 0.6999999881
58868  -40.588  -36.188  8.318 0.6999999881
58872  -47.697  -36.767  8.171 0.4000000060
58888  -48.305  -36.627  7.589 0.3000000119
58898  -48.854  -36.207  6.482 0.4000000060
58899  -49.169  -36.827  6.701 0.3000000119
58924  -49.477  -36.452  4.249 0.5000000000
58932  -39.551  -35.604  3.070 0.6000000238
58934  -41.032  -36.501  2.918 0.6000000238
58935  -49.410  -36.496  3.279 0.5000000000
58939  -40.696  -36.921  2.698 0.6000000238
58941  -49.209  -36.487  2.124 0.5000000000
58952  -48.247  -36.640  -0.103 0.4000000060
58953  -48.440  -37.017  0.171 0.4000000060
58962  -51.085  -36.218  -1.252 0.3000000119
58967  -48.681  -36.014  -0.729 0.4000000060
59879  -42.164  -35.954  9.755 0.5000000000
59910  -45.915  -35.073  7.912 0.4000000060
59911  -46.530  -35.101  7.524 0.4000000060
59932  -37.128  -35.870  5.162 0.5000000000
59934  -48.633  -35.375  5.492 0.4000000060
59949  -48.723  -35.111  4.046 0.5000000000
59961  -48.747  -35.317  3.134 0.5000000000
59972  -48.334  -35.653  0.951 0.5000000000
59982  -48.026  -35.828  0.107 0.4000000060
59988  -47.776  -34.575  -0.447 0.4000000060
59990  -50.744  -35.585  -0.897 0.3000000119
60953  -41.189  -34.271  9.745 0.6999999881
61004  -40.447  -34.420  5.219 0.6000000238
61019  -40.505  -34.562  3.950 0.6000000238
61031  -38.918  -34.049  3.098 0.5000000000
61033  -40.165  -34.340  3.303 0.6000000238
61046  -47.657  -34.441  1.157 0.5000000000
61056  -47.352  -34.491  0.282 0.5000000000
61061  -47.366  -34.394  -0.126 0.4000000060
61062  -50.382  -34.219  -1.067 0.3000000119
61065  -50.146  -34.306  -1.294 0.3000000119
61979  -43.542  -33.819  10.549 0.5000000000
62025  -47.270  -33.924  5.858 0.4000000060
62041  -47.640  -33.447  4.116 0.4000000060
62053  -39.645  -33.749  3.259 0.6000000238
62061  -47.600  -33.745  1.984 0.5000000000
62072  -49.968  -33.198  0.889 0.3000000119
62083  -49.267  -33.823  -1.218 0.4000000060
62084  -50.013  -33.769  -1.376 0.3000000119
62922  -40.765  -32.297  9.279 0.6000000238
62933  -46.162  -32.531  8.194 0.4000000060
62947  -39.798  -32.235  6.282 0.6000000238
62948  -40.059  -32.941  6.028 0.6000000238
62958  -46.929  -32.745  5.377 0.4000000060
62981  -39.203  -32.641  3.348 0.6000000238
62992  -37.773  -32.176  2.785 0.4000000060
63002  -46.536  -32.294  1.225 0.5000000000
63007  -46.517  -32.340  0.358 0.5000000000
63011  -46.897  -32.321  -0.257 0.5000000000
63012  -48.915  -33.104  -1.099 0.4000000060
63872  -43.266  -31.708  11.035 0.6000000238
63874  -44.940  -31.474  10.439 0.5000000000
63892  -40.500  -31.826  8.601 0.6000000238
63900  -40.249  -31.428  7.889 0.6000000238
63943  -38.557  -31.553  3.056 0.5000000000
63952  -37.555  -31.016  2.717 0.4000000060
63954  -38.110  -31.222  2.743 0.4000000060
63966  -48.180  -31.496  -0.724 0.3000000119
63967  -49.554  -31.589  -1.149 0.3000000119
64851  -42.044  -29.943  10.906 0.5000000000
64852  -42.674  -30.129  11.102 0.6000000238
64853  -43.475  -30.311  11.150 0.6000000238
64854  -44.279  -30.433  11.001 0.6000000238
64869  -45.684  -30.211  10.087 0.6000000238
64870  -46.164  -29.865  9.527 0.5000000000
64881  -40.895  -30.980  9.610 0.6000000238
64914  -38.664  -29.911  4.685 0.6000000238
64928  -46.565  -30.618  4.108 0.4000000060
64943  -46.481  -30.523  3.083 0.4000000060
64949  -46.195  -30.480  2.079 0.4000000060
64961  -46.624  -30.719  -0.021 0.5000000000
64962  -47.576  -30.743  -0.379 0.4000000060
64966  -52.635  -30.266  -0.221 0.3000000119
65961  -45.292  -29.134  10.858 0.5000000000
65974  -40.735  -29.285  9.136 0.5000000000
65993  -39.721  -29.362  7.127 0.5000000000
65994  -40.069  -29.703  7.723 0.6000000238
65995  -46.624  -29.277  7.811 0.4000000060
66014  -39.004  -29.696  5.605 0.5000000000
66024  -46.594  -29.576  4.455 0.4000000060
66043  -45.938  -29.160  0.694 0.4000000060
67091  -41.968  -28.087  10.839 0.5000000000
67106  -46.521  -28.600  9.067 0.4000000060
67117  -46.659  -28.764  8.378 0.4000000060
67124  -40.341  -28.473  8.109 0.5000000000
67143  -46.934  -28.949  5.901 0.4000000060
67162  -46.811  -28.408  3.675 0.3000000119
67180  -46.349  -28.477  0.622 0.3000000119
67181  -47.021  -28.417  0.106 0.3000000119
67182  -48.164  -28.352  -0.029 0.3000000119
67184  -50.506  -28.695  -0.168 0.3000000119
68206  -45.346  -27.557  10.951 0.4000000060
68239  -40.924  -27.535  8.909 0.5000000000
68262  -47.468  -27.399  6.977 0.4000000060
68309  -46.348  -28.051  1.542 0.4000000060
68311  -46.483  -27.802  1.087 0.3000000119
68313  -47.813  -27.154  0.645 0.3000000119
68322  -47.450  -27.785  0.357 0.3000000119
68327  -53.141  -28.367  -0.050 0.3000000119
69227  -44.129  -26.622  11.382 0.3000000119
69282  -41.090  -26.038  7.909 0.4000000060
69298  -47.856  -26.941  5.474 0.4000000060
69317  -38.346  -26.451  2.874 0.3000000119
69318  -47.450  -26.329  3.105 0.3000000119
69328  -47.209  -26.163  2.477 0.3000000119
69332  -46.878  -26.481  1.601 0.3000000119
69340  -47.467  -26.599  0.894 0.3000000119
69343  -50.241  -27.201  1.331 0.3000000119
70237  -42.695  -25.995  11.063 0.3000000119
70239  -44.106  -25.379  11.292 0.3000000119
70240  -44.891  -25.308  11.080 0.3000000119
70270  -41.515  -25.696  9.374 0.3000000119
70286  -47.123  -25.673  8.548 0.4000000060
70341  -47.100  -25.937  2.026 0.3000000119
70342  -47.362  -25.343  2.287 0.3000000119
70346  -47.240  -25.778  1.557 0.3000000119
70354  -47.507  -25.777  1.184 0.3000000119
70357  -49.268  -26.013  1.397 0.3000000119
70358  -49.846  -26.526  1.755 0.3000000119
71351  -46.309  -24.566  9.729 0.3000000119
71389  -41.111  -24.577  6.437 0.3000000119
71448  -48.386  -24.877  1.316 0.3000000119
72459  -44.780  -23.159  10.734 0.3000000119
72493  -46.781  -23.459  8.597 0.3000000119
72494  -47.235  -23.451  7.886 0.3000000119
72511  -47.942  -23.159  6.385 0.3000000119
72521  -48.477  -23.895  5.142 0.3000000119
72527  -48.425  -23.667  4.402 0.3000000119
72538  -48.137  -23.330  3.464 0.3000000119
73511  -42.761  -21.867  11.061 0.3000000119
73528  -41.193  -22.765  10.111 0.3000000119
73530  -43.469  -22.226  11.073 0.3000000119
73600  -48.311  -22.014  5.666 0.3000000119
74528  -43.389  -21.505  10.924 0.3000000119
74543  -40.639  -21.632  9.178 0.3000000119
74545  -46.117  -21.476  9.005 0.3000000119
74613  -48.299  -21.447  2.934 0.3000000119
75586  -46.035  -20.758  8.779 0.3000000119
75614  -46.715  -20.600  7.734 0.3000000119
75646  -48.776  -20.456  4.003 0.3000000119
75654  -48.382  -20.563  3.186 0.3000000119
76650  -43.721  -19.301  10.459 0.3000000119
76680  -46.057  -19.297  8.305 0.3000000119
76693  -46.486  -19.194  7.694 0.3000000119
76706  -46.798  -19.066  7.168 0.3000000119
77671  -45.246  -18.857  9.227 0.3000000119
77730  -47.955  -18.649  5.412 0.3000000119
77757  -48.556  -18.098  2.782 0.3000000119
77765  -48.918  -18.019  2.368 0.3000000119
77766  -49.616  -18.011  1.931 0.3000000119
78662  -42.526  -17.479  10.467 0.3000000119
78701  -46.163  -17.886  7.665 0.3000000119
78759  -48.389  -17.394  4.000 0.3000000119
78772  -48.165  -17.103  3.181 0.3000000119
78787  -50.127  -16.791  1.559 0.3000000119
79776  -47.266  -16.729  5.306 0.3000000119
79787  -47.401  -16.180  4.614 0.3000000119
79815  -48.536  -16.116  1.618 0.3000000119
79823  -49.025  -15.863  1.274 0.3000000119
80808  -48.019  -15.690  1.725 0.3000000119
80816  -50.116  -15.173  1.319 0.3000000119
81737  -47.519  -14.383  2.242 0.3000000119
81746  -48.095  -15.125  1.476 0.3000000119
82753  -50.646  -13.326  0.618 0.3000000119
83729  -48.640  -12.853  1.356 0.3000000119
135038  -44.945  -51.717  4.528 0.4000000060
136141  -39.865  -40.966  3.359 0.6000000238
137424  -49.565  -15.753  1.399 0.3000000119
138056  -42.992  -23.920  11.306 0.3000000119
138137  -40.412  -36.250  7.467 0.6000000238
138381  -48.735  -36.544  7.056 0.4000000060
138752  -42.146  -33.014  10.537 0.6000000238
139035  -44.651  -56.171  4.821 0.3000000119
140014  -47.766  -49.231  5.599 0.4000000060
140023  -38.025  -63.996  10.694 0.3000000119
140115  -41.388  -21.370  10.360 0.3000000119
140357  -39.267  -33.741  3.125 0.5000000000
140793  -49.356  -20.060  2.447 0.3000000119
141026  -45.568  -54.035  2.413 0.3000000119
141074  -39.493  -66.002  5.425 0.4000000060
141473  -38.529  -57.106  12.279 0.6999999881
141594  -43.508  -53.461  5.913 0.4000000060
141688  -41.470  -41.766  2.670 0.6000000238
141793  -33.240  -49.007  5.211 0.6999999881
142254  -45.794  -29.865  0.892 0.4000000060
142271  -43.678  -41.510  11.760 0.5000000000
142295  -46.579  -17.888  7.003 0.3000000119
142451  -38.960  -41.054  5.251 0.6999999881
142573  -47.563  -32.998  -0.679 0.5000000000
142706  -46.815  -32.445  2.029 0.5000000000
142720  -40.968  -68.920  10.914 0.3000000119
142801  -48.218  -35.304  -0.582 0.4000000060
142989  -52.092  -42.459  3.079 0.4000000060
143034  -44.074  -48.230  11.252 0.4000000060
143321  -37.195  -46.628  3.360 0.6999999881
143673  -41.028  -44.100  2.563 0.6999999881
144214  -46.429  -30.084  6.217 0.4000000060
144227  -44.464  -54.796  3.883 0.4000000060
144268  -47.925  -21.968  6.368 0.3000000119
144384  -46.561  -33.051  6.732 0.4000000060
144802  -49.610  -35.860  -1.213 0.3000000119
145325  -37.504  -56.933  9.318 0.6999999881
145585  -45.384  -51.990  3.380 0.4000000060
145722  -46.218  -29.921  0.349 0.5000000000
145766  -49.531  -37.404  5.473 0.5000000000
145877  -44.512  -58.035  7.565 0.4000000060
145929  -43.077  -33.124  10.716 0.6000000238
145933  -39.967  -43.171  3.755 0.6000000238
146293  -50.148  -44.390  7.593 0.3000000119
146366  -45.168  -43.737  12.560 0.5000000000
146597  -51.957  -45.057  4.642 0.4000000060
146669  -46.868  -43.054  11.766 0.5000000000
146724  -43.365  -54.367  8.029 0.4000000060
146843  -28.024  -56.121  8.180 0.5000000000
147327  -43.912  -25.987  11.376 0.3000000119
147334  -39.473  -52.080  13.454 0.6000000238
147352  -48.549  -21.812  4.591 0.3000000119
147482  -37.421  -65.818  9.330 0.3000000119
147502  -44.187  -23.350  11.107 0.3000000119
147569  -51.544  -45.075  5.235 0.4000000060
147901  -33.960  -31.025  3.601 0.4000000060
148309  -47.474  -20.051  6.592 0.3000000119
148412  -39.835  -59.731  12.199 0.4000000060
148416  -48.570  -42.060  8.911 0.4000000060
148502  -42.694  -61.618  8.504 0.3000000119
148642  -43.736  -71.385  3.745 0.3000000119
148726  -33.882  -28.897  3.626 0.5000000000
149023  -41.362  -60.773  2.080 0.3000000119
149083  -49.032  -26.480  0.974 0.3000000119
149176  -37.426  -56.957  10.290 0.6999999881
149292  -37.048  -40.337  7.368 0.6000000238
149326  -42.261  -44.047  2.855 0.6999999881
149337  -40.764  -38.879  2.523 0.6000000238
149490  -40.504  -42.966  2.899 0.6999999881
149505  -43.602  -27.829  11.402 0.5000000000
149584  -35.368  -31.730  3.455 0.5000000000
149979  -45.626  -70.548  3.658 0.3000000119
150070  -45.044  -39.091  10.914 0.4000000060
150172  -49.932  -25.465  2.405 0.3000000119
150305  -41.304  -34.972  9.707 0.6000000238
150315  -51.915  -27.250  1.254 0.3000000119
150448  -40.612  -61.007  11.696 0.3000000119
150653  -37.606  -47.420  9.907 0.6000000238
151090  -51.564  -36.785  -0.755 0.3000000119
151187  -46.796  -26.030  9.211 0.4000000060
151326  -40.418  -30.023  8.430 0.6000000238
151355  -43.010  -28.993  11.290 0.5000000000
151440  -45.958  -26.014  10.417 0.3000000119
151794  -46.443  -25.997  9.814 0.4000000060
152243  -49.387  -51.477  2.153 0.3000000119
152551  -37.649  -59.655  8.242 0.6000000238
152878  -51.086  -27.362  1.411 0.3000000119
152938  -45.884  -31.862  9.260 0.5000000000
152975  -37.567  -46.092  3.578 0.6999999881
153902  -44.296  -56.880  7.999 0.4000000060
153998  -43.853  -56.563  8.697 0.4000000060
154153  -39.353  -61.152  11.891 0.3000000119
155027  -38.601  -47.629  12.078 0.6000000238
155140  -47.868  -14.653  1.687 0.3000000119
155775  -48.538  -41.592  5.226 0.3000000119
156025  -45.267  -43.208  12.513 0.5000000000
156116  -51.218  -36.195  -0.297 0.3000000119
156203  -37.652  -39.620  6.618 0.6000000238
156336  -45.329  -55.696  2.774 0.3000000119
156660  -42.163  -44.802  8.440 0.6000000238
156720  -42.019  -44.746  2.366 0.6999999881
156869  -43.512  -54.317  7.257 0.4000000060
157132  -44.214  -44.803  12.429 0.5000000000
157280  -54.208  -43.738  1.487 0.3000000119
157368  -37.320  -54.494  7.088 0.6999999881
157453  -38.013  -66.479  7.295 0.3000000119
157457  -46.678  -32.690  6.052 0.4000000060
157768  -46.370  -30.831  8.265 0.5000000000
157978  -34.510  -40.330  7.042 0.5000000000
158160  -43.745  -47.727  11.518 0.5000000000
158273  -40.617  -19.701  9.417 0.3000000119
158426  -40.732  -39.395  7.412 0.6000000238
158721  -49.600  -29.524  -0.296 0.3000000119
158775  -47.947  -51.045  2.541 0.3000000119
158840  -39.435  -32.578  3.807 0.6000000238
159085  -37.964  -59.362  10.962 0.5000000000
159323  -42.967  -71.412  5.714 0.3000000119
159469  -29.023  -54.256  8.855 0.5000000000
159580  -46.337  -51.732  2.916 0.3000000119
159586  -36.942  -44.753  7.035 0.6000000238
160025  -37.422  -55.478  11.573 0.6999999881
160237  -48.043  -17.471  4.650 0.3000000119
160307  -44.082  -55.343  6.536 0.4000000060
160630  -52.927  -45.866  3.511 0.3000000119
160642  -38.485  -65.096  10.582 0.3000000119
160740  -42.356  -51.707  9.771 0.5000000000
160954  -49.079  -38.983  5.725 0.4000000060
161144  -35.250  -46.392  5.276 0.6999999881
161214  -46.616  -24.517  9.180 0.3000000119
161385  -37.469  -62.380  10.525 0.3000000119
161555  -41.758  -41.952  3.099 0.6000000238
161977  -47.386  -27.074  7.693 0.4000000060
162006  -41.003  -42.017  8.406 0.6000000238
162087  -43.727  -50.222  9.368 0.5000000000
162104  -39.020  -57.550  12.449 0.5000000000
162168  -45.849  -52.203  2.884 0.4000000060
162215  -41.357  -45.245  2.636 0.6999999881
162295  -40.397  -35.604  7.036 0.6000000238
162355  -36.665  -30.918  2.989 0.4000000060
162357  -38.678  -64.061  5.529 0.4000000060
162407  -50.608  -42.222  4.392 0.3000000119
162439  -40.594  -21.026  9.321 0.3000000119
162508  -37.393  -60.276  9.481 0.5000000000
162560  -42.442  -56.868  11.124 0.4000000060
162678  -47.510  -52.460  1.988 0.3000000119
162686  -41.750  -39.508  3.161 0.6000000238
163111  -36.582  -56.409  3.947 0.6000000238
163119  -46.318  -31.716  1.416 0.5000000000
163341  -40.284  -34.068  3.765 0.6000000238
163456  -38.232  -48.601  2.919 0.6999999881
