
Mon Mar  9 23:34:59 CET 2026
cd /out/sourcedata/freesurfer/sub-v1s2x0051469_ses-1
setenv SUBJECTS_DIR /out/sourcedata/freesurfer
/opt/freesurfer/bin/recon-all -autorecon-hemi lh -noparcstats -noparcstats2 -noparcstats3 -nohyporelabel -nobalabels -lh-only -openmp 16 -subjid sub-v1s2x0051469_ses-1 -sd /out/sourcedata/freesurfer

subjid sub-v1s2x0051469_ses-1
setenv SUBJECTS_DIR /out/sourcedata/freesurfer
FREESURFER_HOME /opt/freesurfer
Actual FREESURFER_HOME /opt/freesurfer
build-stamp.txt: freesurfer-linux-ubuntu22_x86_64-7.3.2-20220804-6354275
Linux dna060 5.14.0-427.37.1.el9_4.x86_64 #1 SMP PREEMPT_DYNAMIC Fri Sep 13 12:41:50 EDT 2024 x86_64 x86_64 x86_64 GNU/Linux
cputime      unlimited
filesize     unlimited
datasize     unlimited
stacksize    8192 kbytes
coredumpsize 0 kbytes
memoryuse    67108864 kbytes
vmemoryuse   unlimited
descriptors  1024 
memorylocked unlimited
maxproc      2061970 
maxlocks     unlimited
maxsignal    2061971 
maxmessage   819200 
maxnice      0 
maxrtprio    0 
maxrttime    unlimited

               total        used        free      shared  buff/cache   available
Mem:           503Gi        45Gi       413Gi        10Gi        44Gi       443Gi
Swap:             0B          0B          0B

########################################
program versions used
7.3.2 (freesurfer-linux-ubuntu22_x86_64-7.3.2-20220804-6354275)
7.3.2

ProgramName: lta_convert  ProgramArguments: lta_convert -all-info  ProgramVersion: 7.3.2  TimeStamp: 2026/03/09-22:34:59-GMT  BuildTime: Aug  4 2022 06:17:15  BuildStamp: freesurfer-linux-ubuntu22_x86_64-7.3.2-20220804-6354275  User: oesteban  Machine: dna060  Platform: Linux  PlatformVersion: 5.14.0-427.37.1.el9_4.x86_64  CompilerName: GCC  CompilerVersion: 8.4.0
ProgramName: mri_and  ProgramArguments: mri_and -all-info  ProgramVersion: 7.3.2  TimeStamp: 2026/03/09-22:34:59-GMT  BuildTime: Aug  4 2022 06:17:15  BuildStamp: freesurfer-linux-ubuntu22_x86_64-7.3.2-20220804-6354275  User: oesteban  Machine: dna060  Platform: Linux  PlatformVersion: 5.14.0-427.37.1.el9_4.x86_64  CompilerName: GCC  CompilerVersion: 8.4.0
ProgramName: mri_annotation2label  ProgramArguments: mri_annotation2label -all-info  ProgramVersion: 7.3.2  TimeStamp: 2026/03/09-22:34:59-GMT  BuildTime: Aug  4 2022 06:17:15  BuildStamp: freesurfer-linux-ubuntu22_x86_64-7.3.2-20220804-6354275  User: oesteban  Machine: dna060  Platform: Linux  PlatformVersion: 5.14.0-427.37.1.el9_4.x86_64  CompilerName: GCC  CompilerVersion: 8.4.0
ProgramName: mri_aparc2aseg  ProgramArguments: mri_aparc2aseg -all-info  ProgramVersion: 7.3.2  TimeStamp: 2026/03/09-22:34:59-GMT  BuildTime: Aug  4 2022 06:17:15  BuildStamp: freesurfer-linux-ubuntu22_x86_64-7.3.2-20220804-6354275  User: oesteban  Machine: dna060  Platform: Linux  PlatformVersion: 5.14.0-427.37.1.el9_4.x86_64  CompilerName: GCC  CompilerVersion: 8.4.0
ProgramName: mri_surf2volseg  ProgramArguments: mri_surf2volseg -all-info  ProgramVersion: 7.3.2  TimeStamp: 2026/03/09-22:34:59-GMT  BuildTime: Aug  4 2022 06:17:15  BuildStamp: freesurfer-linux-ubuntu22_x86_64-7.3.2-20220804-6354275  User: oesteban  Machine: dna060  Platform: Linux  PlatformVersion: 5.14.0-427.37.1.el9_4.x86_64  CompilerName: GCC  CompilerVersion: 8.4.0
ProgramName: mri_binarize  ProgramArguments: mri_binarize -all-info  ProgramVersion: 7.3.2  TimeStamp: 2026/03/09-22:34:59-GMT  BuildTime: Aug  4 2022 06:17:15  BuildStamp: freesurfer-linux-ubuntu22_x86_64-7.3.2-20220804-6354275  User: oesteban  Machine: dna060  Platform: Linux  PlatformVersion: 5.14.0-427.37.1.el9_4.x86_64  CompilerName: GCC  CompilerVersion: 8.4.0
ProgramName: mri_ca_label  ProgramArguments: mri_ca_label -all-info  ProgramVersion: 7.3.2  TimeStamp: 2026/03/09-22:34:59-GMT  BuildTime: Aug  4 2022 06:17:15  BuildStamp: freesurfer-linux-ubuntu22_x86_64-7.3.2-20220804-6354275  User: oesteban  Machine: dna060  Platform: Linux  PlatformVersion: 5.14.0-427.37.1.el9_4.x86_64  CompilerName: GCC  CompilerVersion: 8.4.0
ProgramName: mri_ca_normalize  ProgramArguments: mri_ca_normalize -all-info  ProgramVersion: 7.3.2  TimeStamp: 2026/03/09-22:34:59-GMT  BuildTime: Aug  4 2022 06:17:15  BuildStamp: freesurfer-linux-ubuntu22_x86_64-7.3.2-20220804-6354275  User: oesteban  Machine: dna060  Platform: Linux  PlatformVersion: 5.14.0-427.37.1.el9_4.x86_64  CompilerName: GCC  CompilerVersion: 8.4.0
ProgramName: mri_ca_register  ProgramArguments: mri_ca_register -all-info  ProgramVersion: 7.3.2  TimeStamp: 2026/03/09-22:34:59-GMT  BuildTime: Aug  4 2022 06:17:15  BuildStamp: freesurfer-linux-ubuntu22_x86_64-7.3.2-20220804-6354275  User: oesteban  Machine: dna060  Platform: Linux  PlatformVersion: 5.14.0-427.37.1.el9_4.x86_64  CompilerName: GCC  CompilerVersion: 8.4.0
ProgramName: mri_cc  ProgramArguments: mri_cc -all-info  ProgramVersion: 7.3.2  TimeStamp: 2026/03/09-22:34:59-GMT  BuildTime: Aug  4 2022 06:17:15  BuildStamp: freesurfer-linux-ubuntu22_x86_64-7.3.2-20220804-6354275  User: oesteban  Machine: dna060  Platform: Linux  PlatformVersion: 5.14.0-427.37.1.el9_4.x86_64  CompilerName: GCC  CompilerVersion: 8.4.0
ProgramName: mri_compute_overlap  ProgramArguments: mri_compute_overlap -all-info  ProgramVersion: 7.3.2  TimeStamp: 2026/03/09-22:34:59-GMT  BuildTime: Aug  4 2022 06:17:15  BuildStamp: freesurfer-linux-ubuntu22_x86_64-7.3.2-20220804-6354275  User: oesteban  Machine: dna060  Platform: Linux  PlatformVersion: 5.14.0-427.37.1.el9_4.x86_64  CompilerName: GCC  CompilerVersion: 8.4.0
ProgramName: mri_compute_seg_overlap  ProgramArguments: mri_compute_seg_overlap -all-info  ProgramVersion: 7.3.2  TimeStamp: 2026/03/09-22:34:59-GMT  BuildTime: Aug  4 2022 06:17:15  BuildStamp: freesurfer-linux-ubuntu22_x86_64-7.3.2-20220804-6354275  User: oesteban  Machine: dna060  Platform: Linux  PlatformVersion: 5.14.0-427.37.1.el9_4.x86_64  CompilerName: GCC  CompilerVersion: 8.4.0
ProgramName: mri_concat  ProgramArguments: mri_concat -all-info  ProgramVersion: 7.3.2  TimeStamp: 2026/03/09-22:34:59-GMT  BuildTime: Aug  4 2022 06:17:15  BuildStamp: freesurfer-linux-ubuntu22_x86_64-7.3.2-20220804-6354275  User: oesteban  Machine: dna060  Platform: Linux  PlatformVersion: 5.14.0-427.37.1.el9_4.x86_64  CompilerName: GCC  CompilerVersion: 8.4.0
ProgramName: mri_concatenate_lta  ProgramArguments: mri_concatenate_lta -all-info  ProgramVersion: 7.3.2  TimeStamp: 2026/03/09-22:34:59-GMT  BuildTime: Aug  4 2022 06:17:15  BuildStamp: freesurfer-linux-ubuntu22_x86_64-7.3.2-20220804-6354275  User: oesteban  Machine: dna060  Platform: Linux  PlatformVersion: 5.14.0-427.37.1.el9_4.x86_64  CompilerName: GCC  CompilerVersion: 8.4.0
mri_convert -all-info 
ProgramName: mri_convert  ProgramArguments: mri_convert -all-info  ProgramVersion: 7.3.2  TimeStamp: 2026/03/09-22:34:59-GMT  BuildTime: Aug  4 2022 06:17:15  BuildStamp: freesurfer-linux-ubuntu22_x86_64-7.3.2-20220804-6354275  User: oesteban  Machine: dna060  Platform: Linux  PlatformVersion: 5.14.0-427.37.1.el9_4.x86_64  CompilerName: GCC  CompilerVersion: 8.4.0
ProgramName: mri_diff  ProgramArguments: mri_diff -all-info  ProgramVersion: 7.3.2  TimeStamp: 2026/03/09-22:34:59-GMT  BuildTime: Aug  4 2022 06:17:15  BuildStamp: freesurfer-linux-ubuntu22_x86_64-7.3.2-20220804-6354275  User: oesteban  Machine: dna060  Platform: Linux  PlatformVersion: 5.14.0-427.37.1.el9_4.x86_64  CompilerName: GCC  CompilerVersion: 8.4.0
ProgramName: mri_edit_wm_with_aseg  ProgramArguments: mri_edit_wm_with_aseg -all-info  ProgramVersion: 7.3.2  TimeStamp: 2026/03/09-22:34:59-GMT  BuildTime: Aug  4 2022 06:17:15  BuildStamp: freesurfer-linux-ubuntu22_x86_64-7.3.2-20220804-6354275  User: oesteban  Machine: dna060  Platform: Linux  PlatformVersion: 5.14.0-427.37.1.el9_4.x86_64  CompilerName: GCC  CompilerVersion: 8.4.0
ProgramName: mri_em_register  ProgramArguments: mri_em_register -all-info  ProgramVersion: 7.3.2  TimeStamp: 2026/03/09-22:34:59-GMT  BuildTime: Aug  4 2022 06:17:15  BuildStamp: freesurfer-linux-ubuntu22_x86_64-7.3.2-20220804-6354275  User: oesteban  Machine: dna060  Platform: Linux  PlatformVersion: 5.14.0-427.37.1.el9_4.x86_64  CompilerName: GCC  CompilerVersion: 8.4.0
ProgramName: mri_fill  ProgramArguments: mri_fill -all-info  ProgramVersion: 7.3.2  TimeStamp: 2026/03/09-22:34:59-GMT  BuildTime: Aug  4 2022 06:17:15  BuildStamp: freesurfer-linux-ubuntu22_x86_64-7.3.2-20220804-6354275  User: oesteban  Machine: dna060  Platform: Linux  PlatformVersion: 5.14.0-427.37.1.el9_4.x86_64  CompilerName: GCC  CompilerVersion: 8.4.0
ProgramName: mri_fuse_segmentations  ProgramArguments: mri_fuse_segmentations -all-info  ProgramVersion: 7.3.2  TimeStamp: 2026/03/09-22:34:59-GMT  BuildTime: Aug  4 2022 06:17:15  BuildStamp: freesurfer-linux-ubuntu22_x86_64-7.3.2-20220804-6354275  User: oesteban  Machine: dna060  Platform: Linux  PlatformVersion: 5.14.0-427.37.1.el9_4.x86_64  CompilerName: GCC  CompilerVersion: 8.4.0
ProgramName: mri_fwhm  ProgramArguments: mri_fwhm -all-info  ProgramVersion: 7.3.2  TimeStamp: 2026/03/09-22:34:59-GMT  BuildTime: Aug  4 2022 06:17:15  BuildStamp: freesurfer-linux-ubuntu22_x86_64-7.3.2-20220804-6354275  User: oesteban  Machine: dna060  Platform: Linux  PlatformVersion: 5.14.0-427.37.1.el9_4.x86_64  CompilerName: GCC  CompilerVersion: 8.4.0
ProgramName: mri_gcut  ProgramArguments: mri_gcut -all-info  ProgramVersion: 7.3.2  TimeStamp: 2026/03/09-22:34:59-GMT  BuildTime: Aug  4 2022 06:17:15  BuildStamp: freesurfer-linux-ubuntu22_x86_64-7.3.2-20220804-6354275  User: oesteban  Machine: dna060  Platform: Linux  PlatformVersion: 5.14.0-427.37.1.el9_4.x86_64  CompilerName: GCC  CompilerVersion: 8.4.0
ProgramName: mri_info  ProgramArguments: mri_info -all-info  ProgramVersion: 7.3.2  TimeStamp: 2026/03/09-22:34:59-GMT  BuildTime: Aug  4 2022 06:17:15  BuildStamp: freesurfer-linux-ubuntu22_x86_64-7.3.2-20220804-6354275  User: oesteban  Machine: dna060  Platform: Linux  PlatformVersion: 5.14.0-427.37.1.el9_4.x86_64  CompilerName: GCC  CompilerVersion: 8.4.0
ProgramName: mri_label2label  ProgramArguments: mri_label2label -all-info  ProgramVersion: 7.3.2  TimeStamp: 2026/03/09-22:34:59-GMT  BuildTime: Aug  4 2022 06:17:15  BuildStamp: freesurfer-linux-ubuntu22_x86_64-7.3.2-20220804-6354275  User: oesteban  Machine: dna060  Platform: Linux  PlatformVersion: 5.14.0-427.37.1.el9_4.x86_64  CompilerName: GCC  CompilerVersion: 8.4.0
ProgramName: mri_label2vol  ProgramArguments: mri_label2vol -all-info  ProgramVersion: 7.3.2  TimeStamp: 2026/03/09-22:34:59-GMT  BuildTime: Aug  4 2022 06:17:15  BuildStamp: freesurfer-linux-ubuntu22_x86_64-7.3.2-20220804-6354275  User: oesteban  Machine: dna060  Platform: Linux  PlatformVersion: 5.14.0-427.37.1.el9_4.x86_64  CompilerName: GCC  CompilerVersion: 8.4.0
ProgramName: mri_log_likelihood  ProgramArguments: mri_log_likelihood -all-info  ProgramVersion: 7.3.2  TimeStamp: 2026/03/09-22:34:59-GMT  BuildTime: Aug  4 2022 06:17:15  BuildStamp: freesurfer-linux-ubuntu22_x86_64-7.3.2-20220804-6354275  User: oesteban  Machine: dna060  Platform: Linux  PlatformVersion: 5.14.0-427.37.1.el9_4.x86_64  CompilerName: GCC  CompilerVersion: 8.4.0
ProgramName: mri_mask  ProgramArguments: mri_mask -all-info  ProgramVersion: 7.3.2  TimeStamp: 2026/03/09-22:34:59-GMT  BuildTime: Aug  4 2022 06:17:15  BuildStamp: freesurfer-linux-ubuntu22_x86_64-7.3.2-20220804-6354275  User: oesteban  Machine: dna060  Platform: Linux  PlatformVersion: 5.14.0-427.37.1.el9_4.x86_64  CompilerName: GCC  CompilerVersion: 8.4.0
ProgramName: mri_matrix_multiply  ProgramArguments: mri_matrix_multiply -all-info  ProgramVersion: 7.3.2  TimeStamp: 2026/03/09-22:34:59-GMT  BuildTime: Aug  4 2022 06:17:15  BuildStamp: freesurfer-linux-ubuntu22_x86_64-7.3.2-20220804-6354275  User: oesteban  Machine: dna060  Platform: Linux  PlatformVersion: 5.14.0-427.37.1.el9_4.x86_64  CompilerName: GCC  CompilerVersion: 8.4.0
ProgramName: mri_normalize  ProgramArguments: mri_normalize -all-info  ProgramVersion: 7.3.2  TimeStamp: 2026/03/09-22:34:59-GMT  BuildTime: Aug  4 2022 06:17:15  BuildStamp: freesurfer-linux-ubuntu22_x86_64-7.3.2-20220804-6354275  User: oesteban  Machine: dna060  Platform: Linux  PlatformVersion: 5.14.0-427.37.1.el9_4.x86_64  CompilerName: GCC  CompilerVersion: 8.4.0
ProgramName: mri_normalize_tp2  ProgramArguments: mri_normalize_tp2 -all-info  ProgramVersion: 7.3.2  TimeStamp: 2026/03/09-22:34:59-GMT  BuildTime: Aug  4 2022 06:17:15  BuildStamp: freesurfer-linux-ubuntu22_x86_64-7.3.2-20220804-6354275  User: oesteban  Machine: dna060  Platform: Linux  PlatformVersion: 5.14.0-427.37.1.el9_4.x86_64  CompilerName: GCC  CompilerVersion: 8.4.0
ProgramName: mri_or  ProgramArguments: mri_or -all-info  ProgramVersion: 7.3.2  TimeStamp: 2026/03/09-22:34:59-GMT  BuildTime: Aug  4 2022 06:17:15  BuildStamp: freesurfer-linux-ubuntu22_x86_64-7.3.2-20220804-6354275  User: oesteban  Machine: dna060  Platform: Linux  PlatformVersion: 5.14.0-427.37.1.el9_4.x86_64  CompilerName: GCC  CompilerVersion: 8.4.0
ProgramName: mri_relabel_hypointensities  ProgramArguments: mri_relabel_hypointensities -all-info  ProgramVersion: 7.3.2  TimeStamp: 2026/03/09-22:34:59-GMT  BuildTime: Aug  4 2022 06:17:15  BuildStamp: freesurfer-linux-ubuntu22_x86_64-7.3.2-20220804-6354275  User: oesteban  Machine: dna060  Platform: Linux  PlatformVersion: 5.14.0-427.37.1.el9_4.x86_64  CompilerName: GCC  CompilerVersion: 8.4.0
ProgramName: mri_relabel_nonwm_hypos  ProgramArguments: mri_relabel_nonwm_hypos -all-info  ProgramVersion: 7.3.2  TimeStamp: 2026/03/09-22:34:59-GMT  BuildTime: Aug  4 2022 06:17:15  BuildStamp: freesurfer-linux-ubuntu22_x86_64-7.3.2-20220804-6354275  User: oesteban  Machine: dna060  Platform: Linux  PlatformVersion: 5.14.0-427.37.1.el9_4.x86_64  CompilerName: GCC  CompilerVersion: 8.4.0
ProgramName: mri_remove_neck  ProgramArguments: mri_remove_neck -all-info  ProgramVersion: 7.3.2  TimeStamp: 2026/03/09-22:34:59-GMT  BuildTime: Aug  4 2022 06:17:15  BuildStamp: freesurfer-linux-ubuntu22_x86_64-7.3.2-20220804-6354275  User: oesteban  Machine: dna060  Platform: Linux  PlatformVersion: 5.14.0-427.37.1.el9_4.x86_64  CompilerName: GCC  CompilerVersion: 8.4.0
7.3.2

ProgramName: mri_robust_register  ProgramArguments: mri_robust_register -all-info  ProgramVersion: 7.3.2  TimeStamp: 2026/03/09-22:34:59-GMT  BuildTime: Aug  4 2022 06:17:15  BuildStamp: freesurfer-linux-ubuntu22_x86_64-7.3.2-20220804-6354275  User: oesteban  Machine: dna060  Platform: Linux  PlatformVersion: 5.14.0-427.37.1.el9_4.x86_64  CompilerName: GCC  CompilerVersion: 8.4.0
7.3.2

ProgramName: mri_robust_template  ProgramArguments: mri_robust_template -all-info  ProgramVersion: 7.3.2  TimeStamp: 2026/03/09-22:34:59-GMT  BuildTime: Aug  4 2022 06:17:15  BuildStamp: freesurfer-linux-ubuntu22_x86_64-7.3.2-20220804-6354275  User: oesteban  Machine: dna060  Platform: Linux  PlatformVersion: 5.14.0-427.37.1.el9_4.x86_64  CompilerName: GCC  CompilerVersion: 8.4.0
ProgramName: mris_anatomical_stats  ProgramArguments: mris_anatomical_stats -all-info  ProgramVersion: 7.3.2  TimeStamp: 2026/03/09-22:34:59-GMT  BuildTime: Aug  4 2022 06:17:15  BuildStamp: freesurfer-linux-ubuntu22_x86_64-7.3.2-20220804-6354275  User: oesteban  Machine: dna060  Platform: Linux  PlatformVersion: 5.14.0-427.37.1.el9_4.x86_64  CompilerName: GCC  CompilerVersion: 8.4.0
ProgramName: mris_ca_label  ProgramArguments: mris_ca_label -all-info  ProgramVersion: 7.3.2  TimeStamp: 2026/03/09-22:34:59-GMT  BuildTime: Aug  4 2022 06:17:15  BuildStamp: freesurfer-linux-ubuntu22_x86_64-7.3.2-20220804-6354275  User: oesteban  Machine: dna060  Platform: Linux  PlatformVersion: 5.14.0-427.37.1.el9_4.x86_64  CompilerName: GCC  CompilerVersion: 8.4.0
ProgramName: mris_calc  ProgramArguments: mris_calc -all-info  ProgramVersion: 7.3.2  TimeStamp: 2026/03/09-22:34:59-GMT  BuildTime: Aug  4 2022 06:17:15  BuildStamp: freesurfer-linux-ubuntu22_x86_64-7.3.2-20220804-6354275  User: oesteban  Machine: dna060  Platform: Linux  PlatformVersion: 5.14.0-427.37.1.el9_4.x86_64  CompilerName: GCC  CompilerVersion: 8.4.0
ProgramName: mris_convert  ProgramArguments: mris_convert -all-info  ProgramVersion: 7.3.2  TimeStamp: 2026/03/09-22:34:59-GMT  BuildTime: Aug  4 2022 06:17:15  BuildStamp: freesurfer-linux-ubuntu22_x86_64-7.3.2-20220804-6354275  User: oesteban  Machine: dna060  Platform: Linux  PlatformVersion: 5.14.0-427.37.1.el9_4.x86_64  CompilerName: GCC  CompilerVersion: 8.4.0
ProgramName: mris_curvature  ProgramArguments: mris_curvature -all-info  ProgramVersion: 7.3.2  TimeStamp: 2026/03/09-22:34:59-GMT  BuildTime: Aug  4 2022 06:17:15  BuildStamp: freesurfer-linux-ubuntu22_x86_64-7.3.2-20220804-6354275  User: oesteban  Machine: dna060  Platform: Linux  PlatformVersion: 5.14.0-427.37.1.el9_4.x86_64  CompilerName: GCC  CompilerVersion: 8.4.0
ProgramName: mris_curvature_stats  ProgramArguments: mris_curvature_stats -all-info  ProgramVersion: 7.3.2  TimeStamp: 2026/03/09-22:34:59-GMT  BuildTime: Aug  4 2022 06:17:15  BuildStamp: freesurfer-linux-ubuntu22_x86_64-7.3.2-20220804-6354275  User: oesteban  Machine: dna060  Platform: Linux  PlatformVersion: 5.14.0-427.37.1.el9_4.x86_64  CompilerName: GCC  CompilerVersion: 8.4.0
ProgramName: mris_diff  ProgramArguments: mris_diff -all-info  ProgramVersion: 7.3.2  TimeStamp: 2026/03/09-22:34:59-GMT  BuildTime: Aug  4 2022 06:17:15  BuildStamp: freesurfer-linux-ubuntu22_x86_64-7.3.2-20220804-6354275  User: oesteban  Machine: dna060  Platform: Linux  PlatformVersion: 5.14.0-427.37.1.el9_4.x86_64  CompilerName: GCC  CompilerVersion: 8.4.0
ProgramName: mris_divide_parcellation  ProgramArguments: mris_divide_parcellation -all-info  ProgramVersion: 7.3.2  TimeStamp: 2026/03/09-22:34:59-GMT  BuildTime: Aug  4 2022 06:17:15  BuildStamp: freesurfer-linux-ubuntu22_x86_64-7.3.2-20220804-6354275  User: oesteban  Machine: dna060  Platform: Linux  PlatformVersion: 5.14.0-427.37.1.el9_4.x86_64  CompilerName: GCC  CompilerVersion: 8.4.0
ProgramName: mri_segment  ProgramArguments: mri_segment -all-info  ProgramVersion: 7.3.2  TimeStamp: 2026/03/09-22:34:59-GMT  BuildTime: Aug  4 2022 06:17:15  BuildStamp: freesurfer-linux-ubuntu22_x86_64-7.3.2-20220804-6354275  User: oesteban  Machine: dna060  Platform: Linux  PlatformVersion: 5.14.0-427.37.1.el9_4.x86_64  CompilerName: GCC  CompilerVersion: 8.4.0
ProgramName: mri_segstats  ProgramArguments: mri_segstats -all-info  ProgramVersion: 7.3.2  TimeStamp: 2026/03/09-22:34:59-GMT  BuildTime: Aug  4 2022 06:17:15  BuildStamp: freesurfer-linux-ubuntu22_x86_64-7.3.2-20220804-6354275  User: oesteban  Machine: dna060  Platform: Linux  PlatformVersion: 5.14.0-427.37.1.el9_4.x86_64  CompilerName: GCC  CompilerVersion: 8.4.0
ProgramName: mris_euler_number  ProgramArguments: mris_euler_number -all-info  ProgramVersion: 7.3.2  TimeStamp: 2026/03/09-22:34:59-GMT  BuildTime: Aug  4 2022 06:17:15  BuildStamp: freesurfer-linux-ubuntu22_x86_64-7.3.2-20220804-6354275  User: oesteban  Machine: dna060  Platform: Linux  PlatformVersion: 5.14.0-427.37.1.el9_4.x86_64  CompilerName: GCC  CompilerVersion: 8.4.0
ProgramName: mris_fix_topology  ProgramArguments: mris_fix_topology -all-info  ProgramVersion: 7.3.2  TimeStamp: 2026/03/09-22:34:59-GMT  BuildTime: Aug  4 2022 06:17:15  BuildStamp: freesurfer-linux-ubuntu22_x86_64-7.3.2-20220804-6354275  User: oesteban  Machine: dna060  Platform: Linux  PlatformVersion: 5.14.0-427.37.1.el9_4.x86_64  CompilerName: GCC  CompilerVersion: 8.4.0
ProgramName: mris_topo_fixer  ProgramArguments: mris_topo_fixer -all-info  ProgramVersion: 7.3.2  TimeStamp: 2026/03/09-22:34:59-GMT  BuildTime: Aug  4 2022 06:17:15  BuildStamp: freesurfer-linux-ubuntu22_x86_64-7.3.2-20220804-6354275  User: oesteban  Machine: dna060  Platform: Linux  PlatformVersion: 5.14.0-427.37.1.el9_4.x86_64  CompilerName: GCC  CompilerVersion: 8.4.0
ProgramName: mris_jacobian  ProgramArguments: mris_jacobian -all-info  ProgramVersion: 7.3.2  TimeStamp: 2026/03/09-22:34:59-GMT  BuildTime: Aug  4 2022 06:17:15  BuildStamp: freesurfer-linux-ubuntu22_x86_64-7.3.2-20220804-6354275  User: oesteban  Machine: dna060  Platform: Linux  PlatformVersion: 5.14.0-427.37.1.el9_4.x86_64  CompilerName: GCC  CompilerVersion: 8.4.0
ProgramName: mris_label2annot  ProgramArguments: mris_label2annot -all-info  ProgramVersion: 7.3.2  TimeStamp: 2026/03/09-22:34:59-GMT  BuildTime: Aug  4 2022 06:17:15  BuildStamp: freesurfer-linux-ubuntu22_x86_64-7.3.2-20220804-6354275  User: oesteban  Machine: dna060  Platform: Linux  PlatformVersion: 5.14.0-427.37.1.el9_4.x86_64  CompilerName: GCC  CompilerVersion: 8.4.0
ProgramName: mris_left_right_register  ProgramArguments: mris_left_right_register -all-info  ProgramVersion: 7.3.2  TimeStamp: 2026/03/09-22:34:59-GMT  BuildTime: Aug  4 2022 06:17:15  BuildStamp: freesurfer-linux-ubuntu22_x86_64-7.3.2-20220804-6354275  User: oesteban  Machine: dna060  Platform: Linux  PlatformVersion: 5.14.0-427.37.1.el9_4.x86_64  CompilerName: GCC  CompilerVersion: 8.4.0
ProgramName: mris_place_surface  ProgramArguments: mris_place_surface -all-info  ProgramVersion: 7.3.2  TimeStamp: 2026/03/09-22:34:59-GMT  BuildTime: Aug  4 2022 06:17:15  BuildStamp: freesurfer-linux-ubuntu22_x86_64-7.3.2-20220804-6354275  User: oesteban  Machine: dna060  Platform: Linux  PlatformVersion: 5.14.0-427.37.1.el9_4.x86_64  CompilerName: GCC  CompilerVersion: 8.4.0
ProgramName: mrisp_paint  ProgramArguments: mrisp_paint -all-info  ProgramVersion: 7.3.2  TimeStamp: 2026/03/09-22:34:59-GMT  BuildTime: Aug  4 2022 06:17:15  BuildStamp: freesurfer-linux-ubuntu22_x86_64-7.3.2-20220804-6354275  User: oesteban  Machine: dna060  Platform: Linux  PlatformVersion: 5.14.0-427.37.1.el9_4.x86_64  CompilerName: GCC  CompilerVersion: 8.4.0
ProgramName: mris_register  ProgramArguments: mris_register -all-info  ProgramVersion: 7.3.2  TimeStamp: 2026/03/09-22:34:59-GMT  BuildTime: Aug  4 2022 06:17:15  BuildStamp: freesurfer-linux-ubuntu22_x86_64-7.3.2-20220804-6354275  User: oesteban  Machine: dna060  Platform: Linux  PlatformVersion: 5.14.0-427.37.1.el9_4.x86_64  CompilerName: GCC  CompilerVersion: 8.4.0
ProgramName: mris_smooth  ProgramArguments: mris_smooth -all-info  ProgramVersion: 7.3.2  TimeStamp: 2026/03/09-22:34:59-GMT  BuildTime: Aug  4 2022 06:17:15  BuildStamp: freesurfer-linux-ubuntu22_x86_64-7.3.2-20220804-6354275  User: oesteban  Machine: dna060  Platform: Linux  PlatformVersion: 5.14.0-427.37.1.el9_4.x86_64  CompilerName: GCC  CompilerVersion: 8.4.0
ProgramName: mris_sphere  ProgramArguments: mris_sphere -all-info  ProgramVersion: 7.3.2  TimeStamp: 2026/03/09-22:34:59-GMT  BuildTime: Aug  4 2022 06:17:15  BuildStamp: freesurfer-linux-ubuntu22_x86_64-7.3.2-20220804-6354275  User: oesteban  Machine: dna060  Platform: Linux  PlatformVersion: 5.14.0-427.37.1.el9_4.x86_64  CompilerName: GCC  CompilerVersion: 8.4.0
ProgramName: mris_surface_stats  ProgramArguments: mris_surface_stats -all-info  ProgramVersion: 7.3.2  TimeStamp: 2026/03/09-22:34:59-GMT  BuildTime: Aug  4 2022 06:17:15  BuildStamp: freesurfer-linux-ubuntu22_x86_64-7.3.2-20220804-6354275  User: oesteban  Machine: dna060  Platform: Linux  PlatformVersion: 5.14.0-427.37.1.el9_4.x86_64  CompilerName: GCC  CompilerVersion: 8.4.0
ProgramName: mri_stats2seg  ProgramArguments: mri_stats2seg -all-info  ProgramVersion: 7.3.2  TimeStamp: 2026/03/09-22:34:59-GMT  BuildTime: Aug  4 2022 06:17:15  BuildStamp: freesurfer-linux-ubuntu22_x86_64-7.3.2-20220804-6354275  User: oesteban  Machine: dna060  Platform: Linux  PlatformVersion: 5.14.0-427.37.1.el9_4.x86_64  CompilerName: GCC  CompilerVersion: 8.4.0
ProgramName: mris_thickness  ProgramArguments: mris_thickness -all-info  ProgramVersion: 7.3.2  TimeStamp: 2026/03/09-22:34:59-GMT  BuildTime: Aug  4 2022 06:17:15  BuildStamp: freesurfer-linux-ubuntu22_x86_64-7.3.2-20220804-6354275  User: oesteban  Machine: dna060  Platform: Linux  PlatformVersion: 5.14.0-427.37.1.el9_4.x86_64  CompilerName: GCC  CompilerVersion: 8.4.0
ProgramName: mris_thickness_diff  ProgramArguments: mris_thickness_diff -all-info  ProgramVersion: 7.3.2  TimeStamp: 2026/03/09-22:34:59-GMT  BuildTime: Aug  4 2022 06:17:15  BuildStamp: freesurfer-linux-ubuntu22_x86_64-7.3.2-20220804-6354275  User: oesteban  Machine: dna060  Platform: Linux  PlatformVersion: 5.14.0-427.37.1.el9_4.x86_64  CompilerName: GCC  CompilerVersion: 8.4.0
ProgramName: mris_topo_fixer  ProgramArguments: mris_topo_fixer -all-info  ProgramVersion: 7.3.2  TimeStamp: 2026/03/09-22:34:59-GMT  BuildTime: Aug  4 2022 06:17:15  BuildStamp: freesurfer-linux-ubuntu22_x86_64-7.3.2-20220804-6354275  User: oesteban  Machine: dna060  Platform: Linux  PlatformVersion: 5.14.0-427.37.1.el9_4.x86_64  CompilerName: GCC  CompilerVersion: 8.4.0
ProgramName: mri_surf2surf  ProgramArguments: mri_surf2surf -all-info  ProgramVersion: 7.3.2  TimeStamp: 2026/03/09-22:34:59-GMT  BuildTime: Aug  4 2022 06:17:15  BuildStamp: freesurfer-linux-ubuntu22_x86_64-7.3.2-20220804-6354275  User: oesteban  Machine: dna060  Platform: Linux  PlatformVersion: 5.14.0-427.37.1.el9_4.x86_64  CompilerName: GCC  CompilerVersion: 8.4.0
ProgramName: mri_surf2vol  ProgramArguments: mri_surf2vol -all-info  ProgramVersion: 7.3.2  TimeStamp: 2026/03/09-22:34:59-GMT  BuildTime: Aug  4 2022 06:17:15  BuildStamp: freesurfer-linux-ubuntu22_x86_64-7.3.2-20220804-6354275  User: oesteban  Machine: dna060  Platform: Linux  PlatformVersion: 5.14.0-427.37.1.el9_4.x86_64  CompilerName: GCC  CompilerVersion: 8.4.0
ProgramName: mri_surfcluster  ProgramArguments: mri_surfcluster -all-info  ProgramVersion: 7.3.2  TimeStamp: 2026/03/09-22:34:59-GMT  BuildTime: Aug  4 2022 06:17:15  BuildStamp: freesurfer-linux-ubuntu22_x86_64-7.3.2-20220804-6354275  User: oesteban  Machine: dna060  Platform: Linux  PlatformVersion: 5.14.0-427.37.1.el9_4.x86_64  CompilerName: GCC  CompilerVersion: 8.4.0
ProgramName: mris_volmask  ProgramArguments: mris_volmask -all-info  ProgramVersion: 7.3.2  TimeStamp: 2026/03/09-22:34:59-GMT  BuildTime: Aug  4 2022 06:17:15  BuildStamp: freesurfer-linux-ubuntu22_x86_64-7.3.2-20220804-6354275  User: oesteban  Machine: dna060  Platform: Linux  PlatformVersion: 5.14.0-427.37.1.el9_4.x86_64  CompilerName: GCC  CompilerVersion: 8.4.0
ProgramName: mri_tessellate  ProgramArguments: mri_tessellate -all-info  ProgramVersion: 7.3.2  TimeStamp: 2026/03/09-22:34:59-GMT  BuildTime: Aug  4 2022 06:17:15  BuildStamp: freesurfer-linux-ubuntu22_x86_64-7.3.2-20220804-6354275  User: oesteban  Machine: dna060  Platform: Linux  PlatformVersion: 5.14.0-427.37.1.el9_4.x86_64  CompilerName: GCC  CompilerVersion: 8.4.0
ProgramName: mri_vol2surf  ProgramArguments: mri_vol2surf -all-info  ProgramVersion: 7.3.2  TimeStamp: 2026/03/09-22:35:00-GMT  BuildTime: Aug  4 2022 06:17:15  BuildStamp: freesurfer-linux-ubuntu22_x86_64-7.3.2-20220804-6354275  User: oesteban  Machine: dna060  Platform: Linux  PlatformVersion: 5.14.0-427.37.1.el9_4.x86_64  CompilerName: GCC  CompilerVersion: 8.4.0
ProgramName: mri_vol2vol  ProgramArguments: mri_vol2vol -all-info  ProgramVersion: 7.3.2  TimeStamp: 2026/03/09-22:35:00-GMT  BuildTime: Aug  4 2022 06:17:15  BuildStamp: freesurfer-linux-ubuntu22_x86_64-7.3.2-20220804-6354275  User: oesteban  Machine: dna060  Platform: Linux  PlatformVersion: 5.14.0-427.37.1.el9_4.x86_64  CompilerName: GCC  CompilerVersion: 8.4.0
ProgramName: mri_voldiff  ProgramArguments: mri_voldiff -all-info  ProgramVersion: 7.3.2  TimeStamp: 2026/03/09-22:35:00-GMT  BuildTime: Aug  4 2022 06:17:15  BuildStamp: freesurfer-linux-ubuntu22_x86_64-7.3.2-20220804-6354275  User: oesteban  Machine: dna060  Platform: Linux  PlatformVersion: 5.14.0-427.37.1.el9_4.x86_64  CompilerName: GCC  CompilerVersion: 8.4.0
ProgramName: mri_watershed  ProgramArguments: mri_watershed -all-info  ProgramVersion: 7.3.2  TimeStamp: 2026/03/09-22:35:00-GMT  BuildTime: Aug  4 2022 06:17:15  BuildStamp: freesurfer-linux-ubuntu22_x86_64-7.3.2-20220804-6354275  User: oesteban  Machine: dna060  Platform: Linux  PlatformVersion: 5.14.0-427.37.1.el9_4.x86_64  CompilerName: GCC  CompilerVersion: 8.4.0
ProgramName: tkregister2  ProgramArguments: tkregister2_cmdl -all-info  ProgramVersion: 7.3.2  TimeStamp: 2026/03/09-22:35:00-GMT  BuildTime: Aug  4 2022 06:17:15  BuildStamp: freesurfer-linux-ubuntu22_x86_64-7.3.2-20220804-6354275  User: oesteban  Machine: dna060  Platform: Linux  PlatformVersion: 5.14.0-427.37.1.el9_4.x86_64  CompilerName: GCC  CompilerVersion: 8.4.0
mri_motion_correct.fsl 7.3.2
mri_convert -all-info 
ProgramName: mri_convert  ProgramArguments: mri_convert -all-info  ProgramVersion: 7.3.2  TimeStamp: 2026/03/09-22:35:00-GMT  BuildTime: Aug  4 2022 06:17:15  BuildStamp: freesurfer-linux-ubuntu22_x86_64-7.3.2-20220804-6354275  User: oesteban  Machine: dna060  Platform: Linux  PlatformVersion: 5.14.0-427.37.1.el9_4.x86_64  CompilerName: GCC  CompilerVersion: 8.4.0
Program nu_correct, built from:
Package MNI N3, version 1.12.0, compiled by nicks@terrier (x86_64-unknown-linux-gnu) on 2015-06-19 at 01:25:34
#######################################
GCADIR /opt/freesurfer/average
GCA RB_all_2020-01-02.gca
GCASkull RB_all_withskull_2020_01_02.gca
AvgCurvTif folding.atlas.acfb40.noaparc.i12.2016-08-02.tif
GCSDIR /opt/freesurfer/average
GCS DKaparc.atlas.acfb40.noaparc.i12.2016-08-02.gcs
#######################################
#--------------------------------------------
#@# Tessellate lh Mon Mar  9 23:35:00 CET 2026
/out/sourcedata/freesurfer/sub-v1s2x0051469_ses-1/scripts

 mri_pretess ../mri/filled.mgz 255 ../mri/norm.mgz ../mri/filled-pretess255.mgz 


Iteration Number : 1
pass   1 (xy+):   0 found -   0 modified     |    TOTAL:   0
pass   1 (xy-):   0 found -   0 modified     |    TOTAL:   0
pass   1 (yz+):   8 found -   8 modified     |    TOTAL:   8
pass   2 (yz+):   0 found -   8 modified     |    TOTAL:   8
pass   1 (yz-):   7 found -   7 modified     |    TOTAL:  15
pass   2 (yz-):   0 found -   7 modified     |    TOTAL:  15
pass   1 (xz+):   0 found -   0 modified     |    TOTAL:  15
pass   1 (xz-):   2 found -   2 modified     |    TOTAL:  17
pass   2 (xz-):   0 found -   2 modified     |    TOTAL:  17
Iteration Number : 1
pass   1 (+++):   0 found -   0 modified     |    TOTAL:   0
pass   1 (+++):   0 found -   0 modified     |    TOTAL:   0
pass   1 (+++):   0 found -   0 modified     |    TOTAL:   0
pass   1 (+++):   0 found -   0 modified     |    TOTAL:   0
Iteration Number : 1
pass   1 (++):   0 found -   0 modified     |    TOTAL:   0
pass   1 (+-):   0 found -   0 modified     |    TOTAL:   0
pass   1 (--):   0 found -   0 modified     |    TOTAL:   0
pass   1 (-+):   0 found -   0 modified     |    TOTAL:   0
Iteration Number : 2
pass   1 (xy+):   0 found -   0 modified     |    TOTAL:   0
pass   1 (xy-):   0 found -   0 modified     |    TOTAL:   0
pass   1 (yz+):   0 found -   0 modified     |    TOTAL:   0
pass   1 (yz-):   0 found -   0 modified     |    TOTAL:   0
pass   1 (xz+):   0 found -   0 modified     |    TOTAL:   0
pass   1 (xz-):   0 found -   0 modified     |    TOTAL:   0
Iteration Number : 2
pass   1 (+++):   0 found -   0 modified     |    TOTAL:   0
pass   1 (+++):   0 found -   0 modified     |    TOTAL:   0
pass   1 (+++):   0 found -   0 modified     |    TOTAL:   0
pass   1 (+++):   0 found -   0 modified     |    TOTAL:   0
Iteration Number : 2
pass   1 (++):   0 found -   0 modified     |    TOTAL:   0
pass   1 (+-):   0 found -   0 modified     |    TOTAL:   0
pass   1 (--):   0 found -   0 modified     |    TOTAL:   0
pass   1 (-+):   0 found -   0 modified     |    TOTAL:   0

Total Number of Modified Voxels = 17 (out of 334398: 0.005084)
Ambiguous edge configurations... 

mri_pretess done


 mri_tessellate ../mri/filled-pretess255.mgz 255 ../surf/lh.orig.nofix 

7.3.2
  7.3.2
slice 30: 653 vertices, 749 faces
slice 40: 6736 vertices, 6951 faces
slice 50: 15105 vertices, 15445 faces
slice 60: 26252 vertices, 26606 faces
slice 70: 38785 vertices, 39220 faces
slice 80: 50229 vertices, 50605 faces
slice 90: 62304 vertices, 62742 faces
slice 100: 75336 vertices, 75735 faces
slice 110: 87824 vertices, 88252 faces
slice 120: 99151 vertices, 99520 faces
slice 130: 110240 vertices, 110624 faces
slice 140: 119961 vertices, 120280 faces
slice 150: 127959 vertices, 128247 faces
slice 160: 135615 vertices, 135905 faces
slice 170: 143037 vertices, 143283 faces
slice 180: 149629 vertices, 149865 faces
slice 190: 154588 vertices, 154718 faces
slice 200: 156364 vertices, 156378 faces
slice 210: 156364 vertices, 156378 faces
slice 220: 156364 vertices, 156378 faces
slice 230: 156364 vertices, 156378 faces
slice 240: 156364 vertices, 156378 faces
slice 250: 156364 vertices, 156378 faces
using the conformed surface RAS to save vertex points...
writing ../surf/lh.orig.nofix
using vox2ras matrix:
-1.00000   0.00000   0.00000   128.00000;
 0.00000   0.00000   1.00000  -128.00000;
 0.00000  -1.00000   0.00000   128.00000;
 0.00000   0.00000   0.00000   1.00000;

 rm -f ../mri/filled-pretess255.mgz 


 mris_extract_main_component ../surf/lh.orig.nofix ../surf/lh.orig.nofix 


counting number of connected components...
   156364 voxel in cpt #1: X=-14 [v=156364,e=469134,f=312756] located at (-27.065910, -23.777967, 44.631535)
For the whole surface: X=-14 [v=156364,e=469134,f=312756]
One single component has been found
nothing to do
done

#--------------------------------------------
#@# Smooth1 lh Mon Mar  9 23:35:03 CET 2026
/out/sourcedata/freesurfer/sub-v1s2x0051469_ses-1/scripts

 mris_smooth -nw -seed 1234 ../surf/lh.orig.nofix ../surf/lh.smoothwm.nofix 

setting seed for random number generator to 1234
smoothing surface tessellation for 10 iterations...
smoothing complete - recomputing first and second fundamental forms...
#--------------------------------------------
#@# Inflation1 lh Mon Mar  9 23:35:06 CET 2026
/out/sourcedata/freesurfer/sub-v1s2x0051469_ses-1/scripts

 mris_inflate -no-save-sulc ../surf/lh.smoothwm.nofix ../surf/lh.inflated.nofix 

Not saving sulc
Reading ../surf/lh.smoothwm.nofix
avg radius = 50.3 mm, total surface area = 85534 mm^2
step 000: RMS=0.142 (target=0.015)   step 005: RMS=0.108 (target=0.015)   step 010: RMS=0.080 (target=0.015)   step 015: RMS=0.066 (target=0.015)   step 020: RMS=0.056 (target=0.015)   step 025: RMS=0.048 (target=0.015)   step 030: RMS=0.042 (target=0.015)   step 035: RMS=0.037 (target=0.015)   step 040: RMS=0.034 (target=0.015)   step 045: RMS=0.032 (target=0.015)   step 050: RMS=0.030 (target=0.015)   step 055: RMS=0.029 (target=0.015)   step 060: RMS=0.029 (target=0.015)   writing inflated surface to ../surf/lh.inflated.nofix
inflation took 0.3 minutes

inflation complete.
Not saving sulc
mris_inflate utimesec    60.600227
mris_inflate stimesec    2.889357
mris_inflate ru_maxrss   246492
mris_inflate ru_ixrss    0
mris_inflate ru_idrss    0
mris_inflate ru_isrss    0
mris_inflate ru_minflt   693595
mris_inflate ru_majflt   33
mris_inflate ru_nswap    0
mris_inflate ru_inblock  1672
mris_inflate ru_oublock  11000
mris_inflate ru_msgsnd   0
mris_inflate ru_msgrcv   0
mris_inflate ru_nsignals 0
mris_inflate ru_nvcsw    26264
mris_inflate ru_nivcsw   502
#--------------------------------------------
#@# QSphere lh Mon Mar  9 23:35:22 CET 2026
/out/sourcedata/freesurfer/sub-v1s2x0051469_ses-1/scripts

 mris_sphere -q -p 6 -a 128 -seed 1234 ../surf/lh.inflated.nofix ../surf/lh.qsphere.nofix 

doing quick spherical unfolding.
limitting unfolding to 6 passes
using n_averages = 128
setting seed for random number genererator to 1234
version: 7.3.2
available threads: 16
scaling brain by 0.287...
inflating...
projecting onto sphere...
surface projected - minimizing metric distortion...
vertex spacing 0.92 +- 0.53 (0.00-->6.82) (max @ vno 59385 --> 60654)
face area 0.02 +- 0.03 (-0.20-->0.67)
Entering MRISinflateToSphere()
inflating to sphere (rms error < 2.00)
000: dt: 0.0000, rms radial error=176.558, avgs=0
005/300: dt: 0.9000, rms radial error=176.298, avgs=0
010/300: dt: 0.9000, rms radial error=175.741, avgs=0
015/300: dt: 0.9000, rms radial error=175.008, avgs=0
020/300: dt: 0.9000, rms radial error=174.172, avgs=0
025/300: dt: 0.9000, rms radial error=173.280, avgs=0
030/300: dt: 0.9000, rms radial error=172.356, avgs=0
035/300: dt: 0.9000, rms radial error=171.416, avgs=0
040/300: dt: 0.9000, rms radial error=170.467, avgs=0
045/300: dt: 0.9000, rms radial error=169.517, avgs=0
050/300: dt: 0.9000, rms radial error=168.567, avgs=0
055/300: dt: 0.9000, rms radial error=167.620, avgs=0
060/300: dt: 0.9000, rms radial error=166.677, avgs=0
065/300: dt: 0.9000, rms radial error=165.738, avgs=0
070/300: dt: 0.9000, rms radial error=164.804, avgs=0
075/300: dt: 0.9000, rms radial error=163.875, avgs=0
080/300: dt: 0.9000, rms radial error=162.951, avgs=0
085/300: dt: 0.9000, rms radial error=162.032, avgs=0
090/300: dt: 0.9000, rms radial error=161.117, avgs=0
095/300: dt: 0.9000, rms radial error=160.208, avgs=0
100/300: dt: 0.9000, rms radial error=159.304, avgs=0
105/300: dt: 0.9000, rms radial error=158.405, avgs=0
110/300: dt: 0.9000, rms radial error=157.510, avgs=0
115/300: dt: 0.9000, rms radial error=156.621, avgs=0
120/300: dt: 0.9000, rms radial error=155.740, avgs=0
125/300: dt: 0.9000, rms radial error=154.865, avgs=0
130/300: dt: 0.9000, rms radial error=153.995, avgs=0
135/300: dt: 0.9000, rms radial error=153.129, avgs=0
140/300: dt: 0.9000, rms radial error=152.268, avgs=0
145/300: dt: 0.9000, rms radial error=151.412, avgs=0
150/300: dt: 0.9000, rms radial error=150.561, avgs=0
155/300: dt: 0.9000, rms radial error=149.714, avgs=0
160/300: dt: 0.9000, rms radial error=148.872, avgs=0
165/300: dt: 0.9000, rms radial error=148.035, avgs=0
170/300: dt: 0.9000, rms radial error=147.202, avgs=0
175/300: dt: 0.9000, rms radial error=146.374, avgs=0
180/300: dt: 0.9000, rms radial error=145.551, avgs=0
185/300: dt: 0.9000, rms radial error=144.732, avgs=0
190/300: dt: 0.9000, rms radial error=143.917, avgs=0
195/300: dt: 0.9000, rms radial error=143.107, avgs=0
200/300: dt: 0.9000, rms radial error=142.302, avgs=0
205/300: dt: 0.9000, rms radial error=141.501, avgs=0
210/300: dt: 0.9000, rms radial error=140.705, avgs=0
215/300: dt: 0.9000, rms radial error=139.912, avgs=0
220/300: dt: 0.9000, rms radial error=139.125, avgs=0
225/300: dt: 0.9000, rms radial error=138.341, avgs=0
230/300: dt: 0.9000, rms radial error=137.563, avgs=0
235/300: dt: 0.9000, rms radial error=136.788, avgs=0
240/300: dt: 0.9000, rms radial error=136.018, avgs=0
245/300: dt: 0.9000, rms radial error=135.252, avgs=0
250/300: dt: 0.9000, rms radial error=134.490, avgs=0
255/300: dt: 0.9000, rms radial error=133.733, avgs=0
260/300: dt: 0.9000, rms radial error=132.979, avgs=0
265/300: dt: 0.9000, rms radial error=132.230, avgs=0
270/300: dt: 0.9000, rms radial error=131.486, avgs=0
275/300: dt: 0.9000, rms radial error=130.745, avgs=0
280/300: dt: 0.9000, rms radial error=130.009, avgs=0
285/300: dt: 0.9000, rms radial error=129.277, avgs=0
290/300: dt: 0.9000, rms radial error=128.549, avgs=0
295/300: dt: 0.9000, rms radial error=127.824, avgs=0
300/300: dt: 0.9000, rms radial error=127.104, avgs=0

spherical inflation complete.
epoch 1 (K=10.0), pass 1, starting sse = 18650.83
taking momentum steps...
taking momentum steps...
taking momentum steps...
taking momentum steps...
pass 1 complete, delta sse/iter = 0.00/13 = 0.00036
epoch 2 (K=40.0), pass 1, starting sse = 3172.63
taking momentum steps...
taking momentum steps...
taking momentum steps...
taking momentum steps...
pass 1 complete, delta sse/iter = 0.00/13 = 0.00007
epoch 3 (K=160.0), pass 1, starting sse = 325.05
taking momentum steps...
taking momentum steps...
taking momentum steps...
taking momentum steps...
pass 1 complete, delta sse/iter = 0.15/18 = 0.00850
epoch 4 (K=640.0), pass 1, starting sse = 12.30
taking momentum steps...
taking momentum steps...
taking momentum steps...
taking momentum steps...
pass 1 complete, delta sse/iter = 0.14/20 = 0.00703
final distance error %100000.00
writing spherical brain to ../surf/lh.qsphere.nofix
spherical transformation took 0.0246 hours
FSRUNTIME@ mris_sphere  0.0246 hours 16 threads
#VMPC# mris_sphere VmPeak  1583616
mris_sphere done
#@# Fix Topology lh Mon Mar  9 23:36:50 CET 2026

 mris_fix_topology -mgz -sphere qsphere.nofix -inflated inflated.nofix -orig orig.nofix -out orig.premesh -ga -seed 1234 sub-v1s2x0051469_ses-1 lh 

reading spherical homeomorphism from 'qsphere.nofix'
reading inflated coordinates from 'inflated.nofix'
reading original coordinates from 'orig.nofix'
using genetic algorithm with optimized parameters
setting seed for random number genererator to 1234

*************************************************************
Topology Correction Parameters
retessellation mode:           genetic search
number of patches/generation : 10
number of generations :        10
surface mri loglikelihood coefficient :         1.0
volume mri loglikelihood coefficient :          10.0
normal dot loglikelihood coefficient :          1.0
quadratic curvature loglikelihood coefficient : 1.0
volume resolution :                             2
eliminate vertices during search :              1
initial patch selection :                       1
select all defect vertices :                    0
ordering dependant retessellation:              0
use precomputed edge table :                    0
smooth retessellated patch :                    2
match retessellated patch :                     1
verbose mode :                                  0

*************************************************************
INFO: assuming .mgz format
writing corrected surface to 'orig.premesh'
7.3.2
  7.3.2
before topology correction, eno=-14 (nv=156364, nf=312756, ne=469134, g=8)
using quasi-homeomorphic spherical map to tessellate cortical surface...

Correction of the Topology
Finding true center and radius of Spherical Surface...done
Surface centered at (0,0,0) with radius 100.0 in 8 iterations
marking ambiguous vertices...
1822 ambiguous faces found in tessellation
segmenting defects...
18 defects found, arbitrating ambiguous regions...
analyzing neighboring defects...
18 defects to be corrected 
0 vertices coincident
reading input surface /out/sourcedata/freesurfer/sub-v1s2x0051469_ses-1/surf/lh.qsphere.nofix...
reading brain volume from brain...
reading wm segmentation from wm...
Reading original properties of orig.nofix
Reading vertex positions of inflated.nofix
Computing Initial Surface Statistics
      -face       loglikelihood: -9.0989  (-4.5494)
      -vertex     loglikelihood: -5.6686  (-2.8343)
      -normal dot loglikelihood: -3.6837  (-3.6837)
      -quad curv  loglikelihood: -6.0941  (-3.0471)
      Total Loglikelihood : -24.5453
CORRECTING DEFECT 0 (vertices=234, convex hull=169, v0=852)
After retessellation of defect 0 (v0=852), euler #=-15 (155306,465566,310245) : difference with theory (-15) = 0 
CORRECTING DEFECT 1 (vertices=100, convex hull=119, v0=59363)
normal vector of length zero at vertex 155508 with 6 faces
normal vector of length zero at vertex 155508 with 6 faces
normal vector of length zero at vertex 155508 with 6 faces
normal vector of length zero at vertex 155510 with 4 faces
normal vector of length zero at vertex 155497 with 3 faces
normal vector of length zero at vertex 155510 with 4 faces
normal vector of length zero at vertex 155508 with 4 faces
normal vector of length zero at vertex 155501 with 3 faces
After retessellation of defect 1 (v0=59363), euler #=-14 (155315,465644,310315) : difference with theory (-14) = 0 
CORRECTING DEFECT 2 (vertices=78, convex hull=59, v0=64508)
After retessellation of defect 2 (v0=64508), euler #=-13 (155328,465704,310363) : difference with theory (-13) = 0 
CORRECTING DEFECT 3 (vertices=6, convex hull=44, v0=69670)
After retessellation of defect 3 (v0=69670), euler #=-12 (155331,465726,310383) : difference with theory (-12) = 0 
CORRECTING DEFECT 4 (vertices=8, convex hull=23, v0=72397)
After retessellation of defect 4 (v0=72397), euler #=-11 (155333,465739,310395) : difference with theory (-11) = 0 
CORRECTING DEFECT 5 (vertices=53, convex hull=32, v0=88679)
After retessellation of defect 5 (v0=88679), euler #=-10 (155339,465767,310418) : difference with theory (-10) = 0 
CORRECTING DEFECT 6 (vertices=6, convex hull=24, v0=90649)
After retessellation of defect 6 (v0=90649), euler #=-9 (155342,465783,310432) : difference with theory (-9) = 0 
CORRECTING DEFECT 7 (vertices=82, convex hull=44, v0=94525)
After retessellation of defect 7 (v0=94525), euler #=-8 (155351,465827,310468) : difference with theory (-8) = 0 
CORRECTING DEFECT 8 (vertices=50, convex hull=49, v0=105760)
After retessellation of defect 8 (v0=105760), euler #=-7 (155365,465887,310515) : difference with theory (-7) = 0 
CORRECTING DEFECT 9 (vertices=61, convex hull=39, v0=107709)
After retessellation of defect 9 (v0=107709), euler #=-6 (155372,465920,310542) : difference with theory (-6) = 0 
CORRECTING DEFECT 10 (vertices=46, convex hull=74, v0=112125)
After retessellation of defect 10 (v0=112125), euler #=-5 (155381,465980,310594) : difference with theory (-5) = 0 
CORRECTING DEFECT 11 (vertices=160, convex hull=96, v0=113272)
After retessellation of defect 11 (v0=113272), euler #=-4 (155414,466122,310704) : difference with theory (-4) = 0 
CORRECTING DEFECT 12 (vertices=17, convex hull=27, v0=119284)
After retessellation of defect 12 (v0=119284), euler #=-3 (155419,466149,310727) : difference with theory (-3) = 0 
CORRECTING DEFECT 13 (vertices=6, convex hull=16, v0=120722)
After retessellation of defect 13 (v0=120722), euler #=-2 (155420,466156,310734) : difference with theory (-2) = 0 
CORRECTING DEFECT 14 (vertices=90, convex hull=70, v0=124827)
After retessellation of defect 14 (v0=124827), euler #=-1 (155442,466254,310811) : difference with theory (-1) = 0 
CORRECTING DEFECT 15 (vertices=28, convex hull=66, v0=130967)
After retessellation of defect 15 (v0=130967), euler #=0 (155456,466321,310865) : difference with theory (0) = 0 
CORRECTING DEFECT 16 (vertices=35, convex hull=77, v0=148403)
After retessellation of defect 16 (v0=148403), euler #=1 (155478,466417,310940) : difference with theory (1) = 0 
CORRECTING DEFECT 17 (vertices=55, convex hull=24, v0=152449)
After retessellation of defect 17 (v0=152449), euler #=2 (155479,466431,310954) : difference with theory (2) = 0 
computing original vertex metric properties...
storing new metric properties...
computing tessellation statistics...
vertex spacing 0.89 +- 0.21 (0.09-->6.71) (max @ vno 1771 --> 4841)
face area -nan +- -nan (1000.00-->-1.00)
performing soap bubble on retessellated vertices for 0 iterations...
vertex spacing 0.89 +- 0.21 (0.09-->6.71) (max @ vno 1771 --> 4841)
face area -nan +- -nan (1000.00-->-1.00)
tessellation finished, orienting corrected surface...
82 mutations (32.9%), 167 crossovers (67.1%), 108 vertices were eliminated
building final representation...
885 vertices and 0 faces have been removed from triangulation
after topology correction, eno=2 (nv=155479, nf=310954, ne=466431, g=0)
writing corrected surface to /out/sourcedata/freesurfer/sub-v1s2x0051469_ses-1/surf/lh.orig.premesh...

0.000 % of the vertices (0 vertices) exhibit an orientation change
removing intersecting faces
000: 112 intersecting
001: 15 intersecting
terminating search with 0 intersecting
topology fixing took 1.0 minutes
FSRUNTIME@ mris_fix_topology lh  0.0158 hours 16 threads
#VMPC# mris_fix_topology VmPeak  1872048

 mris_euler_number ../surf/lh.orig.premesh 

euler # = v-e+f = 2g-2: 155479 - 466431 + 310954 = 2 --> 0 holes
      F =2V-4:          310954 = 310958-4 (0)
      2E=3F:            932862 = 932862 (0)

total defect index = 0
Mon Mar  9 23:37:48 CET 2026

setenv SUBJECTS_DIR /out/sourcedata/freesurfer
cd /out/sourcedata/freesurfer/sub-v1s2x0051469_ses-1/scripts
/opt/freesurfer/bin/defect2seg --s sub-v1s2x0051469_ses-1 --lh-only --cortex

freesurfer-linux-ubuntu22_x86_64-7.3.2-20220804-6354275
defect2seg 7.3.2
Linux dna060 5.14.0-427.37.1.el9_4.x86_64 #1 SMP PREEMPT_DYNAMIC Fri Sep 13 12:41:50 EDT 2024 x86_64 x86_64 x86_64 GNU/Linux
pid 2632943
mri_label2label --label-cortex /out/sourcedata/freesurfer/sub-v1s2x0051469_ses-1/surf/lh.orig.nofix /out/sourcedata/freesurfer/sub-v1s2x0051469_ses-1/mri/aseg.presurf.mgz 0 /out/sourcedata/freesurfer/sub-v1s2x0051469_ses-1/label/lh.nofix.cortex.label

 Generating cortex label... RemoveHipAmgy=0
 NucAccIsMedialWall=0
 mris->useRealRAS=0
13 non-cortical segments detected
only using segment with 7914 vertices
erasing segment 0 (vno[0] = 41931)
erasing segment 2 (vno[0] = 65652)
erasing segment 3 (vno[0] = 68320)
erasing segment 4 (vno[0] = 97376)
erasing segment 5 (vno[0] = 98442)
erasing segment 6 (vno[0] = 104477)
erasing segment 7 (vno[0] = 105480)
erasing segment 8 (vno[0] = 107759)
erasing segment 9 (vno[0] = 108460)
erasing segment 10 (vno[0] = 108875)
erasing segment 11 (vno[0] = 112020)
erasing segment 12 (vno[0] = 113074)
mri_label2vol --defects /out/sourcedata/freesurfer/sub-v1s2x0051469_ses-1/surf/lh.orig.nofix /out/sourcedata/freesurfer/sub-v1s2x0051469_ses-1/surf/lh.defect_labels /out/sourcedata/freesurfer/sub-v1s2x0051469_ses-1/mri/orig.mgz 1000 0 /out/sourcedata/freesurfer/sub-v1s2x0051469_ses-1/mri/lh.surface.defects.mgz /out/sourcedata/freesurfer/sub-v1s2x0051469_ses-1/label/lh.nofix.cortex.label
mri_label2vol supposed to be reproducible but seed not set
Contraining to label /out/sourcedata/freesurfer/sub-v1s2x0051469_ses-1/label/lh.nofix.cortex.label
Changing input type 0 to MRI_INT
Converting defects to volume: offset=1000, merge=0
Writing to /out/sourcedata/freesurfer/sub-v1s2x0051469_ses-1/mri/lh.surface.defects.mgz
mris_defects_pointset -s /out/sourcedata/freesurfer/sub-v1s2x0051469_ses-1/surf/lh.orig.nofix -d /out/sourcedata/freesurfer/sub-v1s2x0051469_ses-1/surf/lh.defect_labels -o /out/sourcedata/freesurfer/sub-v1s2x0051469_ses-1/surf/lh.defects.pointset --label /out/sourcedata/freesurfer/sub-v1s2x0051469_ses-1/label/lh.nofix.cortex.label
Reading in surface /out/sourcedata/freesurfer/sub-v1s2x0051469_ses-1/surf/lh.orig.nofix
Reading in defect segmentation /out/sourcedata/freesurfer/sub-v1s2x0051469_ses-1/surf/lh.defect_labels
Reading in label /out/sourcedata/freesurfer/sub-v1s2x0051469_ses-1/label/lh.nofix.cortex.label
#VMPC# mris_defects_pointset 1288096
mris_defects_pointset done
 
Started at Mon Mar 9 23:37:48 CET 2026 
Ended   at Mon Mar  9 23:38:07 CET 2026
Defect2seg-Run-Time-Sec 19
Defect2seg-Run-Time-Min 0.38
Defect2seg-Run-Time-Hours 0.01
 
tkmeditfv sub-v1s2x0051469_ses-1 brain.finalsurfs.mgz -defect
defect2seg Done

 mris_remesh --remesh --iters 3 --input /out/sourcedata/freesurfer/sub-v1s2x0051469_ses-1/surf/lh.orig.premesh --output /out/sourcedata/freesurfer/sub-v1s2x0051469_ses-1/surf/lh.orig 

iters = 3
standard remeshing without target
   adjusted l: 0.710608
remeshing to edge length 0.710608 with 3 iterations

avg qual before   : 0.892544  after: 0.971143

Removing intersections
Remeshed surface quality stats nv0 = 155479  nv = 163007  1.04842
Area    326010  0.30219  0.03360 0.074845   0.4749
Corner  978030 60.00000  8.80918 16.874788 146.0536
Edge    489015  0.84336  0.08233 0.398158   1.2532
Hinge   489015  9.10222  9.39771 0.000007 123.0741
mris_remesh done
/out/sourcedata/freesurfer/sub-v1s2x0051469_ses-1/scripts

 mris_remove_intersection ../surf/lh.orig ../surf/lh.orig 

intersection removal took 0.00 hours
writing corrected surface to ../surf/lh.orig

 rm -f ../surf/lh.inflated 

#--------------------------------------------
#@# AutoDetGWStats lh Mon Mar  9 23:38:45 CET 2026
cd /out/sourcedata/freesurfer/sub-v1s2x0051469_ses-1/mri
mris_autodet_gwstats --o ../surf/autodet.gw.stats.lh.dat --i brain.finalsurfs.mgz --wm wm.mgz --surf ../surf/lh.orig.premesh
7.3.2

cd /out/sourcedata/freesurfer/sub-v1s2x0051469_ses-1/mri
setenv SUBJECTS_DIR /out/sourcedata/freesurfer
mris_autodet_gwstats --o ../surf/autodet.gw.stats.lh.dat --i brain.finalsurfs.mgz --wm wm.mgz --surf ../surf/lh.orig.premesh 

border white:    296564 voxels (1.77%)
border gray      312905 voxels (1.87%)
Reading in intensity volume brain.finalsurfs.mgz
Reading in wm volume wm.mgz
Reading in surf ../surf/lh.orig.premesh
Auto detecting stats
MRIclipBrightWM(): nthresh=27716, wmmin=5, clip=110 
Binarizing thresholding at 5
computing class statistics... low=30, hi=110.000000
CCS WM (103.0): 102.9 +- 5.5 [70.0 --> 110.0]
CCS GM (87.0) : 85.2 +- 10.7 [30.0 --> 110.0]
white_mean = 102.905 +/- 5.47263, gray_mean = 85.2313 +/- 10.72
using class modes intead of means, discounting robust sigmas....
MRIScomputeClassModes(): min=0 max=180 nbins=181
intensity peaks found at WM=106+-4.3,    GM=84+-7.8
white_mode = 106, gray_mode = 84
std_scale = 1
Applying sanity checks, max_scale_down = 0.2
setting MIN_GRAY_AT_WHITE_BORDER to 73.3 (was 70.000000)
setting MAX_BORDER_WHITE to 111.5 (was 105.000000)
setting MIN_BORDER_WHITE to 84.0 (was 85.000000)
setting MAX_CSF to 62.6 (was 40.000000)
setting MAX_GRAY to 100.5 (was 95.000000)
setting MAX_GRAY_AT_CSF_BORDER to 73.3 (was 75.000000)
setting MIN_GRAY_AT_CSF_BORDER to 51.8 (was 40.000000)
When placing the white surface
  white_border_hi   = 111.473;
  white_border_low  = 84;
  white_outside_low = 73.28;
  white_inside_hi   = 120;
  white_outside_hi  = 111.473;
When placing the pial surface
  pial_border_hi   = 73.28;
  pial_border_low  = 51.8401;
  pial_outside_low = 10;
  pial_inside_hi   = 100.527;
  pial_outside_hi  = 67.9201;
#VMPC# mris_autodet_gwstats VmPeak  1361316
mris_autodet_gwstats done
#--------------------------------------------
#@# WhitePreAparc lh Mon Mar  9 23:38:48 CET 2026
cd /out/sourcedata/freesurfer/sub-v1s2x0051469_ses-1/mri
mris_place_surface --adgws-in ../surf/autodet.gw.stats.lh.dat --wm wm.mgz --threads 16 --invol brain.finalsurfs.mgz --lh --i ../surf/lh.orig --o ../surf/lh.white.preaparc --white --seg aseg.presurf.mgz --nsmooth 5
7.3.2
7.3.2

cd /out/sourcedata/freesurfer/sub-v1s2x0051469_ses-1/mri
setenv SUBJECTS_DIR /out/sourcedata/freesurfer
mris_place_surface --adgws-in ../surf/autodet.gw.stats.lh.dat --wm wm.mgz --threads 16 --invol brain.finalsurfs.mgz --lh --i ../surf/lh.orig --o ../surf/lh.white.preaparc --white --seg aseg.presurf.mgz --nsmooth 5 

Reading in input surface ../surf/lh.orig
Smoothing surface before ripping with 5 iterations
Area    326010  0.26999  0.06121 0.000416   0.5795
Corner  978030 60.00000  9.18334 3.401780 163.9302
Edge    489015  0.79338  0.11067 0.043071   1.2717
Hinge   489015  6.12505  6.09034 0.000045 145.4663
Not reading in aparc
Reading in input volume brain.finalsurfs.mgz
Reading in wm volume wm.mgz
MRIclipBrightWM(): nthresh=27716, wmmin=5, clip=110 
MRIfindBrightNonWM(): 171 bright non-wm voxels segmented.
Masking bright non-wm for white surface
MRImask(): AllowDiffGeom = 1
MRImask(): AllowDiffGeom = 1
Reading in seg volume aseg.presurf.mgz
Ripping frozen voxels
INFO: rip surface needed but not specified, so using input surface
Freezing midline and others
Entering: MRISripMidline(): inhibiting deformation at non-cortical midline structures...
  which=1, fix_mtl=0, using annot = 0
#FML0# MRISripMidline(): nripped=0
removing 2 vertices from ripped group in thread:0
removing 2 vertices from ripped group in thread:0
removing 3 vertices from ripped group in thread:0
removing 4 vertices from ripped group in thread:0
#FML# MRISripMidline(): nmarked=6955, nmarked2=94, nripped=6955
Ripping segs (eg, WMSA, BG, frozen)
Starting MRISripSegs() d = (-2 2 0.5) segnos: 247 
MRISripSegs(): -2 2 0.5 ripped 0
vertex 81504: xyz = (-30.5623,-13.0306,93.2758) oxyz = (-30.5623,-13.0306,93.2758) wxzy = (-30.5623,-13.0306,93.2758) pxyz = (0,0,0) 
CBVO Creating mask 163007
n_averages 4
Iteration 0 =========================================
n_averages=4, current_sigma=2
Freezing midline and others
Ripping frozen voxels
INFO: rip surface needed but not specified, so using input surface
Freezing midline and others
Entering: MRISripMidline(): inhibiting deformation at non-cortical midline structures...
  which=1, fix_mtl=0, using annot = 0
#FML0# MRISripMidline(): nripped=6955
removing 2 vertices from ripped group in thread:0
removing 2 vertices from ripped group in thread:0
removing 3 vertices from ripped group in thread:0
removing 4 vertices from ripped group in thread:0
#FML# MRISripMidline(): nmarked=6955, nmarked2=94, nripped=6955
Ripping segs (eg, WMSA, BG, frozen)
Starting MRISripSegs() d = (-2 2 0.5) segnos: 247 247 
MRISripSegs(): -2 2 0.5 ripped 0
Computing target border values 
Entering MRIScomputeBorderValues_new(): 
  inside_hi   = 120.0000000;
  border_hi   = 111.4726330;
  border_low  =  84.0000000;
  outside_low =  73.2800370;
  outside_hi  = 111.4726330;
  sigma = 2;
  max_thickness = 10;
  step_size=0.5;
  STEP_SIZE=0.1;
  which = 1
  thresh = 0
  flags = 0
  CBVfindFirstPeakD1=0
  CBVfindFirstPeakD2=0
  nvertices=163007
  Gdiag_no=-1
  vno start=0, stop=163007
Replacing 255s with 0s
#SI# sigma=2 had to be increased for 160 vertices, nripped=6955
mean border=91.5, 353 (353) missing vertices, mean dist 0.3 [1.0 (%31.6)->0.9 (%68.4))]
%42 local maxima, %53 large gradients and % 0 min vals, 0 gradients ignored
nFirstPeakD1 0
MRIScomputeBorderValues_new() finished in 0.0190 min


Finding expansion regions
mean absolute distance = 0.92 +- 1.18
4840 vertices more than 2 sigmas from mean.
Averaging target values for 5 iterations...
Positioning Surface: tspring = 0.3, nspring = 0.3, spring = 0, niters = 100 l_repulse = 5, l_surf_repulse = 0, checktol = 0
Positioning pial surface
Entering MRISpositionSurface()
  max_mm = 0.3
  MAX_REDUCTIONS = 2, REDUCTION_PCT = 0.5
  parms->check_tol = 0, niterations = 100
tol=1.0e-04, sigma=2.0, host=dna06, nav=4, nbrs=2, l_repulse=5.000, l_tspring=0.300, l_nspring=0.300, l_intensity=0.200, l_curv=1.000
mom=0.00, dt=0.50
complete_dist_mat 0
rms 0
smooth_averages 0
remove_neg 0
ico_order 0
which_surface 0
target_radius 0.000000
nfields 0
scale 0.000000
desired_rms_height 0.000000
momentum 0.000000
nbhd_size 0
max_nbrs 0
niterations 100
nsurfaces 0
SURFACES 3
flags 0 (0)
use curv 0
no sulc 0
no rigid align 0
mris->nsize 2
mris->hemisphere 0
randomSeed 0

000: dt: 0.0000, sse=1846325.1, rms=7.315
001: dt: 0.5000, sse=1006584.6, rms=5.161 (29.445%)
002: dt: 0.5000, sse=610348.8, rms=3.731 (27.705%)
003: dt: 0.5000, sse=423948.2, rms=2.813 (24.607%)
004: dt: 0.5000, sse=333858.7, rms=2.232 (20.653%)
005: dt: 0.5000, sse=288790.6, rms=1.870 (16.225%)
006: dt: 0.5000, sse=265462.2, rms=1.644 (12.065%)
007: dt: 0.5000, sse=253719.5, rms=1.515 (7.863%)
008: dt: 0.5000, sse=248058.1, rms=1.439 (4.988%)
rms = 1.4023/1.4395, sse=245555.7/248058.1, time step reduction 1 of 3 to 0.250  0 0 1
009: dt: 0.5000, sse=245555.7, rms=1.402 (2.581%)
010: dt: 0.2500, sse=222568.5, rms=1.076 (23.251%)
rms = 1.0285/1.0763, sse=219246.6/222568.5, time step reduction 2 of 3 to 0.125  0 0 1
011: dt: 0.2500, sse=219246.6, rms=1.029 (4.437%)
rms = 1.0122/1.0285, sse=218389.8/219246.6, time step reduction 3 of 3 to 0.062  0 0 1
012: dt: 0.1250, sse=218389.8, rms=1.012 (1.583%)
  maximum number of reductions reached, breaking from loop
positioning took 1.3 minutes
Iteration 1 =========================================
n_averages=2, current_sigma=1
Freezing midline and others
Ripping frozen voxels
INFO: rip surface needed but not specified, so using input surface
Freezing midline and others
Entering: MRISripMidline(): inhibiting deformation at non-cortical midline structures...
  which=1, fix_mtl=0, using annot = 0
#FML0# MRISripMidline(): nripped=6955
removing 3 vertices from ripped group in thread:0
removing 4 vertices from ripped group in thread:0
#FML# MRISripMidline(): nmarked=7499, nmarked2=201, nripped=7499
Ripping segs (eg, WMSA, BG, frozen)
Starting MRISripSegs() d = (-2 2 0.5) segnos: 247 247 247 
MRISripSegs(): -2 2 0.5 ripped 0
Computing target border values 
Entering MRIScomputeBorderValues_new(): 
  inside_hi   = 120.0000000;
  border_hi   = 111.4726330;
  border_low  =  84.0000000;
  outside_low =  73.2800370;
  outside_hi  = 111.4726330;
  sigma = 1;
  max_thickness = 10;
  step_size=0.5;
  STEP_SIZE=0.1;
  which = 1
  thresh = 0
  flags = 0
  CBVfindFirstPeakD1=0
  CBVfindFirstPeakD2=0
  nvertices=163007
  Gdiag_no=-1
  vno start=0, stop=163007
Replacing 255s with 0s
#SI# sigma=1 had to be increased for 57 vertices, nripped=7499
mean border=93.6, 130 (75) missing vertices, mean dist -0.4 [0.7 (%65.3)->0.2 (%34.7))]
%54 local maxima, %41 large gradients and % 0 min vals, 0 gradients ignored
nFirstPeakD1 0
MRIScomputeBorderValues_new() finished in 0.0126 min


Finding expansion regions
mean absolute distance = 0.54 +- 0.95
4982 vertices more than 2 sigmas from mean.
Averaging target values for 5 iterations...
Positioning Surface: tspring = 0.3, nspring = 0.3, spring = 0, niters = 100 l_repulse = 5, l_surf_repulse = 0, checktol = 0
Positioning pial surface
Entering MRISpositionSurface()
  max_mm = 0.3
  MAX_REDUCTIONS = 2, REDUCTION_PCT = 0.5
  parms->check_tol = 0, niterations = 100
tol=1.0e-04, sigma=1.0, host=dna06, nav=2, nbrs=2, l_repulse=5.000, l_tspring=0.300, l_nspring=0.300, l_intensity=0.200, l_curv=1.000
mom=0.00, dt=0.50
000: dt: 0.0000, sse=623591.6, rms=3.539
013: dt: 0.5000, sse=399614.9, rms=2.321 (34.421%)
014: dt: 0.5000, sse=324956.2, rms=1.732 (25.377%)
015: dt: 0.5000, sse=292368.8, rms=1.402 (19.067%)
016: dt: 0.5000, sse=275754.5, rms=1.195 (14.785%)
017: dt: 0.5000, sse=269660.2, rms=1.104 (7.611%)
018: dt: 0.5000, sse=266413.1, rms=1.054 (4.541%)
rms = 1.0804/1.0535, sse=268430.9/266413.1, time step reduction 1 of 3 to 0.250  0 1 1
   RMS increased, rejecting step
019: dt: 0.2500, sse=255681.0, rms=0.855 (18.813%)
020: dt: 0.2500, sse=251530.2, rms=0.766 (10.483%)
rms = 0.7520/0.7656, sse=251031.2/251530.2, time step reduction 2 of 3 to 0.125  0 0 1
021: dt: 0.2500, sse=251031.2, rms=0.752 (1.782%)
rms = 0.7449/0.7520, sse=250782.7/251031.2, time step reduction 3 of 3 to 0.062  0 0 1
022: dt: 0.1250, sse=250782.7, rms=0.745 (0.940%)
  maximum number of reductions reached, breaking from loop
positioning took 1.1 minutes
Iteration 2 =========================================
n_averages=1, current_sigma=0.5
Freezing midline and others
Ripping frozen voxels
INFO: rip surface needed but not specified, so using input surface
Freezing midline and others
Entering: MRISripMidline(): inhibiting deformation at non-cortical midline structures...
  which=1, fix_mtl=0, using annot = 0
#FML0# MRISripMidline(): nripped=7499
removing 4 vertices from ripped group in thread:0
removing 2 vertices from ripped group in thread:0
removing 4 vertices from ripped group in thread:0
removing 4 vertices from ripped group in thread:0
removing 4 vertices from ripped group in thread:0
#FML# MRISripMidline(): nmarked=7570, nmarked2=205, nripped=7570
Ripping segs (eg, WMSA, BG, frozen)
Starting MRISripSegs() d = (-2 2 0.5) segnos: 247 247 247 247 
MRISripSegs(): -2 2 0.5 ripped 0
Computing target border values 
Entering MRIScomputeBorderValues_new(): 
  inside_hi   = 120.0000000;
  border_hi   = 111.4726330;
  border_low  =  84.0000000;
  outside_low =  73.2800370;
  outside_hi  = 111.4726330;
  sigma = 0.5;
  max_thickness = 10;
  step_size=0.5;
  STEP_SIZE=0.1;
  which = 1
  thresh = 0
  flags = 0
  CBVfindFirstPeakD1=0
  CBVfindFirstPeakD2=0
  nvertices=163007
  Gdiag_no=-1
  vno start=0, stop=163007
Replacing 255s with 0s
#SI# sigma=0.5 had to be increased for 103 vertices, nripped=7570
mean border=95.9, 181 (54) missing vertices, mean dist -0.3 [0.5 (%72.9)->0.2 (%27.1))]
%75 local maxima, %21 large gradients and % 0 min vals, 0 gradients ignored
nFirstPeakD1 0
MRIScomputeBorderValues_new() finished in 0.0072 min


Finding expansion regions
mean absolute distance = 0.45 +- 0.61
4553 vertices more than 2 sigmas from mean.
Averaging target values for 5 iterations...
Positioning Surface: tspring = 0.3, nspring = 0.3, spring = 0, niters = 100 l_repulse = 5, l_surf_repulse = 0, checktol = 0
Positioning pial surface
Entering MRISpositionSurface()
  max_mm = 0.3
  MAX_REDUCTIONS = 2, REDUCTION_PCT = 0.5
  parms->check_tol = 0, niterations = 100
tol=1.0e-04, sigma=0.5, host=dna06, nav=1, nbrs=2, l_repulse=5.000, l_tspring=0.300, l_nspring=0.300, l_intensity=0.200, l_curv=1.000
mom=0.00, dt=0.50
000: dt: 0.0000, sse=549843.4, rms=3.226
023: dt: 0.5000, sse=327266.1, rms=1.785 (44.668%)
024: dt: 0.5000, sse=271180.1, rms=1.167 (34.626%)
025: dt: 0.5000, sse=261115.2, rms=0.964 (17.399%)
rms = 0.9147/0.9638, sse=258611.2/261115.2, time step reduction 1 of 3 to 0.250  0 0 1
026: dt: 0.5000, sse=258611.2, rms=0.915 (5.089%)
027: dt: 0.2500, sse=249459.4, rms=0.727 (20.550%)
rms = 0.6990/0.7268, sse=248903.1/249459.4, time step reduction 2 of 3 to 0.125  0 0 1
028: dt: 0.2500, sse=248903.1, rms=0.699 (3.817%)
rms = 0.6933/0.6990, sse=248498.1/248903.1, time step reduction 3 of 3 to 0.062  0 0 1
029: dt: 0.1250, sse=248498.1, rms=0.693 (0.819%)
  maximum number of reductions reached, breaking from loop
positioning took 0.7 minutes
Iteration 3 =========================================
n_averages=0, current_sigma=0.25
Freezing midline and others
Ripping frozen voxels
INFO: rip surface needed but not specified, so using input surface
Freezing midline and others
Entering: MRISripMidline(): inhibiting deformation at non-cortical midline structures...
  which=1, fix_mtl=0, using annot = 0
#FML0# MRISripMidline(): nripped=7570
removing 2 vertices from ripped group in thread:0
removing 4 vertices from ripped group in thread:0
removing 4 vertices from ripped group in thread:0
removing 2 vertices from ripped group in thread:0
removing 1 vertices from ripped group in thread:0
#FML# MRISripMidline(): nmarked=7644, nmarked2=208, nripped=7644
Ripping segs (eg, WMSA, BG, frozen)
Starting MRISripSegs() d = (-2 2 0.5) segnos: 247 247 247 247 247 
MRISripSegs(): -2 2 0.5 ripped 0
Computing target border values 
Entering MRIScomputeBorderValues_new(): 
  inside_hi   = 120.0000000;
  border_hi   = 111.4726330;
  border_low  =  84.0000000;
  outside_low =  73.2800370;
  outside_hi  = 111.4726330;
  sigma = 0.25;
  max_thickness = 10;
  step_size=0.5;
  STEP_SIZE=0.1;
  which = 1
  thresh = 0
  flags = 0
  CBVfindFirstPeakD1=0
  CBVfindFirstPeakD2=0
  nvertices=163007
  Gdiag_no=-1
  vno start=0, stop=163007
Replacing 255s with 0s
#SI# sigma=0.25 had to be increased for 223 vertices, nripped=7644
mean border=96.8, 162 (26) missing vertices, mean dist -0.1 [0.3 (%61.9)->0.2 (%38.1))]
%83 local maxima, %12 large gradients and % 0 min vals, 0 gradients ignored
nFirstPeakD1 0
MRIScomputeBorderValues_new() finished in 0.0045 min


Finding expansion regions
mean absolute distance = 0.29 +- 0.43
5379 vertices more than 2 sigmas from mean.
Averaging target values for 5 iterations...
Positioning Surface: tspring = 0.3, nspring = 0.3, spring = 0, niters = 100 l_repulse = 5, l_surf_repulse = 0, checktol = 0
Positioning pial surface
Entering MRISpositionSurface()
  max_mm = 0.3
  MAX_REDUCTIONS = 2, REDUCTION_PCT = 0.5
  parms->check_tol = 0, niterations = 100
tol=1.0e-04, sigma=0.2, host=dna06, nav=0, nbrs=2, l_repulse=5.000, l_tspring=0.300, l_nspring=0.300, l_intensity=0.200, l_curv=1.000
mom=0.00, dt=0.50
000: dt: 0.0000, sse=293097.6, rms=1.460
030: dt: 0.5000, sse=249023.1, rms=0.705 (51.739%)
rms = 0.7280/0.7046, sse=252101.5/249023.1, time step reduction 1 of 3 to 0.250  0 1 1
   RMS increased, rejecting step
031: dt: 0.2500, sse=244841.8, rms=0.617 (12.407%)
rms = 0.5770/0.6172, sse=245053.7/244841.8, time step reduction 2 of 3 to 0.125  0 1 1
032: dt: 0.2500, sse=245053.7, rms=0.577 (6.503%)
rms = 0.5685/0.5770, sse=245030.5/245053.7, time step reduction 3 of 3 to 0.062  0 0 1
033: dt: 0.1250, sse=245030.5, rms=0.568 (1.486%)
  maximum number of reductions reached, breaking from loop
positioning took 0.5 minutes


Writing output to ../surf/lh.white.preaparc
#ET# mris_place_surface  3.66 minutes
#VMPC# mris_place_surfaces VmPeak  3374768
mris_place_surface done
#--------------------------------------------
#@# CortexLabel lh Mon Mar  9 23:42:34 CET 2026
cd /out/sourcedata/freesurfer/sub-v1s2x0051469_ses-1/mri
mri_label2label --label-cortex ../surf/lh.white.preaparc aseg.presurf.mgz 0 ../label/lh.cortex.label

 Generating cortex label... RemoveHipAmgy=0
 NucAccIsMedialWall=0
 mris->useRealRAS=0
7 non-cortical segments detected
only using segment with 8568 vertices
erasing segment 1 (vno[0] = 57758)
erasing segment 2 (vno[0] = 59954)
erasing segment 3 (vno[0] = 86528)
erasing segment 4 (vno[0] = 93670)
erasing segment 5 (vno[0] = 94274)
erasing segment 6 (vno[0] = 140778)
#--------------------------------------------
#@# CortexLabel+HipAmyg lh Mon Mar  9 23:42:51 CET 2026
cd /out/sourcedata/freesurfer/sub-v1s2x0051469_ses-1/mri
mri_label2label --label-cortex ../surf/lh.white.preaparc aseg.presurf.mgz 1 ../label/lh.cortex+hipamyg.label

 Generating cortex label... RemoveHipAmgy=1
 NucAccIsMedialWall=0
 mris->useRealRAS=0
8 non-cortical segments detected
only using segment with 6749 vertices
erasing segment 1 (vno[0] = 54543)
erasing segment 2 (vno[0] = 57758)
erasing segment 3 (vno[0] = 59954)
erasing segment 4 (vno[0] = 86528)
erasing segment 5 (vno[0] = 93670)
erasing segment 6 (vno[0] = 94274)
erasing segment 7 (vno[0] = 140778)
#--------------------------------------------
#@# Smooth2 lh Mon Mar  9 23:43:10 CET 2026
/out/sourcedata/freesurfer/sub-v1s2x0051469_ses-1/scripts

 mris_smooth -n 3 -nw -seed 1234 ../surf/lh.white.preaparc ../surf/lh.smoothwm 

smoothing for 3 iterations
setting seed for random number generator to 1234
smoothing surface tessellation for 3 iterations...
smoothing complete - recomputing first and second fundamental forms...
#--------------------------------------------
#@# Inflation2 lh Mon Mar  9 23:43:13 CET 2026
/out/sourcedata/freesurfer/sub-v1s2x0051469_ses-1/scripts

 mris_inflate ../surf/lh.smoothwm ../surf/lh.inflated 

Reading ../surf/lh.smoothwm
avg radius = 50.4 mm, total surface area = 95890 mm^2
step 000: RMS=0.157 (target=0.015)   step 005: RMS=0.108 (target=0.015)   step 010: RMS=0.081 (target=0.015)   step 015: RMS=0.067 (target=0.015)   step 020: RMS=0.056 (target=0.015)   step 025: RMS=0.046 (target=0.015)   step 030: RMS=0.039 (target=0.015)   step 035: RMS=0.032 (target=0.015)   step 040: RMS=0.027 (target=0.015)   step 045: RMS=0.024 (target=0.015)   step 050: RMS=0.021 (target=0.015)   step 055: RMS=0.019 (target=0.015)   step 060: RMS=0.018 (target=0.015)   writing inflated surface to ../surf/lh.inflated
writing sulcal depths to ../surf/lh.sulc

inflation complete.
inflation took 0.3 minutes
mris_inflate utimesec    70.576546
mris_inflate stimesec    2.384803
mris_inflate ru_maxrss   249168
mris_inflate ru_ixrss    0
mris_inflate ru_idrss    0
mris_inflate ru_isrss    0
mris_inflate ru_minflt   633117
mris_inflate ru_majflt   15
mris_inflate ru_nswap    0
mris_inflate ru_inblock  130
mris_inflate ru_oublock  12752
mris_inflate ru_msgsnd   0
mris_inflate ru_msgrcv   0
mris_inflate ru_nsignals 0
mris_inflate ru_nvcsw    13947
mris_inflate ru_nivcsw   548
#--------------------------------------------
#@# Curv .H and .K lh Mon Mar  9 23:43:31 CET 2026
/out/sourcedata/freesurfer/sub-v1s2x0051469_ses-1/surf

 mris_curvature -w -seed 1234 lh.white.preaparc 

setting seed for random number generator to 1234
total integrated curvature = 23.749*4pi (298.434) --> -23 handles
ICI = 155.1, FI = 1475.1, variation=23373.421
writing Gaussian curvature to ./lh.white.preaparc.K...done.
writing mean curvature to ./lh.white.preaparc.H...done.
rm -f lh.white.H
ln -s lh.white.preaparc.H lh.white.H
rm -f lh.white.K
ln -s lh.white.preaparc.K lh.white.K

 mris_curvature -seed 1234 -thresh .999 -n -a 5 -w -distances 10 10 lh.inflated 

setting seed for random number generator to 1234
normalizing curvature values.
averaging curvature patterns 5 times.
sampling 10 neighbors out to a distance of 10 mm
225 vertices thresholded to be in k1 ~ [-0.29 0.58], k2 ~ [-0.10 0.07]
total integrated curvature = 0.569*4pi (7.148) --> 0 handles
ICI = 1.7, FI = 10.6, variation=182.220
146 vertices thresholded to be in [-0.01 0.02]
writing Gaussian curvature to ./lh.inflated.K...thresholding curvature at 99.90% level
curvature mean = 0.000, std = 0.001
178 vertices thresholded to be in [-0.16 0.28]
done.
writing mean curvature to ./lh.inflated.H...curvature mean = -0.015, std = 0.023
done.
#--------------------------------------------
#@# Sphere lh Mon Mar  9 23:44:29 CET 2026
/out/sourcedata/freesurfer/sub-v1s2x0051469_ses-1/scripts

 mris_sphere -seed 1234 ../surf/lh.inflated ../surf/lh.sphere 

setting seed for random number genererator to 1234
version: 7.3.2
available threads: 16
reading original vertex positions...
projecting onto sphere...
surface projected - minimizing metric distortion...
scaling brain by 0.270...
MRISunfold() max_passes = 1 -------
tol=5.0e-01, sigma=0.0, host=dna06, nav=1024, nbrs=2, l_area=1.000, l_dist=1.000
using quadratic fit line minimization
complete_dist_mat 0
rms 0
smooth_averages 0
remove_neg 0
ico_order 0
which_surface 0
target_radius 0.000000
nfields 0
scale 1.000000
desired_rms_height -1.000000
momentum 0.900000
nbhd_size 7
max_nbrs 8
niterations 25
nsurfaces 0
SURFACES 3
flags 0 (0)
use curv 0
no sulc 0
no rigid align 0
mris->nsize 2
mris->hemisphere 0
randomSeed 1234

singular matrix in quadratic form
--------------------
  mrisRemoveNegativeArea()
pass 1: epoch 1 of 3 starting distance error %20.22
pass 1: epoch 2 of 3 starting distance error %20.18
unfolding complete - removing small folds...
starting distance error %20.11
removing remaining folds...
final distance error %20.11
MRISunfold() return, current seed 1234
-01: dt=0.0000, 114 negative triangles  VmPeak 2278304
090: dt=0.9900, 114 negative triangles
091: dt=0.9900,  42 negative triangles
092: dt=0.9900,  28 negative triangles
093: dt=0.9900,  27 negative triangles
094: dt=0.9900,  27 negative triangles
095: dt=0.9900,  28 negative triangles
096: dt=0.9900,  29 negative triangles
097: dt=0.9900,  25 negative triangles
098: dt=0.9900,  26 negative triangles
099: dt=0.9900,  24 negative triangles
100: dt=0.9900,  28 negative triangles
101: dt=0.9900,  24 negative triangles
102: dt=0.9900,  27 negative triangles
103: dt=0.9900,  24 negative triangles
104: dt=0.9900,  26 negative triangles
105: dt=0.9900,  25 negative triangles
106: dt=0.9900,  29 negative triangles
107: dt=0.9900,  24 negative triangles
108: dt=0.9900,  25 negative triangles
109: dt=0.9900,  23 negative triangles
110: dt=0.9900,  24 negative triangles
111: dt=0.9900,  25 negative triangles
112: dt=0.9900,  24 negative triangles
113: dt=0.9900,  22 negative triangles
114: dt=0.9900,  24 negative triangles
115: dt=0.9900,  22 negative triangles
116: dt=0.9900,  26 negative triangles
117: dt=0.9900,  22 negative triangles
118: dt=0.9900,  25 negative triangles
119: dt=0.9900,  23 negative triangles
120: dt=0.9900,  21 negative triangles
121: dt=0.9900,  24 negative triangles
122: dt=0.9900,  21 negative triangles
123: dt=0.9900,  25 negative triangles
124: dt=0.9900,  22 negative triangles
125: dt=0.9900,  21 negative triangles
126: dt=0.9900,  22 negative triangles
127: dt=0.9900,  21 negative triangles
128: dt=0.9900,  24 negative triangles
129: dt=0.9900,  21 negative triangles
130: dt=0.9405,  21 negative triangles
131: dt=0.9405,  22 negative triangles
132: dt=0.9405,  22 negative triangles
133: dt=0.9405,  22 negative triangles
134: dt=0.9405,  18 negative triangles
135: dt=0.9405,  22 negative triangles
136: dt=0.9405,  20 negative triangles
137: dt=0.9405,  23 negative triangles
138: dt=0.9405,  23 negative triangles
139: dt=0.9405,  20 negative triangles
140: dt=0.9405,  22 negative triangles
141: dt=0.9405,  20 negative triangles
142: dt=0.9405,  25 negative triangles
143: dt=0.9405,  22 negative triangles
144: dt=0.8935,  19 negative triangles
145: dt=0.8935,  21 negative triangles
146: dt=0.8935,  20 negative triangles
147: dt=0.8935,  22 negative triangles
148: dt=0.8935,  22 negative triangles
149: dt=0.8935,  23 negative triangles
150: dt=0.8935,  20 negative triangles
151: dt=0.8935,  22 negative triangles
152: dt=0.8935,  21 negative triangles
153: dt=0.8935,  24 negative triangles
154: dt=0.8488,  20 negative triangles
155: dt=0.8488,  22 negative triangles
156: dt=0.8488,  20 negative triangles
157: dt=0.8488,  23 negative triangles
158: dt=0.8488,  21 negative triangles
159: dt=0.8488,  19 negative triangles
160: dt=0.8488,  25 negative triangles
161: dt=0.8488,  18 negative triangles
162: dt=0.8488,  18 negative triangles
163: dt=0.8488,  12 negative triangles
164: dt=0.8488,  13 negative triangles
165: dt=0.8488,  15 negative triangles
166: dt=0.8488,  19 negative triangles
167: dt=0.8488,  13 negative triangles
168: dt=0.8488,  14 negative triangles
169: dt=0.8488,  13 negative triangles
170: dt=0.8488,  12 negative triangles
171: dt=0.8488,  13 negative triangles
172: dt=0.8488,  12 negative triangles
173: dt=0.8064,  16 negative triangles
174: dt=0.8064,  13 negative triangles
175: dt=0.8064,  10 negative triangles
176: dt=0.8064,  15 negative triangles
177: dt=0.8064,  11 negative triangles
178: dt=0.8064,  14 negative triangles
179: dt=0.8064,  14 negative triangles
180: dt=0.8064,  13 negative triangles
181: dt=0.8064,  12 negative triangles
182: dt=0.8064,  11 negative triangles
183: dt=0.8064,  11 negative triangles
184: dt=0.8064,   8 negative triangles
185: dt=0.8064,  10 negative triangles
186: dt=0.8064,  10 negative triangles
187: dt=0.8064,  10 negative triangles
188: dt=0.8064,   7 negative triangles
189: dt=0.8064,  10 negative triangles
190: dt=0.8064,   9 negative triangles
191: dt=0.8064,   6 negative triangles
192: dt=0.8064,   8 negative triangles
193: dt=0.8064,   6 negative triangles
194: dt=0.8064,   8 negative triangles
195: dt=0.8064,   6 negative triangles
196: dt=0.8064,   8 negative triangles
197: dt=0.8064,   9 negative triangles
198: dt=0.8064,   9 negative triangles
199: dt=0.8064,   6 negative triangles
200: dt=0.8064,   8 negative triangles
201: dt=0.7660,   6 negative triangles
202: dt=0.7660,   8 negative triangles
203: dt=0.7660,   5 negative triangles
204: dt=0.7660,   7 negative triangles
205: dt=0.7660,   5 negative triangles
206: dt=0.7660,   6 negative triangles
207: dt=0.7660,   6 negative triangles
208: dt=0.7660,   5 negative triangles
209: dt=0.7660,   3 negative triangles
210: dt=0.7660,   4 negative triangles
211: dt=0.7660,   2 negative triangles
212: dt=0.7660,   4 negative triangles
213: dt=0.7660,   2 negative triangles
214: dt=0.7660,   3 negative triangles
215: dt=0.7660,   2 negative triangles
216: dt=0.7660,   2 negative triangles
217: dt=0.7660,   4 negative triangles
218: dt=0.7660,   2 negative triangles
219: dt=0.7660,   2 negative triangles
220: dt=0.7660,   4 negative triangles
221: dt=0.7277,   2 negative triangles
222: dt=0.7277,   2 negative triangles
223: dt=0.7277,   2 negative triangles
224: dt=0.7277,   3 negative triangles
225: dt=0.7277,   2 negative triangles
226: dt=0.7277,   2 negative triangles
227: dt=0.7277,   2 negative triangles
228: dt=0.7277,   2 negative triangles
229: dt=0.7277,   2 negative triangles
230: dt=0.7277,   1 negative triangles
231: dt=0.7277,   1 negative triangles
writing spherical brain to ../surf/lh.sphere
spherical transformation took 0.0520 hours
FSRUNTIME@ mris_sphere  0.0520 hours 16 threads
#VMPC# mris_sphere VmPeak  2278304
mris_sphere done
#--------------------------------------------
#@# Surf Reg lh Mon Mar  9 23:47:36 CET 2026
/out/sourcedata/freesurfer/sub-v1s2x0051469_ses-1/scripts

 mris_register -curv ../surf/lh.sphere /opt/freesurfer/average/lh.folding.atlas.acfb40.noaparc.i12.2016-08-02.tif ../surf/lh.sphere.reg 

using smoothwm curvature for final alignment

cwd /out/sourcedata/freesurfer/sub-v1s2x0051469_ses-1/scripts
cmdline mris_register -curv ../surf/lh.sphere /opt/freesurfer/average/lh.folding.atlas.acfb40.noaparc.i12.2016-08-02.tif ../surf/lh.sphere.reg 

0 inflated.H
1 sulc
2 smoothwm (computed)
7.3.2
  7.3.2
reading surface from ../surf/lh.sphere...
reading template parameterization from /opt/freesurfer/average/lh.folding.atlas.acfb40.noaparc.i12.2016-08-02.tif...
MRISregister() -------
max_passes = 4 
min_degrees = 0.500000 
max_degrees = 64.000000 
nangles = 8 
tol=5.0e-01, sigma=0.0, host=dna06, nav=1024, nbrs=1, l_extern=10000.000, l_parea=0.200, l_nlarea=1.000, l_corr=1.000, l_dist=5.000
using quadratic fit line minimization
complete_dist_mat 0
rms 0
smooth_averages 0
remove_neg 0
ico_order 0
which_surface 0
target_radius 0.000000
nfields 0
scale 0.000000
desired_rms_height -1.000000
momentum 0.950000
nbhd_size -10
max_nbrs 10
niterations 25
nsurfaces 0
SURFACES 3
flags 16 (10)
use curv 16
no sulc 0
no rigid align 0
mris->nsize 1
mris->hemisphere 0
randomSeed 0

tol=5.0e-01, sigma=0.0, host=dna06, nav=1024, nbrs=1, l_extern=10000.000, l_parea=0.200, l_nlarea=1.000, l_corr=1.000, l_dist=5.000
using quadratic fit line minimization
--------------------
1 Reading lh.sulc
tol=1.0e+00, sigma=0.5, host=dna06, nav=1024, nbrs=1, l_extern=10000.000, l_parea=0.200, l_nlarea=1.000, l_corr=0.050, l_spring=0.500, l_dist=5.000
using quadratic fit line minimization
curvature mean = 0.000, std = 5.743
curvature mean = 0.020, std = 0.814
curvature mean = 0.021, std = 0.852
Starting MRISrigidBodyAlignGlobal()
Starting new MRISrigidBodyAlignGlobal_findMinSSE()
  new MRISrigidBodyAlignGlobal_findMinSSE min @ (1.00, -5.50, 10.50) sse = 276626.6, elapsed since starting=0.1430 min
MRISrigidBodyAlignGlobal() done   0.14 min
curvature mean = -0.005, std = 0.817
curvature mean = 0.009, std = 0.941
curvature mean = -0.010, std = 0.822
curvature mean = 0.004, std = 0.976
curvature mean = -0.011, std = 0.822
curvature mean = 0.001, std = 0.990
2 Reading smoothwm
curvature mean = -0.022, std = 0.247
curvature mean = 0.039, std = 0.244
curvature mean = 0.066, std = 0.373
curvature mean = 0.036, std = 0.301
curvature mean = 0.030, std = 0.583
curvature mean = 0.036, std = 0.328
curvature mean = 0.015, std = 0.731
curvature mean = 0.035, std = 0.340
curvature mean = 0.003, std = 0.838
MRISregister() return, current seed 0
-01: dt=0.0000,  11 negative triangles  VmPeak 1830988
114: dt=0.9900,  11 negative triangles
expanding nbhd size to 1
115: dt=0.9900,  13 negative triangles
116: dt=0.9900,   7 negative triangles
117: dt=0.9900,   7 negative triangles
118: dt=0.9900,   7 negative triangles
119: dt=0.9900,   7 negative triangles
120: dt=0.9900,   6 negative triangles
121: dt=0.9900,   6 negative triangles
122: dt=0.9900,   6 negative triangles
123: dt=0.9900,   5 negative triangles
124: dt=0.9900,   4 negative triangles
125: dt=0.9900,   4 negative triangles
126: dt=0.9900,   4 negative triangles
127: dt=0.9900,   4 negative triangles
128: dt=0.9900,   4 negative triangles
129: dt=0.9900,   3 negative triangles
130: dt=0.9900,   2 negative triangles
131: dt=0.9900,   1 negative triangles
132: dt=0.9900,   1 negative triangles
133: dt=0.9900,   1 negative triangles
134: dt=0.9900,   1 negative triangles
135: dt=0.9900,   1 negative triangles
136: dt=0.9900,   1 negative triangles
137: dt=0.9900,   1 negative triangles
writing registered surface to ../surf/lh.sphere.reg...
registration took 0.09 hours
#VMPC# mris_register VmPeak  1830988
FSRUNTIME@ mris_register  0.0876 hours 16 threads

 ln -sf lh.sphere.reg lh.fsaverage.sphere.reg 

#--------------------------------------------
#@# Jacobian white lh Mon Mar  9 23:52:52 CET 2026
/out/sourcedata/freesurfer/sub-v1s2x0051469_ses-1/scripts

 mris_jacobian ../surf/lh.white.preaparc ../surf/lh.sphere.reg ../surf/lh.jacobian_white 

reading surface from ../surf/lh.white.preaparc...
writing curvature file ../surf/lh.jacobian_white
#--------------------------------------------
#@# AvgCurv lh Mon Mar  9 23:52:53 CET 2026
/out/sourcedata/freesurfer/sub-v1s2x0051469_ses-1/scripts

 mrisp_paint -a 5 /opt/freesurfer/average/lh.folding.atlas.acfb40.noaparc.i12.2016-08-02.tif#6 ../surf/lh.sphere.reg ../surf/lh.avg_curv 

averaging curvature patterns 5 times...
reading surface from ../surf/lh.sphere.reg...
reading template parameterization from /opt/freesurfer/average/lh.folding.atlas.acfb40.noaparc.i12.2016-08-02.tif...
writing curvature file to ../surf/lh.avg_curv...
#-----------------------------------------
#@# Cortical Parc lh Mon Mar  9 23:52:54 CET 2026
/out/sourcedata/freesurfer/sub-v1s2x0051469_ses-1/scripts

 mris_ca_label -l ../label/lh.cortex.label -aseg ../mri/aseg.presurf.mgz -seed 1234 sub-v1s2x0051469_ses-1 lh ../surf/lh.sphere.reg /opt/freesurfer/average/lh.DKaparc.atlas.acfb40.noaparc.i12.2016-08-02.gcs ../label/lh.aparc.annot 

setting seed for random number generator to 1234
using ../mri/aseg.presurf.mgz aseg volume to correct midline
7.3.2
  7.3.2
reading atlas from /opt/freesurfer/average/lh.DKaparc.atlas.acfb40.noaparc.i12.2016-08-02.gcs...
reading color table from GCSA file....
average std = 0.8   using min determinant for regularization = 0.006
0 singular and 342 ill-conditioned covariance matrices regularized
input 0: MEAN CURVATURE, flags 0, avgs 5, name mean_curvature
labeling surface...
1589 labels changed using aseg
relabeling using gibbs priors...
000:   3693 changed, 163007 examined...
001:    818 changed, 15249 examined...
002:    209 changed, 4694 examined...
003:     84 changed, 1315 examined...
004:     38 changed, 509 examined...
005:     11 changed, 213 examined...
006:      7 changed, 64 examined...
007:      3 changed, 37 examined...
008:      2 changed, 19 examined...
009:      2 changed, 12 examined...
010:      5 changed, 16 examined...
011:      2 changed, 18 examined...
012:      2 changed, 12 examined...
013:      1 changed, 12 examined...
014:      0 changed, 7 examined...
330 labels changed using aseg
000: 145 total segments, 95 labels (328 vertices) changed
001: 49 total segments, 8 labels (32 vertices) changed
002: 41 total segments, 0 labels (0 vertices) changed
10 filter iterations complete (10 requested, 4 changed)
rationalizing unknown annotations with cortex label
relabeling unknown label...
relabeling corpuscallosum label...
2117 vertices marked for relabeling...
2117 labels changed in reclassification.
writing output to ../label/lh.aparc.annot...
classification took 0 minutes and 11 seconds.
#--------------------------------------------
#@# WhiteSurfs lh Mon Mar  9 23:53:05 CET 2026
cd /out/sourcedata/freesurfer/sub-v1s2x0051469_ses-1/mri
mris_place_surface --adgws-in ../surf/autodet.gw.stats.lh.dat --seg aseg.presurf.mgz --threads 16 --wm wm.mgz --invol brain.finalsurfs.mgz --lh --i ../surf/lh.white.preaparc --o ../surf/lh.white --white --nsmooth 0 --rip-label ../label/lh.cortex.label --rip-bg --rip-surf ../surf/lh.white.preaparc --aparc ../label/lh.aparc.annot
7.3.2
7.3.2

cd /out/sourcedata/freesurfer/sub-v1s2x0051469_ses-1/mri
setenv SUBJECTS_DIR /out/sourcedata/freesurfer
mris_place_surface --adgws-in ../surf/autodet.gw.stats.lh.dat --seg aseg.presurf.mgz --threads 16 --wm wm.mgz --invol brain.finalsurfs.mgz --lh --i ../surf/lh.white.preaparc --o ../surf/lh.white --white --nsmooth 0 --rip-label ../label/lh.cortex.label --rip-bg --rip-surf ../surf/lh.white.preaparc --aparc ../label/lh.aparc.annot 

Reading in input surface ../surf/lh.white.preaparc
Not smoothing input surface
Area    326010  0.31853  0.11090 0.002353   2.0964
Corner  978030 60.00000 14.10844 0.738777 177.5547
Edge    489015  0.86780  0.18727 0.026144   3.3723
Hinge   489015  9.26970 10.35903 0.000051 179.9647
Reading in aparc ../label/lh.aparc.annot
Reading in input volume brain.finalsurfs.mgz
Reading in wm volume wm.mgz
MRIclipBrightWM(): nthresh=27716, wmmin=5, clip=110 
MRIfindBrightNonWM(): 171 bright non-wm voxels segmented.
Masking bright non-wm for white surface
MRImask(): AllowDiffGeom = 1
MRImask(): AllowDiffGeom = 1
Reading in seg volume aseg.presurf.mgz
Ripping frozen voxels
Ripping vertices not in label ../label/lh.cortex.label
MRISripNotLabel() ripped 8867/163007 vertices (154140 unripped)
Reading in ripping surface ../surf/lh.white.preaparc
Reading in aparc ../label/lh.aparc.annot for ripsurf
Ripping BG
MRISripBasalGanglia(): 1 -2 2 0.5 ripped 473
Ripping segs (eg, WMSA, BG, frozen)
Starting MRISripSegs() d = (-2 2 0.5) segnos: 247 
MRISripSegs(): -2 2 0.5 ripped 0
vertex 81504: xyz = (-29.958,-13.3863,92.4607) oxyz = (-29.958,-13.3863,92.4607) wxzy = (-29.958,-13.3863,92.4607) pxyz = (0,0,0) 
CBVO Creating mask 163007
n_averages 4
Iteration 0 =========================================
n_averages=4, current_sigma=2
Computing target border values 
Entering MRIScomputeBorderValues_new(): 
  inside_hi   = 120.0000000;
  border_hi   = 111.4726330;
  border_low  =  84.0000000;
  outside_low =  73.2800370;
  outside_hi  = 111.4726330;
  sigma = 2;
  max_thickness = 10;
  step_size=0.5;
  STEP_SIZE=0.1;
  which = 1
  thresh = 0
  flags = 0
  CBVfindFirstPeakD1=0
  CBVfindFirstPeakD2=0
  nvertices=163007
  Gdiag_no=-1
  vno start=0, stop=163007
Replacing 255s with 0s
#SI# sigma=2 had to be increased for 253 vertices, nripped=9340
mean border=91.6, 392 (392) missing vertices, mean dist 0.5 [1.8 (%12.5)->0.8 (%87.5))]
%41 local maxima, %53 large gradients and % 0 min vals, 0 gradients ignored
nFirstPeakD1 0
MRIScomputeBorderValues_new() finished in 0.0178 min


Finding expansion regions
mean absolute distance = 0.95 +- 1.12
4067 vertices more than 2 sigmas from mean.
Averaging target values for 5 iterations...
Positioning Surface: tspring = 0.3, nspring = 0.3, spring = 0, niters = 100 l_repulse = 5, l_surf_repulse = 0, checktol = 0
Positioning pial surface
Entering MRISpositionSurface()
  max_mm = 0.3
  MAX_REDUCTIONS = 2, REDUCTION_PCT = 0.5
  parms->check_tol = 0, niterations = 100
tol=1.0e-04, sigma=2.0, host=dna06, nav=4, nbrs=2, l_repulse=5.000, l_tspring=0.300, l_nspring=0.300, l_intensity=0.200, l_curv=1.000
mom=0.00, dt=0.50
complete_dist_mat 0
rms 0
smooth_averages 0
remove_neg 0
ico_order 0
which_surface 0
target_radius 0.000000
nfields 0
scale 0.000000
desired_rms_height 0.000000
momentum 0.000000
nbhd_size 0
max_nbrs 0
niterations 100
nsurfaces 0
SURFACES 3
flags 0 (0)
use curv 0
no sulc 0
no rigid align 0
mris->nsize 2
mris->hemisphere 0
randomSeed 0

000: dt: 0.0000, sse=1465519.0, rms=6.346
001: dt: 0.5000, sse=713314.5, rms=4.025 (36.571%)
002: dt: 0.5000, sse=433437.1, rms=2.664 (33.822%)
003: dt: 0.5000, sse=345949.2, rms=2.007 (24.639%)
004: dt: 0.5000, sse=304245.6, rms=1.697 (15.457%)
005: dt: 0.5000, sse=289854.8, rms=1.535 (9.553%)
006: dt: 0.5000, sse=281215.9, rms=1.430 (6.821%)
007: dt: 0.5000, sse=277566.8, rms=1.369 (4.279%)
rms = 1.3289/1.3691, sse=274453.1/277566.8, time step reduction 1 of 3 to 0.250  0 0 1
008: dt: 0.5000, sse=274453.1, rms=1.329 (2.935%)
009: dt: 0.2500, sse=260424.5, rms=1.109 (16.526%)
rms = 1.0618/1.1093, sse=257477.2/260424.5, time step reduction 2 of 3 to 0.125  0 0 1
010: dt: 0.2500, sse=257477.2, rms=1.062 (4.282%)
rms = 1.0498/1.0618, sse=256474.0/257477.2, time step reduction 3 of 3 to 0.062  0 0 1
011: dt: 0.1250, sse=256474.0, rms=1.050 (1.124%)
  maximum number of reductions reached, breaking from loop
positioning took 1.3 minutes
Iteration 1 =========================================
n_averages=2, current_sigma=1
Computing target border values 
Entering MRIScomputeBorderValues_new(): 
  inside_hi   = 120.0000000;
  border_hi   = 111.4726330;
  border_low  =  84.0000000;
  outside_low =  73.2800370;
  outside_hi  = 111.4726330;
  sigma = 1;
  max_thickness = 10;
  step_size=0.5;
  STEP_SIZE=0.1;
  which = 1
  thresh = 0
  flags = 0
  CBVfindFirstPeakD1=0
  CBVfindFirstPeakD2=0
  nvertices=163007
  Gdiag_no=-1
  vno start=0, stop=163007
Replacing 255s with 0s
#SI# sigma=1 had to be increased for 118 vertices, nripped=9340
mean border=93.5, 204 (126) missing vertices, mean dist -0.4 [0.7 (%61.7)->0.2 (%38.3))]
%53 local maxima, %41 large gradients and % 0 min vals, 0 gradients ignored
nFirstPeakD1 0
MRIScomputeBorderValues_new() finished in 0.0133 min


Finding expansion regions
mean absolute distance = 0.54 +- 0.97
4982 vertices more than 2 sigmas from mean.
Averaging target values for 5 iterations...
Positioning Surface: tspring = 0.3, nspring = 0.3, spring = 0, niters = 100 l_repulse = 5, l_surf_repulse = 0, checktol = 0
Positioning pial surface
Entering MRISpositionSurface()
  max_mm = 0.3
  MAX_REDUCTIONS = 2, REDUCTION_PCT = 0.5
  parms->check_tol = 0, niterations = 100
tol=1.0e-04, sigma=1.0, host=dna06, nav=2, nbrs=2, l_repulse=5.000, l_tspring=0.300, l_nspring=0.300, l_intensity=0.200, l_curv=1.000
mom=0.00, dt=0.50
000: dt: 0.0000, sse=586152.0, rms=3.352
012: dt: 0.5000, sse=397553.6, rms=2.248 (32.924%)
013: dt: 0.5000, sse=335647.3, rms=1.724 (23.301%)
014: dt: 0.5000, sse=304663.5, rms=1.435 (16.803%)
015: dt: 0.5000, sse=291869.4, rms=1.252 (12.709%)
016: dt: 0.5000, sse=285366.4, rms=1.175 (6.175%)
rms = 1.1295/1.1750, sse=279579.6/285366.4, time step reduction 1 of 3 to 0.250  0 0 1
017: dt: 0.5000, sse=279579.7, rms=1.129 (3.870%)
018: dt: 0.2500, sse=270782.0, rms=0.924 (18.219%)
rms = 0.9010/0.9237, sse=266376.7/270782.0, time step reduction 2 of 3 to 0.125  0 0 1
019: dt: 0.2500, sse=266376.7, rms=0.901 (2.464%)
rms = 0.8898/0.9010, sse=264053.0/266376.7, time step reduction 3 of 3 to 0.062  0 0 1
020: dt: 0.1250, sse=264053.0, rms=0.890 (1.235%)
  maximum number of reductions reached, breaking from loop
positioning took 1.0 minutes
Iteration 2 =========================================
n_averages=1, current_sigma=0.5
Computing target border values 
Entering MRIScomputeBorderValues_new(): 
  inside_hi   = 120.0000000;
  border_hi   = 111.4726330;
  border_low  =  84.0000000;
  outside_low =  73.2800370;
  outside_hi  = 111.4726330;
  sigma = 0.5;
  max_thickness = 10;
  step_size=0.5;
  STEP_SIZE=0.1;
  which = 1
  thresh = 0
  flags = 0
  CBVfindFirstPeakD1=0
  CBVfindFirstPeakD2=0
  nvertices=163007
  Gdiag_no=-1
  vno start=0, stop=163007
Replacing 255s with 0s
#SI# sigma=0.5 had to be increased for 147 vertices, nripped=9340
mean border=95.9, 164 (56) missing vertices, mean dist -0.3 [0.6 (%72.9)->0.2 (%27.1))]
%74 local maxima, %20 large gradients and % 0 min vals, 0 gradients ignored
nFirstPeakD1 0
MRIScomputeBorderValues_new() finished in 0.0076 min


Finding expansion regions
mean absolute distance = 0.46 +- 0.63
4707 vertices more than 2 sigmas from mean.
Averaging target values for 5 iterations...
Positioning Surface: tspring = 0.3, nspring = 0.3, spring = 0, niters = 100 l_repulse = 5, l_surf_repulse = 0, checktol = 0
Positioning pial surface
Entering MRISpositionSurface()
  max_mm = 0.3
  MAX_REDUCTIONS = 2, REDUCTION_PCT = 0.5
  parms->check_tol = 0, niterations = 100
tol=1.0e-04, sigma=0.5, host=dna06, nav=1, nbrs=2, l_repulse=5.000, l_tspring=0.300, l_nspring=0.300, l_intensity=0.200, l_curv=1.000
mom=0.00, dt=0.50
000: dt: 0.0000, sse=564932.4, rms=3.295
021: dt: 0.5000, sse=348611.2, rms=1.888 (42.701%)
022: dt: 0.5000, sse=291490.3, rms=1.292 (31.583%)
023: dt: 0.5000, sse=280033.2, rms=1.081 (16.346%)
rms = 1.0205/1.0806, sse=280965.1/280033.2, time step reduction 1 of 3 to 0.250  0 1 0
024: dt: 0.5000, sse=280965.1, rms=1.021 (5.556%)
025: dt: 0.2500, sse=272015.5, rms=0.862 (15.522%)
rms = 0.8339/0.8621, sse=269281.1/272015.5, time step reduction 2 of 3 to 0.125  0 0 1
026: dt: 0.2500, sse=269281.2, rms=0.834 (3.269%)
rms = 0.8272/0.8339, sse=265931.3/269281.1, time step reduction 3 of 3 to 0.062  0 0 1
027: dt: 0.1250, sse=265931.3, rms=0.827 (0.804%)
  maximum number of reductions reached, breaking from loop
positioning took 0.8 minutes
Iteration 3 =========================================
n_averages=0, current_sigma=0.25
Computing target border values 
Entering MRIScomputeBorderValues_new(): 
  inside_hi   = 120.0000000;
  border_hi   = 111.4726330;
  border_low  =  84.0000000;
  outside_low =  73.2800370;
  outside_hi  = 111.4726330;
  sigma = 0.25;
  max_thickness = 10;
  step_size=0.5;
  STEP_SIZE=0.1;
  which = 1
  thresh = 0
  flags = 0
  CBVfindFirstPeakD1=0
  CBVfindFirstPeakD2=0
  nvertices=163007
  Gdiag_no=-1
  vno start=0, stop=163007
Replacing 255s with 0s
#SI# sigma=0.25 had to be increased for 228 vertices, nripped=9340
mean border=96.8, 165 (38) missing vertices, mean dist -0.1 [0.3 (%62.2)->0.2 (%37.8))]
%82 local maxima, %12 large gradients and % 0 min vals, 0 gradients ignored
nFirstPeakD1 0
MRIScomputeBorderValues_new() finished in 0.0048 min


Finding expansion regions
mean absolute distance = 0.30 +- 0.44
4576 vertices more than 2 sigmas from mean.
Averaging target values for 5 iterations...
Positioning Surface: tspring = 0.3, nspring = 0.3, spring = 0, niters = 100 l_repulse = 5, l_surf_repulse = 0, checktol = 0
Positioning pial surface
Entering MRISpositionSurface()
  max_mm = 0.3
  MAX_REDUCTIONS = 2, REDUCTION_PCT = 0.5
  parms->check_tol = 0, niterations = 100
tol=1.0e-04, sigma=0.2, host=dna06, nav=0, nbrs=2, l_repulse=5.000, l_tspring=0.300, l_nspring=0.300, l_intensity=0.200, l_curv=1.000
mom=0.00, dt=0.50
000: dt: 0.0000, sse=309955.6, rms=1.533
028: dt: 0.5000, sse=273753.6, rms=0.844 (44.916%)
rms = 0.8475/0.8443, sse=276649.5/273753.6, time step reduction 1 of 3 to 0.250  0 1 1
   RMS increased, rejecting step
029: dt: 0.2500, sse=267455.7, rms=0.771 (8.645%)
rms = 0.7350/0.7713, sse=268137.0/267455.7, time step reduction 2 of 3 to 0.125  0 1 1
030: dt: 0.2500, sse=268137.0, rms=0.735 (4.698%)
rms = 0.7237/0.7350, sse=268146.3/268137.0, time step reduction 3 of 3 to 0.062  0 1 1
031: dt: 0.1250, sse=268146.3, rms=0.724 (1.540%)
  maximum number of reductions reached, breaking from loop
positioning took 0.5 minutes


Writing output to ../surf/lh.white
#ET# mris_place_surface  3.69 minutes
#VMPC# mris_place_surfaces VmPeak  3292484
mris_place_surface done
#--------------------------------------------
#@# T1PialSurf lh Mon Mar  9 23:56:55 CET 2026
cd /out/sourcedata/freesurfer/sub-v1s2x0051469_ses-1/mri
mris_place_surface --adgws-in ../surf/autodet.gw.stats.lh.dat --seg aseg.presurf.mgz --threads 16 --wm wm.mgz --invol brain.finalsurfs.mgz --lh --i ../surf/lh.white --o ../surf/lh.pial.T1 --pial --nsmooth 0 --rip-label ../label/lh.cortex+hipamyg.label --pin-medial-wall ../label/lh.cortex.label --aparc ../label/lh.aparc.annot --repulse-surf ../surf/lh.white --white-surf ../surf/lh.white
7.3.2
7.3.2

cd /out/sourcedata/freesurfer/sub-v1s2x0051469_ses-1/mri
setenv SUBJECTS_DIR /out/sourcedata/freesurfer
mris_place_surface --adgws-in ../surf/autodet.gw.stats.lh.dat --seg aseg.presurf.mgz --threads 16 --wm wm.mgz --invol brain.finalsurfs.mgz --lh --i ../surf/lh.white --o ../surf/lh.pial.T1 --pial --nsmooth 0 --rip-label ../label/lh.cortex+hipamyg.label --pin-medial-wall ../label/lh.cortex.label --aparc ../label/lh.aparc.annot --repulse-surf ../surf/lh.white --white-surf ../surf/lh.white 

Reading in input surface ../surf/lh.white
Not smoothing input surface
Area    326010  0.31995  0.12387 0.000387   2.8919
Corner  978030 60.00000 15.65087 0.230964 178.9503
Edge    489015  0.87147  0.20664 0.025102   3.5466
Hinge   489015  9.40066 10.73972 0.000026 179.9647
Reading white surface coordinates from ../surf/lh.white
Reading repulsion surface coordinates from ../surf/lh.white
Reading in aparc ../label/lh.aparc.annot
Reading in input volume brain.finalsurfs.mgz
Reading in wm volume wm.mgz
MRIclipBrightWM(): nthresh=27716, wmmin=5, clip=110 
MRIfindBrightNonWM(): 171 bright non-wm voxels segmented.
Masking bright non-wm for pial surface mid_gray = 76.1837
MRImask(): AllowDiffGeom = 1
MRImask(): AllowDiffGeom = 1
MRImask(): AllowDiffGeom = 1
Reading in seg volume aseg.presurf.mgz
Ripping frozen voxels
Ripping vertices not in label ../label/lh.cortex+hipamyg.label
MRISripNotLabel() ripped 7280/163007 vertices (155727 unripped)
INFO: rip surface needed but not specified, so using input surface
Ripping segs (eg, WMSA, BG, frozen)
Starting MRISripSegs() d = (-2 2 0.5) segnos: 247 
MRISripSegs(): -2 2 0.5 ripped 0
vertex 81504: xyz = (-29.8696,-13.3099,92.4412) oxyz = (-29.8696,-13.3099,92.4412) wxzy = (-29.8696,-13.3099,92.4412) pxyz = (-29.8696,-13.3099,92.4412) 
CBVO Creating mask 163007
n_averages 16
Iteration 0 =========================================
n_averages=16, current_sigma=2
Computing target border values 
Entering MRIScomputeBorderValues_new(): 
  inside_hi   = 100.5273670;
  border_hi   =  73.2800370;
  border_low  =  51.8401150;
  outside_low =  10.0000000;
  outside_hi  =  67.9200590;
  sigma = 2;
  max_thickness = 10;
  step_size=0.5;
  STEP_SIZE=0.1;
  which = 2
  thresh = 0
  flags = 0
  CBVfindFirstPeakD1=0
  CBVfindFirstPeakD2=0
  nvertices=163007
  Gdiag_no=-1
  vno start=0, stop=163007
Replacing 255s with 0s
#SI# sigma=2 had to be increased for 188 vertices, nripped=7280
mean border=70.3, 419 (419) missing vertices, mean dist 2.1 [1.0 (%0.0)->2.7 (%100.0))]
%17 local maxima, %55 large gradients and %24 min vals, 0 gradients ignored
nFirstPeakD1 0
MRIScomputeBorderValues_new() finished in 0.0142 min


Averaging target values for 5 iterations...
Positioning Surface: tspring = 0.3, nspring = 0.3, spring = 0, niters = 100 l_repulse = 0, l_surf_repulse = 5, checktol = 0
Positioning pial surface
Entering MRISpositionSurface()
  max_mm = 0.3
  MAX_REDUCTIONS = 2, REDUCTION_PCT = 0.5
  parms->check_tol = 0, niterations = 100
tol=1.0e-04, sigma=2.0, host=dna06, nav=16, nbrs=2, l_surf_repulse=5.000, l_tspring=0.300, l_nspring=0.300, l_intensity=0.200, l_curv=1.000
mom=0.00, dt=0.50
complete_dist_mat 0
rms 0
smooth_averages 0
remove_neg 0
ico_order 0
which_surface 0
target_radius 0.000000
nfields 0
scale 0.000000
desired_rms_height 0.000000
momentum 0.000000
nbhd_size 0
max_nbrs 0
niterations 100
nsurfaces 0
SURFACES 3
flags 0 (0)
use curv 0
no sulc 0
no rigid align 0
mris->nsize 2
mris->hemisphere 0
randomSeed 0

000: dt: 0.0000, sse=23385942.0, rms=27.308
001: dt: 0.5000, sse=18772144.0, rms=24.438 (10.510%)
002: dt: 0.5000, sse=15045941.0, rms=21.846 (10.608%)
003: dt: 0.5000, sse=12140443.0, rms=19.587 (10.340%)
004: dt: 0.5000, sse=9867549.0, rms=17.618 (10.050%)
005: dt: 0.5000, sse=7970387.0, rms=15.788 (10.391%)
006: dt: 0.5000, sse=6217609.0, rms=13.883 (12.064%)
007: dt: 0.5000, sse=4672378.0, rms=11.954 (13.893%)
008: dt: 0.5000, sse=3405140.0, rms=10.101 (15.507%)
009: dt: 0.5000, sse=2428614.5, rms=8.397 (16.870%)
010: dt: 0.5000, sse=1730016.9, rms=6.924 (17.541%)
011: dt: 0.5000, sse=1294321.6, rms=5.818 (15.971%)
012: dt: 0.5000, sse=1045875.5, rms=5.079 (12.706%)
013: dt: 0.5000, sse=915733.2, rms=4.643 (8.579%)
014: dt: 0.5000, sse=843500.2, rms=4.381 (5.645%)
015: dt: 0.5000, sse=807647.6, rms=4.243 (3.147%)
016: dt: 0.5000, sse=781246.9, rms=4.138 (2.477%)
017: dt: 0.5000, sse=767899.3, rms=4.083 (1.340%)
018: dt: 0.5000, sse=755312.5, rms=4.030 (1.297%)
rms = 3.9998/4.0296, sse=748631.9/755312.5, time step reduction 1 of 3 to 0.250  0 0 1
019: dt: 0.5000, sse=748631.9, rms=4.000 (0.738%)
020: dt: 0.2500, sse=487758.7, rms=2.726 (31.852%)
021: dt: 0.2500, sse=442514.8, rms=2.440 (10.486%)
rms = 2.3921/2.4400, sse=435630.7/442514.8, time step reduction 2 of 3 to 0.125  0 0 1
022: dt: 0.2500, sse=435630.8, rms=2.392 (1.962%)
023: dt: 0.1250, sse=394886.7, rms=2.096 (12.388%)
rms = 2.0589/2.0958, sse=390244.4/394886.7, time step reduction 3 of 3 to 0.062  0 0 1
024: dt: 0.1250, sse=390244.4, rms=2.059 (1.762%)
  maximum number of reductions reached, breaking from loop
positioning took 2.2 minutes
Iteration 1 =========================================
n_averages=8, current_sigma=1
Computing target border values 
Entering MRIScomputeBorderValues_new(): 
  inside_hi   = 100.5273670;
  border_hi   =  73.2800370;
  border_low  =  51.8401150;
  outside_low =  10.0000000;
  outside_hi  =  67.9200590;
  sigma = 1;
  max_thickness = 10;
  step_size=0.5;
  STEP_SIZE=0.1;
  which = 2
  thresh = 0
  flags = 0
  CBVfindFirstPeakD1=0
  CBVfindFirstPeakD2=0
  nvertices=163007
  Gdiag_no=-1
  vno start=0, stop=163007
Replacing 255s with 0s
#SI# sigma=1 had to be increased for 6259 vertices, nripped=7280
mean border=69.1, 1273 (31) missing vertices, mean dist 0.1 [0.1 (%47.7)->0.4 (%52.3))]
%37 local maxima, %38 large gradients and %19 min vals, 0 gradients ignored
nFirstPeakD1 0
MRIScomputeBorderValues_new() finished in 0.0046 min


Averaging target values for 5 iterations...
Positioning Surface: tspring = 0.3, nspring = 0.3, spring = 0, niters = 100 l_repulse = 0, l_surf_repulse = 5, checktol = 0
Positioning pial surface
Entering MRISpositionSurface()
  max_mm = 0.3
  MAX_REDUCTIONS = 2, REDUCTION_PCT = 0.5
  parms->check_tol = 0, niterations = 100
tol=1.0e-04, sigma=1.0, host=dna06, nav=8, nbrs=2, l_surf_repulse=5.000, l_tspring=0.300, l_nspring=0.300, l_intensity=0.200, l_curv=1.000
mom=0.00, dt=0.50
000: dt: 0.0000, sse=604848.8, rms=3.109
rms = 3.2887/3.1093, sse=640956.9/604848.8, time step reduction 1 of 3 to 0.250  0 1 1
   RMS increased, rejecting step
025: dt: 0.2500, sse=526664.1, rms=2.672 (14.068%)
026: dt: 0.2500, sse=477768.8, rms=2.356 (11.822%)
rms = 2.3216/2.3560, sse=472751.6/477768.8, time step reduction 2 of 3 to 0.125  0 0 1
027: dt: 0.2500, sse=472751.6, rms=2.322 (1.458%)
028: dt: 0.1250, sse=450710.9, rms=2.160 (6.947%)
rms = 2.1273/2.1604, sse=446365.1/450710.9, time step reduction 3 of 3 to 0.062  0 0 1
029: dt: 0.1250, sse=446365.1, rms=2.127 (1.532%)
  maximum number of reductions reached, breaking from loop
positioning took 0.5 minutes
Iteration 2 =========================================
n_averages=4, current_sigma=0.5
Computing target border values 
Entering MRIScomputeBorderValues_new(): 
  inside_hi   = 100.5273670;
  border_hi   =  73.2800370;
  border_low  =  51.8401150;
  outside_low =  10.0000000;
  outside_hi  =  67.9200590;
  sigma = 0.5;
  max_thickness = 10;
  step_size=0.5;
  STEP_SIZE=0.1;
  which = 2
  thresh = 0
  flags = 0
  CBVfindFirstPeakD1=0
  CBVfindFirstPeakD2=0
  nvertices=163007
  Gdiag_no=-1
  vno start=0, stop=163007
Replacing 255s with 0s
#SI# sigma=0.5 had to be increased for 6883 vertices, nripped=7280
mean border=68.3, 1686 (19) missing vertices, mean dist 0.1 [0.1 (%43.9)->0.3 (%56.1))]
%53 local maxima, %22 large gradients and %19 min vals, 0 gradients ignored
nFirstPeakD1 0
MRIScomputeBorderValues_new() finished in 0.0030 min


Averaging target values for 5 iterations...
Positioning Surface: tspring = 0.3, nspring = 0.3, spring = 0, niters = 100 l_repulse = 0, l_surf_repulse = 5, checktol = 0
Positioning pial surface
Entering MRISpositionSurface()
  max_mm = 0.3
  MAX_REDUCTIONS = 2, REDUCTION_PCT = 0.5
  parms->check_tol = 0, niterations = 100
tol=1.0e-04, sigma=0.5, host=dna06, nav=4, nbrs=2, l_surf_repulse=5.000, l_tspring=0.300, l_nspring=0.300, l_intensity=0.200, l_curv=1.000
mom=0.00, dt=0.50
000: dt: 0.0000, sse=527582.5, rms=2.666
rms = 3.1556/2.6664, sse=616103.8/527582.5, time step reduction 1 of 3 to 0.250  0 1 1
   RMS increased, rejecting step
030: dt: 0.2500, sse=466764.1, rms=2.269 (14.923%)
031: dt: 0.2500, sse=448919.1, rms=2.138 (5.758%)
rms = 2.1518/2.1379, sse=450463.3/448919.1, time step reduction 2 of 3 to 0.125  0 1 1
   RMS increased, rejecting step
rms = 2.1073/2.1379, sse=444945.6/448919.1, time step reduction 3 of 3 to 0.062  0 0 1
032: dt: 0.1250, sse=444945.6, rms=2.107 (1.430%)
  maximum number of reductions reached, breaking from loop
positioning took 0.4 minutes
Iteration 3 =========================================
n_averages=2, current_sigma=0.25
Computing target border values 
Entering MRIScomputeBorderValues_new(): 
  inside_hi   = 100.5273670;
  border_hi   =  73.2800370;
  border_low  =  51.8401150;
  outside_low =  10.0000000;
  outside_hi  =  67.9200590;
  sigma = 0.25;
  max_thickness = 10;
  step_size=0.5;
  STEP_SIZE=0.1;
  which = 2
  thresh = 0
  flags = 0
  CBVfindFirstPeakD1=0
  CBVfindFirstPeakD2=0
  nvertices=163007
  Gdiag_no=-1
  vno start=0, stop=163007
Replacing 255s with 0s
#SI# sigma=0.25 had to be increased for 5588 vertices, nripped=7280
mean border=67.8, 3500 (16) missing vertices, mean dist 0.1 [0.1 (%49.2)->0.3 (%50.8))]
%58 local maxima, %17 large gradients and %18 min vals, 0 gradients ignored
nFirstPeakD1 0
MRIScomputeBorderValues_new() finished in 0.0019 min


Averaging target values for 5 iterations...
Positioning Surface: tspring = 0.3, nspring = 0.3, spring = 0, niters = 100 l_repulse = 0, l_surf_repulse = 5, checktol = 0
Positioning pial surface
Entering MRISpositionSurface()
  max_mm = 0.3
  MAX_REDUCTIONS = 2, REDUCTION_PCT = 0.5
  parms->check_tol = 0, niterations = 100
tol=1.0e-04, sigma=0.2, host=dna06, nav=2, nbrs=2, l_surf_repulse=5.000, l_tspring=0.300, l_nspring=0.300, l_intensity=0.200, l_curv=1.000
mom=0.00, dt=0.50
000: dt: 0.0000, sse=467274.2, rms=2.273
rms = 2.7243/2.2725, sse=536568.5/467274.3, time step reduction 1 of 3 to 0.250  0 1 1
   RMS increased, rejecting step
033: dt: 0.2500, sse=441918.4, rms=2.083 (8.322%)
034: dt: 0.2500, sse=432470.9, rms=2.012 (3.435%)
rms = 2.0362/2.0119, sse=435136.8/432470.9, time step reduction 2 of 3 to 0.125  0 1 1
   RMS increased, rejecting step
rms = 1.9828/2.0119, sse=428922.5/432470.9, time step reduction 3 of 3 to 0.062  0 0 1
035: dt: 0.1250, sse=428922.5, rms=1.983 (1.446%)
  maximum number of reductions reached, breaking from loop
positioning took 0.4 minutes
Pinning medial wall to white surface
removing intersecting faces
000: 6 intersecting
step 1 with no progress (num=7, old_num=6)
001: 7 intersecting
step 2 with no progress (num=8, old_num=7)
002: 8 intersecting
terminating search with 0 intersecting


Writing output to ../surf/lh.pial.T1
#ET# mris_place_surface  3.74 minutes
#VMPC# mris_place_surfaces VmPeak  2503896
mris_place_surface done
#@# white curv lh Tue Mar 10 00:00:46 CET 2026
cd /out/sourcedata/freesurfer/sub-v1s2x0051469_ses-1/mri
mris_place_surface --curv-map ../surf/lh.white 2 10 ../surf/lh.curv
insurf  ../surf/lh.white, nbrs 2, curvature_avgs 10
writing curvature file ../surf/lh.curv
#@# white area lh Tue Mar 10 00:00:48 CET 2026
cd /out/sourcedata/freesurfer/sub-v1s2x0051469_ses-1/mri
mris_place_surface --area-map ../surf/lh.white ../surf/lh.area
writing curvature file ../surf/lh.area
#@# pial curv lh Tue Mar 10 00:00:49 CET 2026
cd /out/sourcedata/freesurfer/sub-v1s2x0051469_ses-1/mri
mris_place_surface --curv-map ../surf/lh.pial 2 10 ../surf/lh.curv.pial
insurf  ../surf/lh.pial, nbrs 2, curvature_avgs 10
writing curvature file ../surf/lh.curv.pial
#@# pial area lh Tue Mar 10 00:00:51 CET 2026
cd /out/sourcedata/freesurfer/sub-v1s2x0051469_ses-1/mri
mris_place_surface --area-map ../surf/lh.pial ../surf/lh.area.pial
writing curvature file ../surf/lh.area.pial
#@# thickness lh Tue Mar 10 00:00:52 CET 2026
cd /out/sourcedata/freesurfer/sub-v1s2x0051469_ses-1/mri
mris_place_surface --thickness ../surf/lh.white ../surf/lh.pial 20 5 ../surf/lh.thickness
0 of 163007 vertices processed
25000 of 163007 vertices processed
50000 of 163007 vertices processed
75000 of 163007 vertices processed
100000 of 163007 vertices processed
125000 of 163007 vertices processed
150000 of 163007 vertices processed
0 of 163007 vertices processed
25000 of 163007 vertices processed
50000 of 163007 vertices processed
75000 of 163007 vertices processed
100000 of 163007 vertices processed
125000 of 163007 vertices processed
150000 of 163007 vertices processed
thickness calculation complete, 167:890 truncations.
86873 vertices at 0 distance
142095 vertices at 1 distance
63418 vertices at 2 distance
22068 vertices at 3 distance
7518 vertices at 4 distance
2474 vertices at 5 distance
827 vertices at 6 distance
295 vertices at 7 distance
146 vertices at 8 distance
77 vertices at 9 distance
36 vertices at 10 distance
28 vertices at 11 distance
24 vertices at 12 distance
16 vertices at 13 distance
17 vertices at 14 distance
19 vertices at 15 distance
22 vertices at 16 distance
18 vertices at 17 distance
13 vertices at 18 distance
11 vertices at 19 distance
19 vertices at 20 distance
writing curvature file ../surf/lh.thickness
#@# area and vertex vol lh Tue Mar 10 00:01:30 CET 2026
cd /out/sourcedata/freesurfer/sub-v1s2x0051469_ses-1/mri
mris_place_surface --thickness ../surf/lh.white ../surf/lh.pial 20 5 ../surf/lh.thickness
/out/sourcedata/freesurfer/sub-v1s2x0051469_ses-1/surf
mris_calc -o lh.area.mid lh.area add lh.area.pial
Saving result to 'lh.area.mid' (type = MRI_CURV_FILE)                       [ ok ]
mris_calc -o lh.area.mid lh.area.mid div 2
Saving result to 'lh.area.mid' (type = MRI_CURV_FILE)                       [ ok ]
mris_convert --volume sub-v1s2x0051469_ses-1 lh /out/sourcedata/freesurfer/sub-v1s2x0051469_ses-1/surf/lh.volume
masking with /out/sourcedata/freesurfer/sub-v1s2x0051469_ses-1/label/lh.cortex.label
Total face volume 265092
Total vertex volume 264864 (mask=0)
#@# sub-v1s2x0051469_ses-1 lh 264864
 
vertexvol Done

#-----------------------------------------
#@# Curvature Stats lh Tue Mar 10 00:01:32 CET 2026
/out/sourcedata/freesurfer/sub-v1s2x0051469_ses-1/surf

 mris_curvature_stats -m --writeCurvatureFiles -G -o ../stats/lh.curv.stats -F smoothwm sub-v1s2x0051469_ses-1 lh curv sulc 

             Toggling save flag on curvature files                       [ ok ]
                 Outputting results using filestem   [ ../stats/lh.curv.stats ]
             Toggling save flag on curvature files                       [ ok ]
                                   Setting surface [ sub-v1s2x0051469_ses-1/lh.smoothwm ]
                                Reading surface...                       [ ok ]
                                   Setting texture                     [ curv ]
                                Reading texture...                       [ ok ]
                                   Setting texture                     [ sulc ]
                                Reading texture...Gb_filter = 0
                       [ ok ]
      Calculating Discrete Principal Curvatures...
      Determining geometric order for vno faces... [####################] [ ok ]
                      Determining KH curvatures... [####################] [ ok ]
                    Determining k1k2 curvatures... [####################] [ ok ]
                                   deltaViolations                      [ 291 ]
Gb_filter = 0
#-----------------------------------------
#@# Cortical Parc 2 lh Tue Mar 10 00:01:35 CET 2026
/out/sourcedata/freesurfer/sub-v1s2x0051469_ses-1/scripts

 mris_ca_label -l ../label/lh.cortex.label -aseg ../mri/aseg.presurf.mgz -seed 1234 sub-v1s2x0051469_ses-1 lh ../surf/lh.sphere.reg /opt/freesurfer/average/lh.CDaparc.atlas.acfb40.noaparc.i12.2016-08-02.gcs ../label/lh.aparc.a2009s.annot 

setting seed for random number generator to 1234
using ../mri/aseg.presurf.mgz aseg volume to correct midline
7.3.2
  7.3.2
reading atlas from /opt/freesurfer/average/lh.CDaparc.atlas.acfb40.noaparc.i12.2016-08-02.gcs...
reading color table from GCSA file....
average std = 3.0   using min determinant for regularization = 0.088
0 singular and 0 ill-conditioned covariance matrices regularized
input 0: MEAN CURVATURE, flags 0, avgs 5, name mean_curvature
labeling surface...
7 labels changed using aseg
relabeling using gibbs priors...
000:  10624 changed, 163007 examined...
001:   2557 changed, 41039 examined...
002:    790 changed, 13348 examined...
003:    307 changed, 4510 examined...
004:    123 changed, 1698 examined...
005:     68 changed, 712 examined...
006:     44 changed, 373 examined...
007:     13 changed, 233 examined...
008:      6 changed, 75 examined...
009:      4 changed, 36 examined...
010:      0 changed, 28 examined...
0 labels changed using aseg
000: 250 total segments, 165 labels (2244 vertices) changed
001: 96 total segments, 11 labels (23 vertices) changed
002: 85 total segments, 0 labels (0 vertices) changed
10 filter iterations complete (10 requested, 51 changed)
rationalizing unknown annotations with cortex label
relabeling Medial_wall label...
1354 vertices marked for relabeling...
1354 labels changed in reclassification.
writing output to ../label/lh.aparc.a2009s.annot...
classification took 0 minutes and 17 seconds.
#-----------------------------------------
#@# Cortical Parc 3 lh Tue Mar 10 00:01:52 CET 2026
/out/sourcedata/freesurfer/sub-v1s2x0051469_ses-1/scripts

 mris_ca_label -l ../label/lh.cortex.label -aseg ../mri/aseg.presurf.mgz -seed 1234 sub-v1s2x0051469_ses-1 lh ../surf/lh.sphere.reg /opt/freesurfer/average/lh.DKTaparc.atlas.acfb40.noaparc.i12.2016-08-02.gcs ../label/lh.aparc.DKTatlas.annot 

setting seed for random number generator to 1234
using ../mri/aseg.presurf.mgz aseg volume to correct midline
7.3.2
  7.3.2
reading atlas from /opt/freesurfer/average/lh.DKTaparc.atlas.acfb40.noaparc.i12.2016-08-02.gcs...
reading color table from GCSA file....
average std = 1.4   using min determinant for regularization = 0.020
0 singular and 383 ill-conditioned covariance matrices regularized
input 0: MEAN CURVATURE, flags 0, avgs 5, name mean_curvature
labeling surface...
1646 labels changed using aseg
relabeling using gibbs priors...
000:   2202 changed, 163007 examined...
001:    511 changed, 10326 examined...
002:    170 changed, 2967 examined...
003:     91 changed, 987 examined...
004:     69 changed, 483 examined...
005:     41 changed, 334 examined...
006:     20 changed, 222 examined...
007:     14 changed, 113 examined...
008:     10 changed, 77 examined...
009:      8 changed, 52 examined...
010:      6 changed, 43 examined...
011:      3 changed, 28 examined...
012:      4 changed, 20 examined...
013:      0 changed, 21 examined...
398 labels changed using aseg
000: 53 total segments, 20 labels (168 vertices) changed
001: 33 total segments, 0 labels (0 vertices) changed
10 filter iterations complete (10 requested, 3 changed)
rationalizing unknown annotations with cortex label
relabeling unknown label...
relabeling corpuscallosum label...
920 vertices marked for relabeling...
920 labels changed in reclassification.
writing output to ../label/lh.aparc.DKTatlas.annot...
classification took 0 minutes and 12 seconds.
#-----------------------------------------
#@# WM/GM Contrast lh Tue Mar 10 00:02:04 CET 2026
/out/sourcedata/freesurfer/sub-v1s2x0051469_ses-1/scripts

 pctsurfcon --s sub-v1s2x0051469_ses-1 --lh-only 

Log file is /out/sourcedata/freesurfer/sub-v1s2x0051469_ses-1/scripts/pctsurfcon.log
Tue Mar 10 00:02:04 CET 2026
setenv SUBJECTS_DIR /out/sourcedata/freesurfer
cd /out/sourcedata/freesurfer/sub-v1s2x0051469_ses-1/scripts
/opt/freesurfer/bin/pctsurfcon
pctsurfcon 7.3.2
Linux dna060 5.14.0-427.37.1.el9_4.x86_64 #1 SMP PREEMPT_DYNAMIC Fri Sep 13 12:41:50 EDT 2024 x86_64 x86_64 x86_64 GNU/Linux
FREESURFER_HOME /opt/freesurfer
mri_vol2surf --mov /out/sourcedata/freesurfer/sub-v1s2x0051469_ses-1/mri/rawavg.mgz --hemi lh --noreshape --interp trilinear --projdist -1 --o /out/sourcedata/freesurfer/sub-v1s2x0051469_ses-1/surf/tmp.pctsurfcon.2640354/lh.wm.mgh --regheader sub-v1s2x0051469_ses-1 --cortex
srcvol = /out/sourcedata/freesurfer/sub-v1s2x0051469_ses-1/mri/rawavg.mgz
srcreg unspecified
srcregold = 0
srcwarp unspecified
surf = white
hemi = lh
ProjDist = -1
reshape = 0
interp = trilinear
float2int = round
GetProjMax = 0
INFO: float2int code = 0
Done loading volume
Computing registration from header.
  Using /out/sourcedata/freesurfer/sub-v1s2x0051469_ses-1/mri/orig.mgz as target reference.
-------- original matrix -----------
-1.00000   0.00000   0.00000   0.00000;
 0.00000   0.00000   1.00000   0.00000;
 0.00000  -1.00000   0.00000   0.00000;
 0.00000   0.00000   0.00000   1.00000;
-------- original matrix -----------
Loading label /out/sourcedata/freesurfer/sub-v1s2x0051469_ses-1/label/lh.cortex.label
Reading surface /out/sourcedata/freesurfer/sub-v1s2x0051469_ses-1/surf/lh.white
Done reading source surface
Mapping Source Volume onto Source Subject Surface
Projecting -1 -1 1
 1 -1 -1 -1
using old
Done mapping volume to surface
Number of source voxels hit = 92470
Masking with /out/sourcedata/freesurfer/sub-v1s2x0051469_ses-1/label/lh.cortex.label
Writing to /out/sourcedata/freesurfer/sub-v1s2x0051469_ses-1/surf/tmp.pctsurfcon.2640354/lh.wm.mgh
Dim: 163007 1 1
mri_vol2surf --mov /out/sourcedata/freesurfer/sub-v1s2x0051469_ses-1/mri/rawavg.mgz --hemi lh --noreshape --interp trilinear --o /out/sourcedata/freesurfer/sub-v1s2x0051469_ses-1/surf/tmp.pctsurfcon.2640354/lh.gm.mgh --projfrac 0.3 --regheader sub-v1s2x0051469_ses-1 --cortex
srcvol = /out/sourcedata/freesurfer/sub-v1s2x0051469_ses-1/mri/rawavg.mgz
srcreg unspecified
srcregold = 0
srcwarp unspecified
surf = white
hemi = lh
ProjFrac = 0.3
thickness = thickness
reshape = 0
interp = trilinear
float2int = round
GetProjMax = 0
INFO: float2int code = 0
Done loading volume
Computing registration from header.
  Using /out/sourcedata/freesurfer/sub-v1s2x0051469_ses-1/mri/orig.mgz as target reference.
-------- original matrix -----------
-1.00000   0.00000   0.00000   0.00000;
 0.00000   0.00000   1.00000   0.00000;
 0.00000  -1.00000   0.00000   0.00000;
 0.00000   0.00000   0.00000   1.00000;
-------- original matrix -----------
Loading label /out/sourcedata/freesurfer/sub-v1s2x0051469_ses-1/label/lh.cortex.label
Reading surface /out/sourcedata/freesurfer/sub-v1s2x0051469_ses-1/surf/lh.white
Done reading source surface
Reading thickness /out/sourcedata/freesurfer/sub-v1s2x0051469_ses-1/surf/lh.thickness
Done
Mapping Source Volume onto Source Subject Surface
Projecting 0.3 0.3 1
 1 0.3 0.3 0.3
using old
Done mapping volume to surface
Number of source voxels hit = 108842
Masking with /out/sourcedata/freesurfer/sub-v1s2x0051469_ses-1/label/lh.cortex.label
Writing to /out/sourcedata/freesurfer/sub-v1s2x0051469_ses-1/surf/tmp.pctsurfcon.2640354/lh.gm.mgh
Dim: 163007 1 1
mri_concat /out/sourcedata/freesurfer/sub-v1s2x0051469_ses-1/surf/tmp.pctsurfcon.2640354/lh.wm.mgh /out/sourcedata/freesurfer/sub-v1s2x0051469_ses-1/surf/tmp.pctsurfcon.2640354/lh.gm.mgh --paired-diff-norm --mul 100 --o /out/sourcedata/freesurfer/sub-v1s2x0051469_ses-1/surf/lh.w-g.pct.mgh
ninputs = 2
Checking inputs
nframestot = 2
Allocing output
Done allocing
Combining pairs
nframes = 1
Multiplying by 100.000000
Writing to /out/sourcedata/freesurfer/sub-v1s2x0051469_ses-1/surf/lh.w-g.pct.mgh
mri_segstats --in /out/sourcedata/freesurfer/sub-v1s2x0051469_ses-1/surf/lh.w-g.pct.mgh --annot sub-v1s2x0051469_ses-1 lh aparc --sum /out/sourcedata/freesurfer/sub-v1s2x0051469_ses-1/stats/lh.w-g.pct.stats --snr

7.3.2
cwd 
cmdline mri_segstats --in /out/sourcedata/freesurfer/sub-v1s2x0051469_ses-1/surf/lh.w-g.pct.mgh --annot sub-v1s2x0051469_ses-1 lh aparc --sum /out/sourcedata/freesurfer/sub-v1s2x0051469_ses-1/stats/lh.w-g.pct.stats --snr 
sysname  Linux
hostname dna060
machine  x86_64
user     oesteban
whitesurfname  white
UseRobust  0
Constructing seg from annotation

Reading annotation /out/sourcedata/freesurfer/sub-v1s2x0051469_ses-1/label/lh.aparc.annot
Seg base 1000
Loading /out/sourcedata/freesurfer/sub-v1s2x0051469_ses-1/surf/lh.w-g.pct.mgh
Vertex Area is 0.639888 mm^3
Generating list of segmentation ids
Found  36 segmentations
Computing statistics for each segmentation

Reporting on  35 segmentations
Using PrintSegStat
mri_segstats done
Cleaning up

Started at Mon Mar 9 23:34:59 CET 2026 
Ended   at Tue Mar 10 00:02:08 CET 2026
#@#%# recon-all-run-time-hours 0.452
recon-all -s sub-v1s2x0051469_ses-1 finished without error at Tue Mar 10 00:02:08 CET 2026



#New# invocation of recon-all 




Tue Mar 10 00:36:48 CET 2026
cd /out/sourcedata/freesurfer/sub-v1s2x0051469_ses-1
setenv SUBJECTS_DIR /out/sourcedata/freesurfer
/opt/freesurfer/bin/recon-all -autorecon-hemi lh -nohyporelabel -lh-only -openmp 16 -subjid sub-v1s2x0051469_ses-1 -sd /out/sourcedata/freesurfer -notessellate -nosmooth1 -noinflate1 -noqsphere -nofix -nowhite -nosmooth2 -noinflate2 -nocurvHK -nocurvstats -nosphere -nosurfreg -nojacobian_white -noavgcurv -nocortparc -nopial -nocortparc2 -nocortparc3 -nopctsurfcon

subjid sub-v1s2x0051469_ses-1
setenv SUBJECTS_DIR /out/sourcedata/freesurfer
FREESURFER_HOME /opt/freesurfer
Actual FREESURFER_HOME /opt/freesurfer
build-stamp.txt: freesurfer-linux-ubuntu22_x86_64-7.3.2-20220804-6354275
Linux dna060 5.14.0-427.37.1.el9_4.x86_64 #1 SMP PREEMPT_DYNAMIC Fri Sep 13 12:41:50 EDT 2024 x86_64 x86_64 x86_64 GNU/Linux
cputime      unlimited
filesize     unlimited
datasize     unlimited
stacksize    8192 kbytes
coredumpsize 0 kbytes
memoryuse    67108864 kbytes
vmemoryuse   unlimited
descriptors  1024 
memorylocked unlimited
maxproc      2061970 
maxlocks     unlimited
maxsignal    2061971 
maxmessage   819200 
maxnice      0 
maxrtprio    0 
maxrttime    unlimited

               total        used        free      shared  buff/cache   available
Mem:           503Gi        44Gi       414Gi        10Gi        45Gi       445Gi
Swap:             0B          0B          0B

########################################
program versions used
7.3.2 (freesurfer-linux-ubuntu22_x86_64-7.3.2-20220804-6354275)
7.3.2

ProgramName: lta_convert  ProgramArguments: lta_convert -all-info  ProgramVersion: 7.3.2  TimeStamp: 2026/03/09-23:36:48-GMT  BuildTime: Aug  4 2022 06:17:15  BuildStamp: freesurfer-linux-ubuntu22_x86_64-7.3.2-20220804-6354275  User: oesteban  Machine: dna060  Platform: Linux  PlatformVersion: 5.14.0-427.37.1.el9_4.x86_64  CompilerName: GCC  CompilerVersion: 8.4.0
ProgramName: mri_and  ProgramArguments: mri_and -all-info  ProgramVersion: 7.3.2  TimeStamp: 2026/03/09-23:36:48-GMT  BuildTime: Aug  4 2022 06:17:15  BuildStamp: freesurfer-linux-ubuntu22_x86_64-7.3.2-20220804-6354275  User: oesteban  Machine: dna060  Platform: Linux  PlatformVersion: 5.14.0-427.37.1.el9_4.x86_64  CompilerName: GCC  CompilerVersion: 8.4.0
ProgramName: mri_annotation2label  ProgramArguments: mri_annotation2label -all-info  ProgramVersion: 7.3.2  TimeStamp: 2026/03/09-23:36:48-GMT  BuildTime: Aug  4 2022 06:17:15  BuildStamp: freesurfer-linux-ubuntu22_x86_64-7.3.2-20220804-6354275  User: oesteban  Machine: dna060  Platform: Linux  PlatformVersion: 5.14.0-427.37.1.el9_4.x86_64  CompilerName: GCC  CompilerVersion: 8.4.0
ProgramName: mri_aparc2aseg  ProgramArguments: mri_aparc2aseg -all-info  ProgramVersion: 7.3.2  TimeStamp: 2026/03/09-23:36:48-GMT  BuildTime: Aug  4 2022 06:17:15  BuildStamp: freesurfer-linux-ubuntu22_x86_64-7.3.2-20220804-6354275  User: oesteban  Machine: dna060  Platform: Linux  PlatformVersion: 5.14.0-427.37.1.el9_4.x86_64  CompilerName: GCC  CompilerVersion: 8.4.0
ProgramName: mri_surf2volseg  ProgramArguments: mri_surf2volseg -all-info  ProgramVersion: 7.3.2  TimeStamp: 2026/03/09-23:36:48-GMT  BuildTime: Aug  4 2022 06:17:15  BuildStamp: freesurfer-linux-ubuntu22_x86_64-7.3.2-20220804-6354275  User: oesteban  Machine: dna060  Platform: Linux  PlatformVersion: 5.14.0-427.37.1.el9_4.x86_64  CompilerName: GCC  CompilerVersion: 8.4.0
ProgramName: mri_binarize  ProgramArguments: mri_binarize -all-info  ProgramVersion: 7.3.2  TimeStamp: 2026/03/09-23:36:48-GMT  BuildTime: Aug  4 2022 06:17:15  BuildStamp: freesurfer-linux-ubuntu22_x86_64-7.3.2-20220804-6354275  User: oesteban  Machine: dna060  Platform: Linux  PlatformVersion: 5.14.0-427.37.1.el9_4.x86_64  CompilerName: GCC  CompilerVersion: 8.4.0
ProgramName: mri_ca_label  ProgramArguments: mri_ca_label -all-info  ProgramVersion: 7.3.2  TimeStamp: 2026/03/09-23:36:48-GMT  BuildTime: Aug  4 2022 06:17:15  BuildStamp: freesurfer-linux-ubuntu22_x86_64-7.3.2-20220804-6354275  User: oesteban  Machine: dna060  Platform: Linux  PlatformVersion: 5.14.0-427.37.1.el9_4.x86_64  CompilerName: GCC  CompilerVersion: 8.4.0
ProgramName: mri_ca_normalize  ProgramArguments: mri_ca_normalize -all-info  ProgramVersion: 7.3.2  TimeStamp: 2026/03/09-23:36:48-GMT  BuildTime: Aug  4 2022 06:17:15  BuildStamp: freesurfer-linux-ubuntu22_x86_64-7.3.2-20220804-6354275  User: oesteban  Machine: dna060  Platform: Linux  PlatformVersion: 5.14.0-427.37.1.el9_4.x86_64  CompilerName: GCC  CompilerVersion: 8.4.0
ProgramName: mri_ca_register  ProgramArguments: mri_ca_register -all-info  ProgramVersion: 7.3.2  TimeStamp: 2026/03/09-23:36:48-GMT  BuildTime: Aug  4 2022 06:17:15  BuildStamp: freesurfer-linux-ubuntu22_x86_64-7.3.2-20220804-6354275  User: oesteban  Machine: dna060  Platform: Linux  PlatformVersion: 5.14.0-427.37.1.el9_4.x86_64  CompilerName: GCC  CompilerVersion: 8.4.0
ProgramName: mri_cc  ProgramArguments: mri_cc -all-info  ProgramVersion: 7.3.2  TimeStamp: 2026/03/09-23:36:48-GMT  BuildTime: Aug  4 2022 06:17:15  BuildStamp: freesurfer-linux-ubuntu22_x86_64-7.3.2-20220804-6354275  User: oesteban  Machine: dna060  Platform: Linux  PlatformVersion: 5.14.0-427.37.1.el9_4.x86_64  CompilerName: GCC  CompilerVersion: 8.4.0
ProgramName: mri_compute_overlap  ProgramArguments: mri_compute_overlap -all-info  ProgramVersion: 7.3.2  TimeStamp: 2026/03/09-23:36:48-GMT  BuildTime: Aug  4 2022 06:17:15  BuildStamp: freesurfer-linux-ubuntu22_x86_64-7.3.2-20220804-6354275  User: oesteban  Machine: dna060  Platform: Linux  PlatformVersion: 5.14.0-427.37.1.el9_4.x86_64  CompilerName: GCC  CompilerVersion: 8.4.0
ProgramName: mri_compute_seg_overlap  ProgramArguments: mri_compute_seg_overlap -all-info  ProgramVersion: 7.3.2  TimeStamp: 2026/03/09-23:36:48-GMT  BuildTime: Aug  4 2022 06:17:15  BuildStamp: freesurfer-linux-ubuntu22_x86_64-7.3.2-20220804-6354275  User: oesteban  Machine: dna060  Platform: Linux  PlatformVersion: 5.14.0-427.37.1.el9_4.x86_64  CompilerName: GCC  CompilerVersion: 8.4.0
ProgramName: mri_concat  ProgramArguments: mri_concat -all-info  ProgramVersion: 7.3.2  TimeStamp: 2026/03/09-23:36:48-GMT  BuildTime: Aug  4 2022 06:17:15  BuildStamp: freesurfer-linux-ubuntu22_x86_64-7.3.2-20220804-6354275  User: oesteban  Machine: dna060  Platform: Linux  PlatformVersion: 5.14.0-427.37.1.el9_4.x86_64  CompilerName: GCC  CompilerVersion: 8.4.0
ProgramName: mri_concatenate_lta  ProgramArguments: mri_concatenate_lta -all-info  ProgramVersion: 7.3.2  TimeStamp: 2026/03/09-23:36:48-GMT  BuildTime: Aug  4 2022 06:17:15  BuildStamp: freesurfer-linux-ubuntu22_x86_64-7.3.2-20220804-6354275  User: oesteban  Machine: dna060  Platform: Linux  PlatformVersion: 5.14.0-427.37.1.el9_4.x86_64  CompilerName: GCC  CompilerVersion: 8.4.0
mri_convert -all-info 
ProgramName: mri_convert  ProgramArguments: mri_convert -all-info  ProgramVersion: 7.3.2  TimeStamp: 2026/03/09-23:36:48-GMT  BuildTime: Aug  4 2022 06:17:15  BuildStamp: freesurfer-linux-ubuntu22_x86_64-7.3.2-20220804-6354275  User: oesteban  Machine: dna060  Platform: Linux  PlatformVersion: 5.14.0-427.37.1.el9_4.x86_64  CompilerName: GCC  CompilerVersion: 8.4.0
ProgramName: mri_diff  ProgramArguments: mri_diff -all-info  ProgramVersion: 7.3.2  TimeStamp: 2026/03/09-23:36:48-GMT  BuildTime: Aug  4 2022 06:17:15  BuildStamp: freesurfer-linux-ubuntu22_x86_64-7.3.2-20220804-6354275  User: oesteban  Machine: dna060  Platform: Linux  PlatformVersion: 5.14.0-427.37.1.el9_4.x86_64  CompilerName: GCC  CompilerVersion: 8.4.0
ProgramName: mri_edit_wm_with_aseg  ProgramArguments: mri_edit_wm_with_aseg -all-info  ProgramVersion: 7.3.2  TimeStamp: 2026/03/09-23:36:48-GMT  BuildTime: Aug  4 2022 06:17:15  BuildStamp: freesurfer-linux-ubuntu22_x86_64-7.3.2-20220804-6354275  User: oesteban  Machine: dna060  Platform: Linux  PlatformVersion: 5.14.0-427.37.1.el9_4.x86_64  CompilerName: GCC  CompilerVersion: 8.4.0
ProgramName: mri_em_register  ProgramArguments: mri_em_register -all-info  ProgramVersion: 7.3.2  TimeStamp: 2026/03/09-23:36:48-GMT  BuildTime: Aug  4 2022 06:17:15  BuildStamp: freesurfer-linux-ubuntu22_x86_64-7.3.2-20220804-6354275  User: oesteban  Machine: dna060  Platform: Linux  PlatformVersion: 5.14.0-427.37.1.el9_4.x86_64  CompilerName: GCC  CompilerVersion: 8.4.0
ProgramName: mri_fill  ProgramArguments: mri_fill -all-info  ProgramVersion: 7.3.2  TimeStamp: 2026/03/09-23:36:48-GMT  BuildTime: Aug  4 2022 06:17:15  BuildStamp: freesurfer-linux-ubuntu22_x86_64-7.3.2-20220804-6354275  User: oesteban  Machine: dna060  Platform: Linux  PlatformVersion: 5.14.0-427.37.1.el9_4.x86_64  CompilerName: GCC  CompilerVersion: 8.4.0
ProgramName: mri_fuse_segmentations  ProgramArguments: mri_fuse_segmentations -all-info  ProgramVersion: 7.3.2  TimeStamp: 2026/03/09-23:36:48-GMT  BuildTime: Aug  4 2022 06:17:15  BuildStamp: freesurfer-linux-ubuntu22_x86_64-7.3.2-20220804-6354275  User: oesteban  Machine: dna060  Platform: Linux  PlatformVersion: 5.14.0-427.37.1.el9_4.x86_64  CompilerName: GCC  CompilerVersion: 8.4.0
ProgramName: mri_fwhm  ProgramArguments: mri_fwhm -all-info  ProgramVersion: 7.3.2  TimeStamp: 2026/03/09-23:36:48-GMT  BuildTime: Aug  4 2022 06:17:15  BuildStamp: freesurfer-linux-ubuntu22_x86_64-7.3.2-20220804-6354275  User: oesteban  Machine: dna060  Platform: Linux  PlatformVersion: 5.14.0-427.37.1.el9_4.x86_64  CompilerName: GCC  CompilerVersion: 8.4.0
ProgramName: mri_gcut  ProgramArguments: mri_gcut -all-info  ProgramVersion: 7.3.2  TimeStamp: 2026/03/09-23:36:48-GMT  BuildTime: Aug  4 2022 06:17:15  BuildStamp: freesurfer-linux-ubuntu22_x86_64-7.3.2-20220804-6354275  User: oesteban  Machine: dna060  Platform: Linux  PlatformVersion: 5.14.0-427.37.1.el9_4.x86_64  CompilerName: GCC  CompilerVersion: 8.4.0
ProgramName: mri_info  ProgramArguments: mri_info -all-info  ProgramVersion: 7.3.2  TimeStamp: 2026/03/09-23:36:48-GMT  BuildTime: Aug  4 2022 06:17:15  BuildStamp: freesurfer-linux-ubuntu22_x86_64-7.3.2-20220804-6354275  User: oesteban  Machine: dna060  Platform: Linux  PlatformVersion: 5.14.0-427.37.1.el9_4.x86_64  CompilerName: GCC  CompilerVersion: 8.4.0
ProgramName: mri_label2label  ProgramArguments: mri_label2label -all-info  ProgramVersion: 7.3.2  TimeStamp: 2026/03/09-23:36:48-GMT  BuildTime: Aug  4 2022 06:17:15  BuildStamp: freesurfer-linux-ubuntu22_x86_64-7.3.2-20220804-6354275  User: oesteban  Machine: dna060  Platform: Linux  PlatformVersion: 5.14.0-427.37.1.el9_4.x86_64  CompilerName: GCC  CompilerVersion: 8.4.0
ProgramName: mri_label2vol  ProgramArguments: mri_label2vol -all-info  ProgramVersion: 7.3.2  TimeStamp: 2026/03/09-23:36:48-GMT  BuildTime: Aug  4 2022 06:17:15  BuildStamp: freesurfer-linux-ubuntu22_x86_64-7.3.2-20220804-6354275  User: oesteban  Machine: dna060  Platform: Linux  PlatformVersion: 5.14.0-427.37.1.el9_4.x86_64  CompilerName: GCC  CompilerVersion: 8.4.0
ProgramName: mri_log_likelihood  ProgramArguments: mri_log_likelihood -all-info  ProgramVersion: 7.3.2  TimeStamp: 2026/03/09-23:36:48-GMT  BuildTime: Aug  4 2022 06:17:15  BuildStamp: freesurfer-linux-ubuntu22_x86_64-7.3.2-20220804-6354275  User: oesteban  Machine: dna060  Platform: Linux  PlatformVersion: 5.14.0-427.37.1.el9_4.x86_64  CompilerName: GCC  CompilerVersion: 8.4.0
ProgramName: mri_mask  ProgramArguments: mri_mask -all-info  ProgramVersion: 7.3.2  TimeStamp: 2026/03/09-23:36:48-GMT  BuildTime: Aug  4 2022 06:17:15  BuildStamp: freesurfer-linux-ubuntu22_x86_64-7.3.2-20220804-6354275  User: oesteban  Machine: dna060  Platform: Linux  PlatformVersion: 5.14.0-427.37.1.el9_4.x86_64  CompilerName: GCC  CompilerVersion: 8.4.0
ProgramName: mri_matrix_multiply  ProgramArguments: mri_matrix_multiply -all-info  ProgramVersion: 7.3.2  TimeStamp: 2026/03/09-23:36:48-GMT  BuildTime: Aug  4 2022 06:17:15  BuildStamp: freesurfer-linux-ubuntu22_x86_64-7.3.2-20220804-6354275  User: oesteban  Machine: dna060  Platform: Linux  PlatformVersion: 5.14.0-427.37.1.el9_4.x86_64  CompilerName: GCC  CompilerVersion: 8.4.0
ProgramName: mri_normalize  ProgramArguments: mri_normalize -all-info  ProgramVersion: 7.3.2  TimeStamp: 2026/03/09-23:36:48-GMT  BuildTime: Aug  4 2022 06:17:15  BuildStamp: freesurfer-linux-ubuntu22_x86_64-7.3.2-20220804-6354275  User: oesteban  Machine: dna060  Platform: Linux  PlatformVersion: 5.14.0-427.37.1.el9_4.x86_64  CompilerName: GCC  CompilerVersion: 8.4.0
ProgramName: mri_normalize_tp2  ProgramArguments: mri_normalize_tp2 -all-info  ProgramVersion: 7.3.2  TimeStamp: 2026/03/09-23:36:48-GMT  BuildTime: Aug  4 2022 06:17:15  BuildStamp: freesurfer-linux-ubuntu22_x86_64-7.3.2-20220804-6354275  User: oesteban  Machine: dna060  Platform: Linux  PlatformVersion: 5.14.0-427.37.1.el9_4.x86_64  CompilerName: GCC  CompilerVersion: 8.4.0
ProgramName: mri_or  ProgramArguments: mri_or -all-info  ProgramVersion: 7.3.2  TimeStamp: 2026/03/09-23:36:48-GMT  BuildTime: Aug  4 2022 06:17:15  BuildStamp: freesurfer-linux-ubuntu22_x86_64-7.3.2-20220804-6354275  User: oesteban  Machine: dna060  Platform: Linux  PlatformVersion: 5.14.0-427.37.1.el9_4.x86_64  CompilerName: GCC  CompilerVersion: 8.4.0
ProgramName: mri_relabel_hypointensities  ProgramArguments: mri_relabel_hypointensities -all-info  ProgramVersion: 7.3.2  TimeStamp: 2026/03/09-23:36:48-GMT  BuildTime: Aug  4 2022 06:17:15  BuildStamp: freesurfer-linux-ubuntu22_x86_64-7.3.2-20220804-6354275  User: oesteban  Machine: dna060  Platform: Linux  PlatformVersion: 5.14.0-427.37.1.el9_4.x86_64  CompilerName: GCC  CompilerVersion: 8.4.0
ProgramName: mri_relabel_nonwm_hypos  ProgramArguments: mri_relabel_nonwm_hypos -all-info  ProgramVersion: 7.3.2  TimeStamp: 2026/03/09-23:36:48-GMT  BuildTime: Aug  4 2022 06:17:15  BuildStamp: freesurfer-linux-ubuntu22_x86_64-7.3.2-20220804-6354275  User: oesteban  Machine: dna060  Platform: Linux  PlatformVersion: 5.14.0-427.37.1.el9_4.x86_64  CompilerName: GCC  CompilerVersion: 8.4.0
ProgramName: mri_remove_neck  ProgramArguments: mri_remove_neck -all-info  ProgramVersion: 7.3.2  TimeStamp: 2026/03/09-23:36:48-GMT  BuildTime: Aug  4 2022 06:17:15  BuildStamp: freesurfer-linux-ubuntu22_x86_64-7.3.2-20220804-6354275  User: oesteban  Machine: dna060  Platform: Linux  PlatformVersion: 5.14.0-427.37.1.el9_4.x86_64  CompilerName: GCC  CompilerVersion: 8.4.0
7.3.2

ProgramName: mri_robust_register  ProgramArguments: mri_robust_register -all-info  ProgramVersion: 7.3.2  TimeStamp: 2026/03/09-23:36:48-GMT  BuildTime: Aug  4 2022 06:17:15  BuildStamp: freesurfer-linux-ubuntu22_x86_64-7.3.2-20220804-6354275  User: oesteban  Machine: dna060  Platform: Linux  PlatformVersion: 5.14.0-427.37.1.el9_4.x86_64  CompilerName: GCC  CompilerVersion: 8.4.0
7.3.2

ProgramName: mri_robust_template  ProgramArguments: mri_robust_template -all-info  ProgramVersion: 7.3.2  TimeStamp: 2026/03/09-23:36:48-GMT  BuildTime: Aug  4 2022 06:17:15  BuildStamp: freesurfer-linux-ubuntu22_x86_64-7.3.2-20220804-6354275  User: oesteban  Machine: dna060  Platform: Linux  PlatformVersion: 5.14.0-427.37.1.el9_4.x86_64  CompilerName: GCC  CompilerVersion: 8.4.0
ProgramName: mris_anatomical_stats  ProgramArguments: mris_anatomical_stats -all-info  ProgramVersion: 7.3.2  TimeStamp: 2026/03/09-23:36:48-GMT  BuildTime: Aug  4 2022 06:17:15  BuildStamp: freesurfer-linux-ubuntu22_x86_64-7.3.2-20220804-6354275  User: oesteban  Machine: dna060  Platform: Linux  PlatformVersion: 5.14.0-427.37.1.el9_4.x86_64  CompilerName: GCC  CompilerVersion: 8.4.0
ProgramName: mris_ca_label  ProgramArguments: mris_ca_label -all-info  ProgramVersion: 7.3.2  TimeStamp: 2026/03/09-23:36:48-GMT  BuildTime: Aug  4 2022 06:17:15  BuildStamp: freesurfer-linux-ubuntu22_x86_64-7.3.2-20220804-6354275  User: oesteban  Machine: dna060  Platform: Linux  PlatformVersion: 5.14.0-427.37.1.el9_4.x86_64  CompilerName: GCC  CompilerVersion: 8.4.0
ProgramName: mris_calc  ProgramArguments: mris_calc -all-info  ProgramVersion: 7.3.2  TimeStamp: 2026/03/09-23:36:48-GMT  BuildTime: Aug  4 2022 06:17:15  BuildStamp: freesurfer-linux-ubuntu22_x86_64-7.3.2-20220804-6354275  User: oesteban  Machine: dna060  Platform: Linux  PlatformVersion: 5.14.0-427.37.1.el9_4.x86_64  CompilerName: GCC  CompilerVersion: 8.4.0
ProgramName: mris_convert  ProgramArguments: mris_convert -all-info  ProgramVersion: 7.3.2  TimeStamp: 2026/03/09-23:36:48-GMT  BuildTime: Aug  4 2022 06:17:15  BuildStamp: freesurfer-linux-ubuntu22_x86_64-7.3.2-20220804-6354275  User: oesteban  Machine: dna060  Platform: Linux  PlatformVersion: 5.14.0-427.37.1.el9_4.x86_64  CompilerName: GCC  CompilerVersion: 8.4.0
ProgramName: mris_curvature  ProgramArguments: mris_curvature -all-info  ProgramVersion: 7.3.2  TimeStamp: 2026/03/09-23:36:48-GMT  BuildTime: Aug  4 2022 06:17:15  BuildStamp: freesurfer-linux-ubuntu22_x86_64-7.3.2-20220804-6354275  User: oesteban  Machine: dna060  Platform: Linux  PlatformVersion: 5.14.0-427.37.1.el9_4.x86_64  CompilerName: GCC  CompilerVersion: 8.4.0
ProgramName: mris_curvature_stats  ProgramArguments: mris_curvature_stats -all-info  ProgramVersion: 7.3.2  TimeStamp: 2026/03/09-23:36:48-GMT  BuildTime: Aug  4 2022 06:17:15  BuildStamp: freesurfer-linux-ubuntu22_x86_64-7.3.2-20220804-6354275  User: oesteban  Machine: dna060  Platform: Linux  PlatformVersion: 5.14.0-427.37.1.el9_4.x86_64  CompilerName: GCC  CompilerVersion: 8.4.0
ProgramName: mris_diff  ProgramArguments: mris_diff -all-info  ProgramVersion: 7.3.2  TimeStamp: 2026/03/09-23:36:48-GMT  BuildTime: Aug  4 2022 06:17:15  BuildStamp: freesurfer-linux-ubuntu22_x86_64-7.3.2-20220804-6354275  User: oesteban  Machine: dna060  Platform: Linux  PlatformVersion: 5.14.0-427.37.1.el9_4.x86_64  CompilerName: GCC  CompilerVersion: 8.4.0
ProgramName: mris_divide_parcellation  ProgramArguments: mris_divide_parcellation -all-info  ProgramVersion: 7.3.2  TimeStamp: 2026/03/09-23:36:48-GMT  BuildTime: Aug  4 2022 06:17:15  BuildStamp: freesurfer-linux-ubuntu22_x86_64-7.3.2-20220804-6354275  User: oesteban  Machine: dna060  Platform: Linux  PlatformVersion: 5.14.0-427.37.1.el9_4.x86_64  CompilerName: GCC  CompilerVersion: 8.4.0
ProgramName: mri_segment  ProgramArguments: mri_segment -all-info  ProgramVersion: 7.3.2  TimeStamp: 2026/03/09-23:36:48-GMT  BuildTime: Aug  4 2022 06:17:15  BuildStamp: freesurfer-linux-ubuntu22_x86_64-7.3.2-20220804-6354275  User: oesteban  Machine: dna060  Platform: Linux  PlatformVersion: 5.14.0-427.37.1.el9_4.x86_64  CompilerName: GCC  CompilerVersion: 8.4.0
ProgramName: mri_segstats  ProgramArguments: mri_segstats -all-info  ProgramVersion: 7.3.2  TimeStamp: 2026/03/09-23:36:48-GMT  BuildTime: Aug  4 2022 06:17:15  BuildStamp: freesurfer-linux-ubuntu22_x86_64-7.3.2-20220804-6354275  User: oesteban  Machine: dna060  Platform: Linux  PlatformVersion: 5.14.0-427.37.1.el9_4.x86_64  CompilerName: GCC  CompilerVersion: 8.4.0
ProgramName: mris_euler_number  ProgramArguments: mris_euler_number -all-info  ProgramVersion: 7.3.2  TimeStamp: 2026/03/09-23:36:48-GMT  BuildTime: Aug  4 2022 06:17:15  BuildStamp: freesurfer-linux-ubuntu22_x86_64-7.3.2-20220804-6354275  User: oesteban  Machine: dna060  Platform: Linux  PlatformVersion: 5.14.0-427.37.1.el9_4.x86_64  CompilerName: GCC  CompilerVersion: 8.4.0
ProgramName: mris_fix_topology  ProgramArguments: mris_fix_topology -all-info  ProgramVersion: 7.3.2  TimeStamp: 2026/03/09-23:36:48-GMT  BuildTime: Aug  4 2022 06:17:15  BuildStamp: freesurfer-linux-ubuntu22_x86_64-7.3.2-20220804-6354275  User: oesteban  Machine: dna060  Platform: Linux  PlatformVersion: 5.14.0-427.37.1.el9_4.x86_64  CompilerName: GCC  CompilerVersion: 8.4.0
ProgramName: mris_topo_fixer  ProgramArguments: mris_topo_fixer -all-info  ProgramVersion: 7.3.2  TimeStamp: 2026/03/09-23:36:48-GMT  BuildTime: Aug  4 2022 06:17:15  BuildStamp: freesurfer-linux-ubuntu22_x86_64-7.3.2-20220804-6354275  User: oesteban  Machine: dna060  Platform: Linux  PlatformVersion: 5.14.0-427.37.1.el9_4.x86_64  CompilerName: GCC  CompilerVersion: 8.4.0
ProgramName: mris_jacobian  ProgramArguments: mris_jacobian -all-info  ProgramVersion: 7.3.2  TimeStamp: 2026/03/09-23:36:48-GMT  BuildTime: Aug  4 2022 06:17:15  BuildStamp: freesurfer-linux-ubuntu22_x86_64-7.3.2-20220804-6354275  User: oesteban  Machine: dna060  Platform: Linux  PlatformVersion: 5.14.0-427.37.1.el9_4.x86_64  CompilerName: GCC  CompilerVersion: 8.4.0
ProgramName: mris_label2annot  ProgramArguments: mris_label2annot -all-info  ProgramVersion: 7.3.2  TimeStamp: 2026/03/09-23:36:48-GMT  BuildTime: Aug  4 2022 06:17:15  BuildStamp: freesurfer-linux-ubuntu22_x86_64-7.3.2-20220804-6354275  User: oesteban  Machine: dna060  Platform: Linux  PlatformVersion: 5.14.0-427.37.1.el9_4.x86_64  CompilerName: GCC  CompilerVersion: 8.4.0
ProgramName: mris_left_right_register  ProgramArguments: mris_left_right_register -all-info  ProgramVersion: 7.3.2  TimeStamp: 2026/03/09-23:36:48-GMT  BuildTime: Aug  4 2022 06:17:15  BuildStamp: freesurfer-linux-ubuntu22_x86_64-7.3.2-20220804-6354275  User: oesteban  Machine: dna060  Platform: Linux  PlatformVersion: 5.14.0-427.37.1.el9_4.x86_64  CompilerName: GCC  CompilerVersion: 8.4.0
ProgramName: mris_place_surface  ProgramArguments: mris_place_surface -all-info  ProgramVersion: 7.3.2  TimeStamp: 2026/03/09-23:36:48-GMT  BuildTime: Aug  4 2022 06:17:15  BuildStamp: freesurfer-linux-ubuntu22_x86_64-7.3.2-20220804-6354275  User: oesteban  Machine: dna060  Platform: Linux  PlatformVersion: 5.14.0-427.37.1.el9_4.x86_64  CompilerName: GCC  CompilerVersion: 8.4.0
ProgramName: mrisp_paint  ProgramArguments: mrisp_paint -all-info  ProgramVersion: 7.3.2  TimeStamp: 2026/03/09-23:36:48-GMT  BuildTime: Aug  4 2022 06:17:15  BuildStamp: freesurfer-linux-ubuntu22_x86_64-7.3.2-20220804-6354275  User: oesteban  Machine: dna060  Platform: Linux  PlatformVersion: 5.14.0-427.37.1.el9_4.x86_64  CompilerName: GCC  CompilerVersion: 8.4.0
ProgramName: mris_register  ProgramArguments: mris_register -all-info  ProgramVersion: 7.3.2  TimeStamp: 2026/03/09-23:36:48-GMT  BuildTime: Aug  4 2022 06:17:15  BuildStamp: freesurfer-linux-ubuntu22_x86_64-7.3.2-20220804-6354275  User: oesteban  Machine: dna060  Platform: Linux  PlatformVersion: 5.14.0-427.37.1.el9_4.x86_64  CompilerName: GCC  CompilerVersion: 8.4.0
ProgramName: mris_smooth  ProgramArguments: mris_smooth -all-info  ProgramVersion: 7.3.2  TimeStamp: 2026/03/09-23:36:48-GMT  BuildTime: Aug  4 2022 06:17:15  BuildStamp: freesurfer-linux-ubuntu22_x86_64-7.3.2-20220804-6354275  User: oesteban  Machine: dna060  Platform: Linux  PlatformVersion: 5.14.0-427.37.1.el9_4.x86_64  CompilerName: GCC  CompilerVersion: 8.4.0
ProgramName: mris_sphere  ProgramArguments: mris_sphere -all-info  ProgramVersion: 7.3.2  TimeStamp: 2026/03/09-23:36:48-GMT  BuildTime: Aug  4 2022 06:17:15  BuildStamp: freesurfer-linux-ubuntu22_x86_64-7.3.2-20220804-6354275  User: oesteban  Machine: dna060  Platform: Linux  PlatformVersion: 5.14.0-427.37.1.el9_4.x86_64  CompilerName: GCC  CompilerVersion: 8.4.0
ProgramName: mris_surface_stats  ProgramArguments: mris_surface_stats -all-info  ProgramVersion: 7.3.2  TimeStamp: 2026/03/09-23:36:48-GMT  BuildTime: Aug  4 2022 06:17:15  BuildStamp: freesurfer-linux-ubuntu22_x86_64-7.3.2-20220804-6354275  User: oesteban  Machine: dna060  Platform: Linux  PlatformVersion: 5.14.0-427.37.1.el9_4.x86_64  CompilerName: GCC  CompilerVersion: 8.4.0
ProgramName: mri_stats2seg  ProgramArguments: mri_stats2seg -all-info  ProgramVersion: 7.3.2  TimeStamp: 2026/03/09-23:36:48-GMT  BuildTime: Aug  4 2022 06:17:15  BuildStamp: freesurfer-linux-ubuntu22_x86_64-7.3.2-20220804-6354275  User: oesteban  Machine: dna060  Platform: Linux  PlatformVersion: 5.14.0-427.37.1.el9_4.x86_64  CompilerName: GCC  CompilerVersion: 8.4.0
ProgramName: mris_thickness  ProgramArguments: mris_thickness -all-info  ProgramVersion: 7.3.2  TimeStamp: 2026/03/09-23:36:48-GMT  BuildTime: Aug  4 2022 06:17:15  BuildStamp: freesurfer-linux-ubuntu22_x86_64-7.3.2-20220804-6354275  User: oesteban  Machine: dna060  Platform: Linux  PlatformVersion: 5.14.0-427.37.1.el9_4.x86_64  CompilerName: GCC  CompilerVersion: 8.4.0
ProgramName: mris_thickness_diff  ProgramArguments: mris_thickness_diff -all-info  ProgramVersion: 7.3.2  TimeStamp: 2026/03/09-23:36:48-GMT  BuildTime: Aug  4 2022 06:17:15  BuildStamp: freesurfer-linux-ubuntu22_x86_64-7.3.2-20220804-6354275  User: oesteban  Machine: dna060  Platform: Linux  PlatformVersion: 5.14.0-427.37.1.el9_4.x86_64  CompilerName: GCC  CompilerVersion: 8.4.0
ProgramName: mris_topo_fixer  ProgramArguments: mris_topo_fixer -all-info  ProgramVersion: 7.3.2  TimeStamp: 2026/03/09-23:36:48-GMT  BuildTime: Aug  4 2022 06:17:15  BuildStamp: freesurfer-linux-ubuntu22_x86_64-7.3.2-20220804-6354275  User: oesteban  Machine: dna060  Platform: Linux  PlatformVersion: 5.14.0-427.37.1.el9_4.x86_64  CompilerName: GCC  CompilerVersion: 8.4.0
ProgramName: mri_surf2surf  ProgramArguments: mri_surf2surf -all-info  ProgramVersion: 7.3.2  TimeStamp: 2026/03/09-23:36:48-GMT  BuildTime: Aug  4 2022 06:17:15  BuildStamp: freesurfer-linux-ubuntu22_x86_64-7.3.2-20220804-6354275  User: oesteban  Machine: dna060  Platform: Linux  PlatformVersion: 5.14.0-427.37.1.el9_4.x86_64  CompilerName: GCC  CompilerVersion: 8.4.0
ProgramName: mri_surf2vol  ProgramArguments: mri_surf2vol -all-info  ProgramVersion: 7.3.2  TimeStamp: 2026/03/09-23:36:48-GMT  BuildTime: Aug  4 2022 06:17:15  BuildStamp: freesurfer-linux-ubuntu22_x86_64-7.3.2-20220804-6354275  User: oesteban  Machine: dna060  Platform: Linux  PlatformVersion: 5.14.0-427.37.1.el9_4.x86_64  CompilerName: GCC  CompilerVersion: 8.4.0
ProgramName: mri_surfcluster  ProgramArguments: mri_surfcluster -all-info  ProgramVersion: 7.3.2  TimeStamp: 2026/03/09-23:36:48-GMT  BuildTime: Aug  4 2022 06:17:15  BuildStamp: freesurfer-linux-ubuntu22_x86_64-7.3.2-20220804-6354275  User: oesteban  Machine: dna060  Platform: Linux  PlatformVersion: 5.14.0-427.37.1.el9_4.x86_64  CompilerName: GCC  CompilerVersion: 8.4.0
ProgramName: mris_volmask  ProgramArguments: mris_volmask -all-info  ProgramVersion: 7.3.2  TimeStamp: 2026/03/09-23:36:48-GMT  BuildTime: Aug  4 2022 06:17:15  BuildStamp: freesurfer-linux-ubuntu22_x86_64-7.3.2-20220804-6354275  User: oesteban  Machine: dna060  Platform: Linux  PlatformVersion: 5.14.0-427.37.1.el9_4.x86_64  CompilerName: GCC  CompilerVersion: 8.4.0
ProgramName: mri_tessellate  ProgramArguments: mri_tessellate -all-info  ProgramVersion: 7.3.2  TimeStamp: 2026/03/09-23:36:48-GMT  BuildTime: Aug  4 2022 06:17:15  BuildStamp: freesurfer-linux-ubuntu22_x86_64-7.3.2-20220804-6354275  User: oesteban  Machine: dna060  Platform: Linux  PlatformVersion: 5.14.0-427.37.1.el9_4.x86_64  CompilerName: GCC  CompilerVersion: 8.4.0
ProgramName: mri_vol2surf  ProgramArguments: mri_vol2surf -all-info  ProgramVersion: 7.3.2  TimeStamp: 2026/03/09-23:36:48-GMT  BuildTime: Aug  4 2022 06:17:15  BuildStamp: freesurfer-linux-ubuntu22_x86_64-7.3.2-20220804-6354275  User: oesteban  Machine: dna060  Platform: Linux  PlatformVersion: 5.14.0-427.37.1.el9_4.x86_64  CompilerName: GCC  CompilerVersion: 8.4.0
ProgramName: mri_vol2vol  ProgramArguments: mri_vol2vol -all-info  ProgramVersion: 7.3.2  TimeStamp: 2026/03/09-23:36:48-GMT  BuildTime: Aug  4 2022 06:17:15  BuildStamp: freesurfer-linux-ubuntu22_x86_64-7.3.2-20220804-6354275  User: oesteban  Machine: dna060  Platform: Linux  PlatformVersion: 5.14.0-427.37.1.el9_4.x86_64  CompilerName: GCC  CompilerVersion: 8.4.0
ProgramName: mri_voldiff  ProgramArguments: mri_voldiff -all-info  ProgramVersion: 7.3.2  TimeStamp: 2026/03/09-23:36:48-GMT  BuildTime: Aug  4 2022 06:17:15  BuildStamp: freesurfer-linux-ubuntu22_x86_64-7.3.2-20220804-6354275  User: oesteban  Machine: dna060  Platform: Linux  PlatformVersion: 5.14.0-427.37.1.el9_4.x86_64  CompilerName: GCC  CompilerVersion: 8.4.0
ProgramName: mri_watershed  ProgramArguments: mri_watershed -all-info  ProgramVersion: 7.3.2  TimeStamp: 2026/03/09-23:36:48-GMT  BuildTime: Aug  4 2022 06:17:15  BuildStamp: freesurfer-linux-ubuntu22_x86_64-7.3.2-20220804-6354275  User: oesteban  Machine: dna060  Platform: Linux  PlatformVersion: 5.14.0-427.37.1.el9_4.x86_64  CompilerName: GCC  CompilerVersion: 8.4.0
ProgramName: tkregister2  ProgramArguments: tkregister2_cmdl -all-info  ProgramVersion: 7.3.2  TimeStamp: 2026/03/09-23:36:48-GMT  BuildTime: Aug  4 2022 06:17:15  BuildStamp: freesurfer-linux-ubuntu22_x86_64-7.3.2-20220804-6354275  User: oesteban  Machine: dna060  Platform: Linux  PlatformVersion: 5.14.0-427.37.1.el9_4.x86_64  CompilerName: GCC  CompilerVersion: 8.4.0
mri_motion_correct.fsl 7.3.2
mri_convert -all-info 
ProgramName: mri_convert  ProgramArguments: mri_convert -all-info  ProgramVersion: 7.3.2  TimeStamp: 2026/03/09-23:36:48-GMT  BuildTime: Aug  4 2022 06:17:15  BuildStamp: freesurfer-linux-ubuntu22_x86_64-7.3.2-20220804-6354275  User: oesteban  Machine: dna060  Platform: Linux  PlatformVersion: 5.14.0-427.37.1.el9_4.x86_64  CompilerName: GCC  CompilerVersion: 8.4.0
Program nu_correct, built from:
Package MNI N3, version 1.12.0, compiled by nicks@terrier (x86_64-unknown-linux-gnu) on 2015-06-19 at 01:25:34
#######################################
GCADIR /opt/freesurfer/average
GCA RB_all_2020-01-02.gca
GCASkull RB_all_withskull_2020_01_02.gca
AvgCurvTif folding.atlas.acfb40.noaparc.i12.2016-08-02.tif
GCSDIR /opt/freesurfer/average
GCS DKaparc.atlas.acfb40.noaparc.i12.2016-08-02.gcs
#######################################
#--------------------------------------------
#@# AutoDetGWStats lh Tue Mar 10 00:36:48 CET 2026
cd /out/sourcedata/freesurfer/sub-v1s2x0051469_ses-1/mri
mris_autodet_gwstats --o ../surf/autodet.gw.stats.lh.dat --i brain.finalsurfs.mgz --wm wm.mgz --surf ../surf/lh.orig.premesh
  Update not needed
#--------------------------------------------
#@# WhitePreAparc lh Tue Mar 10 00:36:48 CET 2026
cd /out/sourcedata/freesurfer/sub-v1s2x0051469_ses-1/mri
mris_place_surface --adgws-in ../surf/autodet.gw.stats.lh.dat --wm wm.mgz --threads 16 --invol brain.finalsurfs.mgz --lh --i ../surf/lh.orig --o ../surf/lh.white.preaparc --white --seg aseg.presurf.mgz --nsmooth 5
   Update not needed
#--------------------------------------------
#@# CortexLabel lh Tue Mar 10 00:36:48 CET 2026
cd /out/sourcedata/freesurfer/sub-v1s2x0051469_ses-1/mri
mri_label2label --label-cortex ../surf/lh.white.preaparc aseg.presurf.mgz 0 ../label/lh.cortex.label
   Update not needed
#--------------------------------------------
#@# CortexLabel+HipAmyg lh Tue Mar 10 00:36:48 CET 2026
cd /out/sourcedata/freesurfer/sub-v1s2x0051469_ses-1/mri
mri_label2label --label-cortex ../surf/lh.white.preaparc aseg.presurf.mgz 1 ../label/lh.cortex+hipamyg.label
   Update not needed
#@# white curv lh Tue Mar 10 00:36:48 CET 2026
cd /out/sourcedata/freesurfer/sub-v1s2x0051469_ses-1/mri
mris_place_surface --curv-map ../surf/lh.white 2 10 ../surf/lh.curv
   Update not needed
#@# white area lh Tue Mar 10 00:36:48 CET 2026
cd /out/sourcedata/freesurfer/sub-v1s2x0051469_ses-1/mri
mris_place_surface --area-map ../surf/lh.white ../surf/lh.area
   Update not needed
#@# pial curv lh Tue Mar 10 00:36:48 CET 2026
cd /out/sourcedata/freesurfer/sub-v1s2x0051469_ses-1/mri
mris_place_surface --curv-map ../surf/lh.pial 2 10 ../surf/lh.curv.pial
   Update not needed
#@# pial area lh Tue Mar 10 00:36:48 CET 2026
cd /out/sourcedata/freesurfer/sub-v1s2x0051469_ses-1/mri
mris_place_surface --area-map ../surf/lh.pial ../surf/lh.area.pial
   Update not needed
#@# thickness lh Tue Mar 10 00:36:48 CET 2026
cd /out/sourcedata/freesurfer/sub-v1s2x0051469_ses-1/mri
mris_place_surface --thickness ../surf/lh.white ../surf/lh.pial 20 5 ../surf/lh.thickness
   Update not needed
#@# area and vertex vol lh Tue Mar 10 00:36:48 CET 2026
cd /out/sourcedata/freesurfer/sub-v1s2x0051469_ses-1/mri
mris_place_surface --thickness ../surf/lh.white ../surf/lh.pial 20 5 ../surf/lh.thickness
   Update not needed
#-----------------------------------------
#@# Parcellation Stats lh Tue Mar 10 00:36:49 CET 2026
/out/sourcedata/freesurfer/sub-v1s2x0051469_ses-1/scripts

 mris_anatomical_stats -th3 -mgz -noglobal -cortex ../label/lh.cortex.label -f ../stats/lh.aparc.stats -b -a ../label/lh.aparc.annot -c ../label/aparc.annot.ctab sub-v1s2x0051469_ses-1 lh white 

computing statistics for each annotation in ../label/lh.aparc.annot.
reading volume /out/sourcedata/freesurfer/sub-v1s2x0051469_ses-1/mri/wm.mgz...
reading input surface /out/sourcedata/freesurfer/sub-v1s2x0051469_ses-1/surf/lh.white...
reading input pial surface /out/sourcedata/freesurfer/sub-v1s2x0051469_ses-1/surf/lh.pial...
reading input white surface /out/sourcedata/freesurfer/sub-v1s2x0051469_ses-1/surf/lh.white...
INFO: using TH3 volume calc
INFO: assuming MGZ format for volumes.
INFO: not computing global stats
INFO: using ../label/lh.cortex.label as mask to calc cortex NumVert, SurfArea and MeanThickness.
Using TH3 vertex volume calc
Total face volume 265092
Total vertex volume 264864 (mask=0)
Saving annotation colortable ../label/aparc.annot.ctab

table columns are:
    number of vertices
    total surface area (mm^2)
    total gray matter volume (mm^3)
    average cortical thickness +- standard deviation (mm)
    integrated rectified mean curvature
    integrated rectified Gaussian curvature
    folding index
    intrinsic curvature index
    structure name

 2152   1415   3284  2.391 0.518     0.096     0.015       15     1.5  bankssts
 1349    881   2375  2.414 0.688     0.107     0.014       14     0.8  caudalanteriorcingulate
 4619   2907   7747  2.543 0.467     0.107     0.020       41     4.0  caudalmiddlefrontal
 3284   2017   4269  1.899 0.568     0.114     0.023       34     3.6  cuneus
  651    420   1986  3.356 0.794     0.086     0.015        5     0.5  entorhinal
 5433   3717  11754  2.694 0.698     0.116     0.027       58     5.8  fusiform
10035   5916  14451  2.288 0.589     0.103     0.022      111     9.5  inferiorparietal
 5848   3948  12352  2.763 0.609     0.109     0.024       53     5.3  inferiortemporal
 1759   1155   2809  2.200 0.827     0.114     0.023       22     1.6  isthmuscingulate
 9888   5893  12062  1.998 0.592     0.109     0.021       95     9.3  lateraloccipital
 4502   3010   7621  2.578 0.659     0.123     0.030       53     5.6  lateralorbitofrontal
 6494   4209   8254  1.857 0.558     0.120     0.025       66     7.5  lingual
 3078   2044   5306  2.377 0.731     0.097     0.022       29     2.5  medialorbitofrontal
 5593   3741  12938  2.870 0.675     0.104     0.020       51     4.8  middletemporal
  957    576   1959  2.886 0.600     0.078     0.014        4     0.5  parahippocampal
 2478   1419   3458  2.231 0.613     0.092     0.019       16     1.8  paracentral
 2018   1387   4334  2.822 0.488     0.106     0.018       18     1.6  parsopercularis
 1107    670   2206  2.641 0.591     0.124     0.035       13     1.6  parsorbitalis
 2136   1371   3864  2.619 0.570     0.102     0.018       17     1.6  parstriangularis
 3263   2101   3177  1.648 0.486     0.118     0.025       34     3.3  pericalcarine
 7224   4311   9577  2.027 0.662     0.091     0.017       50     5.3  postcentral
 1865   1321   3499  2.365 0.874     0.133     0.027       28     2.2  posteriorcingulate
 8830   5268  14027  2.514 0.600     0.100     0.023       66     8.4  precentral
 6180   4135  10290  2.384 0.549     0.123     0.023       69     6.1  precuneus
 1690   1160   3775  2.879 0.678     0.108     0.020       19     1.3  rostralanteriorcingulate
11712   8037  21319  2.395 0.548     0.120     0.023      118    11.6  rostralmiddlefrontal
12116   8072  24691  2.697 0.578     0.110     0.022      100    11.2  superiorfrontal
 9787   6059  13705  2.072 0.578     0.106     0.020       86     8.3  superiorparietal
 6819   4458  14552  2.849 0.696     0.091     0.016       45     4.5  superiortemporal
 6014   3704  10465  2.562 0.547     0.106     0.021       58     5.3  supramarginal
  424    344   1474  3.077 0.709     0.158     0.032        7     0.7  frontalpole
  790    556   3101  3.853 0.771     0.112     0.028        7     0.8  temporalpole
  645    384   1022  2.403 0.374     0.101     0.019        6     0.4  transversetemporal
 3400   2260   7159  3.084 0.788     0.102     0.022       23     2.8  insula

 mris_anatomical_stats -th3 -mgz -noglobal -cortex ../label/lh.cortex.label -f ../stats/lh.aparc.pial.stats -b -a ../label/lh.aparc.annot -c ../label/aparc.annot.ctab sub-v1s2x0051469_ses-1 lh pial 

computing statistics for each annotation in ../label/lh.aparc.annot.
reading volume /out/sourcedata/freesurfer/sub-v1s2x0051469_ses-1/mri/wm.mgz...
reading input surface /out/sourcedata/freesurfer/sub-v1s2x0051469_ses-1/surf/lh.pial...
reading input pial surface /out/sourcedata/freesurfer/sub-v1s2x0051469_ses-1/surf/lh.pial...
reading input white surface /out/sourcedata/freesurfer/sub-v1s2x0051469_ses-1/surf/lh.white...
INFO: using TH3 volume calc
INFO: assuming MGZ format for volumes.
INFO: not computing global stats
INFO: using ../label/lh.cortex.label as mask to calc cortex NumVert, SurfArea and MeanThickness.
Using TH3 vertex volume calc
Total face volume 265092
Total vertex volume 264864 (mask=0)
Saving annotation colortable ../label/aparc.annot.ctab

table columns are:
    number of vertices
    total surface area (mm^2)
    total gray matter volume (mm^3)
    average cortical thickness +- standard deviation (mm)
    integrated rectified mean curvature
    integrated rectified Gaussian curvature
    folding index
    intrinsic curvature index
    structure name

 2152   1361   3284  2.391 0.518     0.094     0.019       31     1.7  bankssts
 1349   1027   2375  2.414 0.688     0.127     0.025       33     1.4  caudalanteriorcingulate
 4619   3105   7747  2.543 0.467     0.102     0.019      668     3.2  caudalmiddlefrontal
 3284   2617   4269  1.899 0.568     0.114     0.023       42     3.5  cuneus
  651    797   1986  3.356 0.794     0.264     0.088       19     3.1  entorhinal
 5433   4809  11754  2.694 0.698     0.138     0.031      109     7.3  fusiform
10035   6717  14451  2.288 0.589     0.099     0.021      132     7.8  inferiorparietal
 5848   4861  12352  2.763 0.609     0.134     0.029      472     7.3  inferiortemporal
 1759   1402   2809  2.200 0.827     0.144     0.039      104     2.5  isthmuscingulate
 9888   6663  12062  1.998 0.592     0.105     0.030    21346     7.5  lateraloccipital
 4502   3042   7621  2.578 0.659     0.113     0.030       92     5.3  lateralorbitofrontal
 6494   5085   8254  1.857 0.558     0.121     0.029      123     7.2  lingual
 3078   2441   5306  2.377 0.731     0.117     0.025       44     3.3  medialorbitofrontal
 5593   4970  12938  2.870 0.675     0.118     0.021      129     5.0  middletemporal
  957    801   1959  2.886 0.600     0.129     0.031       10     1.4  parahippocampal
 2478   1735   3458  2.231 0.613     0.101     0.018       31     1.8  paracentral
 2018   1643   4334  2.822 0.488     0.117     0.020       29     1.6  parsopercularis
 1107    957   2206  2.641 0.591     0.132     0.024       11     1.2  parsorbitalis
 2136   1571   3864  2.619 0.570     0.112     0.021       35     1.8  parstriangularis
 3263   1893   3177  1.648 0.486     0.101     0.028       99     2.8  pericalcarine
 7224   5212   9577  2.027 0.662     0.092     0.015       49     4.3  postcentral
 1865   1537   3499  2.365 0.874     0.155     0.053       92     2.6  posteriorcingulate
 8830   5880  14027  2.514 0.600     0.089     0.020      100     5.6  precentral
 6180   4411  10290  2.384 0.549     0.119     0.024      130     6.0  precuneus
 1690   1545   3775  2.879 0.678     0.151     0.027      404     2.0  rostralanteriorcingulate
11712   9548  21319  2.395 0.548     0.132     0.027      181    12.6  rostralmiddlefrontal
12116   9881  24691  2.697 0.578     0.120     0.022      139    10.7  superiorfrontal
 9787   7070  13705  2.072 0.578     0.110     0.020      103     8.1  superiorparietal
 6819   5447  14552  2.849 0.696     0.107     0.020       64     5.8  superiortemporal
 6014   4345  10465  2.562 0.547     0.117     0.023       81     5.8  supramarginal
  424    602   1474  3.077 0.709     0.213     0.032        6     0.6  frontalpole
  790   1053   3101  3.853 0.771     0.201     0.043       24     1.5  temporalpole
  645    479   1022  2.403 0.374     0.097     0.013        4     0.3  transversetemporal
 3400   2238   7159  3.084 0.788     0.124     0.037       69     4.2  insula
#-----------------------------------------
#@# Parcellation Stats 2 lh Tue Mar 10 00:37:13 CET 2026
/out/sourcedata/freesurfer/sub-v1s2x0051469_ses-1/scripts

 mris_anatomical_stats -th3 -mgz -noglobal -cortex ../label/lh.cortex.label -f ../stats/lh.aparc.a2009s.stats -b -a ../label/lh.aparc.a2009s.annot -c ../label/aparc.annot.a2009s.ctab sub-v1s2x0051469_ses-1 lh white 

computing statistics for each annotation in ../label/lh.aparc.a2009s.annot.
reading volume /out/sourcedata/freesurfer/sub-v1s2x0051469_ses-1/mri/wm.mgz...
reading input surface /out/sourcedata/freesurfer/sub-v1s2x0051469_ses-1/surf/lh.white...
reading input pial surface /out/sourcedata/freesurfer/sub-v1s2x0051469_ses-1/surf/lh.pial...
reading input white surface /out/sourcedata/freesurfer/sub-v1s2x0051469_ses-1/surf/lh.white...
INFO: using TH3 volume calc
INFO: assuming MGZ format for volumes.
INFO: not computing global stats
INFO: using ../label/lh.cortex.label as mask to calc cortex NumVert, SurfArea and MeanThickness.
Using TH3 vertex volume calc
Total face volume 265092
Total vertex volume 264864 (mask=0)
Saving annotation colortable ../label/aparc.annot.a2009s.ctab

table columns are:
    number of vertices
    total surface area (mm^2)
    total gray matter volume (mm^3)
    average cortical thickness +- standard deviation (mm)
    integrated rectified mean curvature
    integrated rectified Gaussian curvature
    folding index
    intrinsic curvature index
    structure name

 1600   1201   3295  2.461 0.543     0.145     0.029       20     2.1  G_and_S_frontomargin
 2157   1309   2842  2.132 0.656     0.108     0.019       19     1.8  G_and_S_occipital_inf
 1969   1133   2638  2.022 0.616     0.101     0.023       15     2.0  G_and_S_paracentral
 1437    969   3253  2.915 0.505     0.113     0.020       14     1.2  G_and_S_subcentral
 1038    748   2683  2.733 0.662     0.144     0.030       15     1.5  G_and_S_transv_frontopol
 2662   1880   5375  2.686 0.554     0.109     0.019       28     2.1  G_and_S_cingul-Ant
 1492    994   2761  2.618 0.556     0.095     0.015        9     0.9  G_and_S_cingul-Mid-Ant
 1483   1041   2908  2.588 0.618     0.124     0.027       17     1.8  G_and_S_cingul-Mid-Post
  658    460   1507  2.789 0.773     0.142     0.033       10     0.8  G_cingul-Post-dorsal
  309    187    595  2.473 0.607     0.112     0.026        4     0.3  G_cingul-Post-ventral
 3080   1849   3712  1.796 0.525     0.118     0.026       35     3.5  G_cuneus
 1238    828   3344  3.043 0.376     0.118     0.024       17     1.2  G_front_inf-Opercular
  529    293   1120  2.765 0.435     0.094     0.025        5     0.5  G_front_inf-Orbital
 1058    685   2427  2.724 0.561     0.117     0.023       12     1.0  G_front_inf-Triangul
 6372   4188  13961  2.616 0.554     0.127     0.027       81     7.3  G_front_middle
 7842   5095  18079  2.853 0.572     0.117     0.026       75     8.3  G_front_sup
  699    454   1795  3.531 0.675     0.107     0.029        7     0.6  G_Ins_lg_and_S_cent_ins
  718    489   2410  3.738 0.694     0.111     0.023        7     0.6  G_insular_short
 3286   1690   4968  2.365 0.595     0.101     0.021       31     3.0  G_occipital_middle
 1640    990   1916  1.746 0.486     0.107     0.018       17     1.3  G_occipital_sup
 2343   1530   5139  2.664 0.699     0.110     0.029       27     2.5  G_oc-temp_lat-fusifor
 4740   2997   6184  1.795 0.589     0.127     0.029       58     6.0  G_oc-temp_med-Lingual
 1096    663   2990  3.142 0.712     0.079     0.016        7     0.7  G_oc-temp_med-Parahip
 2740   1830   5637  2.546 0.690     0.134     0.039       41     4.2  G_orbital
 4109   2172   6429  2.440 0.613     0.104     0.025       65     4.0  G_pariet_inf-Angular
 2959   1796   6187  2.761 0.541     0.118     0.025       35     3.1  G_pariet_inf-Supramar
 4060   2399   6891  2.269 0.641     0.107     0.022       43     3.7  G_parietal_sup
 3097   1597   3928  2.042 0.575     0.094     0.020       26     2.7  G_postcentral
 3708   1851   6338  2.632 0.639     0.097     0.028       34     4.1  G_precentral
 2861   1904   6213  2.622 0.515     0.132     0.026       46     3.4  G_precuneus
 1131    780   2820  2.660 0.629     0.106     0.028       17     1.1  G_rectus
  766    484   1082  2.252 1.035     0.111     0.038        7     1.1  G_subcallosal
  447    256    836  2.563 0.436     0.102     0.021        5     0.3  G_temp_sup-G_T_transv
 2425   1600   6960  3.201 0.719     0.110     0.021       25     2.2  G_temp_sup-Lateral
  894    597   2457  3.587 0.685     0.069     0.012        3     0.4  G_temp_sup-Plan_polar
 1046    684   1724  2.368 0.415     0.088     0.014        7     0.4  G_temp_sup-Plan_tempo
 3015   2037   7530  2.809 0.710     0.125     0.033       39     3.7  G_temporal_inf
 3023   2034   8800  3.151 0.638     0.114     0.024       35     3.0  G_temporal_middle
  373    243    491  2.344 0.494     0.092     0.013        2     0.2  Lat_Fis-ant-Horizont
  343    250    531  2.496 0.470     0.091     0.013        2     0.2  Lat_Fis-ant-Vertical
 1182    768   1439  2.231 0.463     0.095     0.016        5     0.9  Lat_Fis-post
 2638   1537   2827  1.769 0.569     0.113     0.025       32     2.8  Pole_occipital
 1530   1208   6704  3.560 0.848     0.141     0.038       24     2.5  Pole_temporal
 3697   2469   4145  1.829 0.607     0.113     0.022       31     3.5  S_calcarine
 3387   2283   3905  1.951 0.660     0.093     0.015       16     2.4  S_central
  989    681   1309  2.100 0.475     0.101     0.013        6     0.6  S_cingul-Marginalis
  546    360    891  3.112 0.645     0.100     0.016        2     0.4  S_circular_insula_ant
 1577   1005   2174  2.614 0.480     0.072     0.010        5     0.8  S_circular_insula_inf
 1680   1119   2386  2.735 0.443     0.098     0.018        7     1.4  S_circular_insula_sup
 1040    708   1833  2.608 0.461     0.097     0.013        8     0.6  S_collat_transv_ant
  717    497    745  1.861 0.450     0.140     0.030        7     1.0  S_collat_transv_post
 3051   2036   4087  2.260 0.436     0.095     0.014       20     1.8  S_front_inf
 2217   1479   2802  2.193 0.398     0.108     0.017       14     1.8  S_front_middle
 3997   2652   6171  2.390 0.472     0.094     0.016       24     2.5  S_front_sup
  474    307    642  2.242 0.491     0.116     0.028        6     0.6  S_interm_prim-Jensen
 3791   2450   4405  2.023 0.438     0.106     0.019       26     3.4  S_intrapariet_and_P_trans
 1339    898   1412  1.822 0.409     0.124     0.025       11     1.5  S_oc_middle_and_Lunatus
 1486    969   1683  1.931 0.421     0.111     0.016       12     1.1  S_oc_sup_and_transversal
  865    574   1319  2.438 0.474     0.090     0.015        6     0.5  S_occipital_ant
 1359    914   2324  2.705 0.528     0.101     0.016        8     1.0  S_oc-temp_lat
 2576   1740   3634  2.453 0.538     0.106     0.018       17     2.0  S_oc-temp_med_and_Lingual
  411    271    531  2.245 0.518     0.096     0.018        2     0.2  S_orbital_lateral
  909    623   1225  2.352 0.571     0.103     0.014        6     0.5  S_orbital_med-olfact
 1669   1114   2448  2.538 0.684     0.121     0.026       17     2.0  S_orbital-H_Shaped
 2744   1791   3731  2.143 0.540     0.106     0.017       19     2.2  S_parieto_occipital
 1936   1163   1858  1.817 0.804     0.101     0.014       23     1.1  S_pericallosal
 3664   2367   4640  2.102 0.475     0.090     0.015       22     2.4  S_postcentral
 1890   1271   2717  2.517 0.401     0.093     0.014        9     1.3  S_precentral-inf-part
 1475    974   1952  2.340 0.436     0.099     0.017        8     1.2  S_precentral-sup-part
  817    527   1013  2.262 0.707     0.079     0.009        3     0.3  S_suborbital
 1326    929   1884  2.314 0.473     0.125     0.027       12     1.5  S_subparietal
 2140   1409   3066  2.559 0.459     0.093     0.014       11     1.3  S_temporal_inf
 8278   5386  11814  2.347 0.545     0.089     0.016       50     5.8  S_temporal_sup
  300    202    392  2.258 0.466     0.088     0.014        1     0.2  S_temporal_transverse
#-----------------------------------------
#@# Parcellation Stats 3 lh Tue Mar 10 00:37:26 CET 2026
/out/sourcedata/freesurfer/sub-v1s2x0051469_ses-1/scripts

 mris_anatomical_stats -th3 -mgz -noglobal -cortex ../label/lh.cortex.label -f ../stats/lh.aparc.DKTatlas.stats -b -a ../label/lh.aparc.DKTatlas.annot -c ../label/aparc.annot.DKTatlas.ctab sub-v1s2x0051469_ses-1 lh white 

computing statistics for each annotation in ../label/lh.aparc.DKTatlas.annot.
reading volume /out/sourcedata/freesurfer/sub-v1s2x0051469_ses-1/mri/wm.mgz...
reading input surface /out/sourcedata/freesurfer/sub-v1s2x0051469_ses-1/surf/lh.white...
reading input pial surface /out/sourcedata/freesurfer/sub-v1s2x0051469_ses-1/surf/lh.pial...
reading input white surface /out/sourcedata/freesurfer/sub-v1s2x0051469_ses-1/surf/lh.white...
INFO: using TH3 volume calc
INFO: assuming MGZ format for volumes.
INFO: not computing global stats
INFO: using ../label/lh.cortex.label as mask to calc cortex NumVert, SurfArea and MeanThickness.
Using TH3 vertex volume calc
Total face volume 265092
Total vertex volume 264864 (mask=0)
Saving annotation colortable ../label/aparc.annot.DKTatlas.ctab

table columns are:
    number of vertices
    total surface area (mm^2)
    total gray matter volume (mm^3)
    average cortical thickness +- standard deviation (mm)
    integrated rectified mean curvature
    integrated rectified Gaussian curvature
    folding index
    intrinsic curvature index
    structure name

 2211   1441   3907  2.497 0.639     0.106     0.015       20     1.5  caudalanteriorcingulate
 4983   3138   8407  2.540 0.467     0.106     0.020       44     4.3  caudalmiddlefrontal
 4321   2679   5408  1.894 0.543     0.114     0.023       43     4.6  cuneus
  543    348   1698  3.307 0.797     0.084     0.016        4     0.4  entorhinal
 5238   3512   9965  2.604 0.646     0.114     0.025       52     5.2  fusiform
 9998   5871  14446  2.303 0.578     0.102     0.021      107     8.9  inferiorparietal
 5646   3892  13279  2.843 0.677     0.115     0.026       57     6.0  inferiortemporal
 1722   1134   2769  2.230 0.821     0.114     0.023       21     1.5  isthmuscingulate
 9817   5851  12018  1.993 0.591     0.109     0.021       94     9.1  lateraloccipital
 4965   3420   9199  2.609 0.689     0.129     0.032       62     6.5  lateralorbitofrontal
 6659   4328   8379  1.840 0.554     0.121     0.025       68     7.6  lingual
 2584   1728   4880  2.426 0.760     0.096     0.024       26     2.4  medialorbitofrontal
 7562   5029  16488  2.817 0.639     0.100     0.019       63     5.8  middletemporal
 1014    612   2063  2.873 0.609     0.080     0.014        5     0.5  parahippocampal
 2931   1665   4388  2.358 0.656     0.091     0.019       19     2.2  paracentral
 1886   1294   4106  2.864 0.456     0.111     0.019       18     1.6  parsopercularis
 1057    668   1901  2.548 0.573     0.104     0.023        8     1.1  parsorbitalis
 2607   1686   4517  2.578 0.547     0.102     0.017       21     1.9  parstriangularis
 3202   2061   3100  1.642 0.474     0.118     0.025       32     3.3  pericalcarine
 8330   4988  11072  2.055 0.657     0.091     0.017       56     6.1  postcentral
 2054   1450   3865  2.377 0.849     0.133     0.026       29     2.5  posteriorcingulate
 8696   5201  13890  2.518 0.604     0.101     0.023       66     8.2  precentral
 6015   4001  10381  2.413 0.562     0.122     0.023       69     6.0  precuneus
 2267   1548   4591  2.764 0.716     0.111     0.020       26     1.8  rostralanteriorcingulate
 8570   5802  15293  2.377 0.544     0.120     0.023       87     8.6  rostralmiddlefrontal
13445   9098  27462  2.635 0.599     0.113     0.023      118    13.0  superiorfrontal
 7611   4695  10929  2.100 0.583     0.106     0.020       68     6.4  superiorparietal
 9123   5973  19622  2.826 0.794     0.095     0.019       70     7.2  superiortemporal
 5583   3488   9605  2.529 0.545     0.107     0.021       52     5.0  supramarginal
  640    381   1020  2.411 0.383     0.102     0.019        6     0.5  transversetemporal
 2860   1886   6214  3.172 0.742     0.096     0.019       18     2.0  insula
/out/sourcedata/freesurfer/sub-v1s2x0051469_ses-1/label
#--------------------------------------------
#@# BA_exvivo Labels lh Tue Mar 10 00:37:38 CET 2026

 mri_label2label --srcsubject fsaverage --srclabel /out/sourcedata/freesurfer/fsaverage/label/lh.BA1_exvivo.label --trgsubject sub-v1s2x0051469_ses-1 --trglabel ./lh.BA1_exvivo.label --hemi lh --regmethod surface 


srclabel = /out/sourcedata/freesurfer/fsaverage/label/lh.BA1_exvivo.label
srcsubject = fsaverage
trgsubject = sub-v1s2x0051469_ses-1
trglabel = ./lh.BA1_exvivo.label
regmethod = surface

srchemi = lh
trghemi = lh
trgsurface = white
srcsurfreg = sphere.reg
trgsurfreg = sphere.reg
usehash = 1
Use ProjAbs  = 0, 0
Use ProjFrac = 0, 0
DoPaint 0

SUBJECTS_DIR    /out/sourcedata/freesurfer
FREESURFER_HOME /opt/freesurfer
Loading source label.
Found 4129 points in source label.
Starting surface-based mapping
Reading source registration 
 /out/sourcedata/freesurfer/fsaverage/surf/lh.sphere.reg
Rescaling ...  original radius = 100
Reading target surface 
 /out/sourcedata/freesurfer/sub-v1s2x0051469_ses-1/surf/lh.white
Reading target registration 
 /out/sourcedata/freesurfer/sub-v1s2x0051469_ses-1/surf/lh.sphere.reg
Rescaling ...  original radius = 100
Building target registration hash (res=16).
Building source registration hash (res=16).
INFO: found  4129 nlabel points
Performing mapping from target back to the source label 163007
Number of reverse mapping hits = 522
Checking for and removing duplicates
Writing label file ./lh.BA1_exvivo.label 4651
mri_label2label: Done


 mri_label2label --srcsubject fsaverage --srclabel /out/sourcedata/freesurfer/fsaverage/label/lh.BA2_exvivo.label --trgsubject sub-v1s2x0051469_ses-1 --trglabel ./lh.BA2_exvivo.label --hemi lh --regmethod surface 


srclabel = /out/sourcedata/freesurfer/fsaverage/label/lh.BA2_exvivo.label
srcsubject = fsaverage
trgsubject = sub-v1s2x0051469_ses-1
trglabel = ./lh.BA2_exvivo.label
regmethod = surface

srchemi = lh
trghemi = lh
trgsurface = white
srcsurfreg = sphere.reg
trgsurfreg = sphere.reg
usehash = 1
Use ProjAbs  = 0, 0
Use ProjFrac = 0, 0
DoPaint 0

SUBJECTS_DIR    /out/sourcedata/freesurfer
FREESURFER_HOME /opt/freesurfer
Loading source label.
Found 7909 points in source label.
Starting surface-based mapping
Reading source registration 
 /out/sourcedata/freesurfer/fsaverage/surf/lh.sphere.reg
Rescaling ...  original radius = 100
Reading target surface 
 /out/sourcedata/freesurfer/sub-v1s2x0051469_ses-1/surf/lh.white
Reading target registration 
 /out/sourcedata/freesurfer/sub-v1s2x0051469_ses-1/surf/lh.sphere.reg
Rescaling ...  original radius = 100
Building target registration hash (res=16).
Building source registration hash (res=16).
INFO: found  7909 nlabel points
Performing mapping from target back to the source label 163007
Number of reverse mapping hits = 878
Checking for and removing duplicates
Writing label file ./lh.BA2_exvivo.label 8787
mri_label2label: Done


 mri_label2label --srcsubject fsaverage --srclabel /out/sourcedata/freesurfer/fsaverage/label/lh.BA3a_exvivo.label --trgsubject sub-v1s2x0051469_ses-1 --trglabel ./lh.BA3a_exvivo.label --hemi lh --regmethod surface 


srclabel = /out/sourcedata/freesurfer/fsaverage/label/lh.BA3a_exvivo.label
srcsubject = fsaverage
trgsubject = sub-v1s2x0051469_ses-1
trglabel = ./lh.BA3a_exvivo.label
regmethod = surface

srchemi = lh
trghemi = lh
trgsurface = white
srcsurfreg = sphere.reg
trgsurfreg = sphere.reg
usehash = 1
Use ProjAbs  = 0, 0
Use ProjFrac = 0, 0
DoPaint 0

SUBJECTS_DIR    /out/sourcedata/freesurfer
FREESURFER_HOME /opt/freesurfer
Loading source label.
Found 4077 points in source label.
Starting surface-based mapping
Reading source registration 
 /out/sourcedata/freesurfer/fsaverage/surf/lh.sphere.reg
Rescaling ...  original radius = 100
Reading target surface 
 /out/sourcedata/freesurfer/sub-v1s2x0051469_ses-1/surf/lh.white
Reading target registration 
 /out/sourcedata/freesurfer/sub-v1s2x0051469_ses-1/surf/lh.sphere.reg
Rescaling ...  original radius = 100
Building target registration hash (res=16).
Building source registration hash (res=16).
INFO: found  4077 nlabel points
Performing mapping from target back to the source label 163007
Number of reverse mapping hits = 95
Checking for and removing duplicates
Writing label file ./lh.BA3a_exvivo.label 4172
mri_label2label: Done


 mri_label2label --srcsubject fsaverage --srclabel /out/sourcedata/freesurfer/fsaverage/label/lh.BA3b_exvivo.label --trgsubject sub-v1s2x0051469_ses-1 --trglabel ./lh.BA3b_exvivo.label --hemi lh --regmethod surface 


srclabel = /out/sourcedata/freesurfer/fsaverage/label/lh.BA3b_exvivo.label
srcsubject = fsaverage
trgsubject = sub-v1s2x0051469_ses-1
trglabel = ./lh.BA3b_exvivo.label
regmethod = surface

srchemi = lh
trghemi = lh
trgsurface = white
srcsurfreg = sphere.reg
trgsurfreg = sphere.reg
usehash = 1
Use ProjAbs  = 0, 0
Use ProjFrac = 0, 0
DoPaint 0

SUBJECTS_DIR    /out/sourcedata/freesurfer
FREESURFER_HOME /opt/freesurfer
Loading source label.
Found 5983 points in source label.
Starting surface-based mapping
Reading source registration 
 /out/sourcedata/freesurfer/fsaverage/surf/lh.sphere.reg
Rescaling ...  original radius = 100
Reading target surface 
 /out/sourcedata/freesurfer/sub-v1s2x0051469_ses-1/surf/lh.white
Reading target registration 
 /out/sourcedata/freesurfer/sub-v1s2x0051469_ses-1/surf/lh.sphere.reg
Rescaling ...  original radius = 100
Building target registration hash (res=16).
Building source registration hash (res=16).
INFO: found  5983 nlabel points
Performing mapping from target back to the source label 163007
Number of reverse mapping hits = 283
Checking for and removing duplicates
Writing label file ./lh.BA3b_exvivo.label 6266
mri_label2label: Done


 mri_label2label --srcsubject fsaverage --srclabel /out/sourcedata/freesurfer/fsaverage/label/lh.BA4a_exvivo.label --trgsubject sub-v1s2x0051469_ses-1 --trglabel ./lh.BA4a_exvivo.label --hemi lh --regmethod surface 


srclabel = /out/sourcedata/freesurfer/fsaverage/label/lh.BA4a_exvivo.label
srcsubject = fsaverage
trgsubject = sub-v1s2x0051469_ses-1
trglabel = ./lh.BA4a_exvivo.label
regmethod = surface

srchemi = lh
trghemi = lh
trgsurface = white
srcsurfreg = sphere.reg
trgsurfreg = sphere.reg
usehash = 1
Use ProjAbs  = 0, 0
Use ProjFrac = 0, 0
DoPaint 0

SUBJECTS_DIR    /out/sourcedata/freesurfer
FREESURFER_HOME /opt/freesurfer
Loading source label.
Found 5784 points in source label.
Starting surface-based mapping
Reading source registration 
 /out/sourcedata/freesurfer/fsaverage/surf/lh.sphere.reg
Rescaling ...  original radius = 100
Reading target surface 
 /out/sourcedata/freesurfer/sub-v1s2x0051469_ses-1/surf/lh.white
Reading target registration 
 /out/sourcedata/freesurfer/sub-v1s2x0051469_ses-1/surf/lh.sphere.reg
Rescaling ...  original radius = 100
Building target registration hash (res=16).
Building source registration hash (res=16).
INFO: found  5784 nlabel points
Performing mapping from target back to the source label 163007
Number of reverse mapping hits = 741
Checking for and removing duplicates
Writing label file ./lh.BA4a_exvivo.label 6525
mri_label2label: Done


 mri_label2label --srcsubject fsaverage --srclabel /out/sourcedata/freesurfer/fsaverage/label/lh.BA4p_exvivo.label --trgsubject sub-v1s2x0051469_ses-1 --trglabel ./lh.BA4p_exvivo.label --hemi lh --regmethod surface 


srclabel = /out/sourcedata/freesurfer/fsaverage/label/lh.BA4p_exvivo.label
srcsubject = fsaverage
trgsubject = sub-v1s2x0051469_ses-1
trglabel = ./lh.BA4p_exvivo.label
regmethod = surface

srchemi = lh
trghemi = lh
trgsurface = white
srcsurfreg = sphere.reg
trgsurfreg = sphere.reg
usehash = 1
Use ProjAbs  = 0, 0
Use ProjFrac = 0, 0
DoPaint 0

SUBJECTS_DIR    /out/sourcedata/freesurfer
FREESURFER_HOME /opt/freesurfer
Loading source label.
Found 4070 points in source label.
Starting surface-based mapping
Reading source registration 
 /out/sourcedata/freesurfer/fsaverage/surf/lh.sphere.reg
Rescaling ...  original radius = 100
Reading target surface 
 /out/sourcedata/freesurfer/sub-v1s2x0051469_ses-1/surf/lh.white
Reading target registration 
 /out/sourcedata/freesurfer/sub-v1s2x0051469_ses-1/surf/lh.sphere.reg
Rescaling ...  original radius = 100
Building target registration hash (res=16).
Building source registration hash (res=16).
INFO: found  4070 nlabel points
Performing mapping from target back to the source label 163007
Number of reverse mapping hits = 339
Checking for and removing duplicates
Writing label file ./lh.BA4p_exvivo.label 4409
mri_label2label: Done


 mri_label2label --srcsubject fsaverage --srclabel /out/sourcedata/freesurfer/fsaverage/label/lh.BA6_exvivo.label --trgsubject sub-v1s2x0051469_ses-1 --trglabel ./lh.BA6_exvivo.label --hemi lh --regmethod surface 


srclabel = /out/sourcedata/freesurfer/fsaverage/label/lh.BA6_exvivo.label
srcsubject = fsaverage
trgsubject = sub-v1s2x0051469_ses-1
trglabel = ./lh.BA6_exvivo.label
regmethod = surface

srchemi = lh
trghemi = lh
trgsurface = white
srcsurfreg = sphere.reg
trgsurfreg = sphere.reg
usehash = 1
Use ProjAbs  = 0, 0
Use ProjFrac = 0, 0
DoPaint 0

SUBJECTS_DIR    /out/sourcedata/freesurfer
FREESURFER_HOME /opt/freesurfer
Loading source label.
Found 13589 points in source label.
Starting surface-based mapping
Reading source registration 
 /out/sourcedata/freesurfer/fsaverage/surf/lh.sphere.reg
Rescaling ...  original radius = 100
Reading target surface 
 /out/sourcedata/freesurfer/sub-v1s2x0051469_ses-1/surf/lh.white
Reading target registration 
 /out/sourcedata/freesurfer/sub-v1s2x0051469_ses-1/surf/lh.sphere.reg
Rescaling ...  original radius = 100
Building target registration hash (res=16).
Building source registration hash (res=16).
INFO: found  13589 nlabel points
Performing mapping from target back to the source label 163007
Number of reverse mapping hits = 1741
Checking for and removing duplicates
Writing label file ./lh.BA6_exvivo.label 15330
mri_label2label: Done


 mri_label2label --srcsubject fsaverage --srclabel /out/sourcedata/freesurfer/fsaverage/label/lh.BA44_exvivo.label --trgsubject sub-v1s2x0051469_ses-1 --trglabel ./lh.BA44_exvivo.label --hemi lh --regmethod surface 


srclabel = /out/sourcedata/freesurfer/fsaverage/label/lh.BA44_exvivo.label
srcsubject = fsaverage
trgsubject = sub-v1s2x0051469_ses-1
trglabel = ./lh.BA44_exvivo.label
regmethod = surface

srchemi = lh
trghemi = lh
trgsurface = white
srcsurfreg = sphere.reg
trgsurfreg = sphere.reg
usehash = 1
Use ProjAbs  = 0, 0
Use ProjFrac = 0, 0
DoPaint 0

SUBJECTS_DIR    /out/sourcedata/freesurfer
FREESURFER_HOME /opt/freesurfer
Loading source label.
Found 4181 points in source label.
Starting surface-based mapping
Reading source registration 
 /out/sourcedata/freesurfer/fsaverage/surf/lh.sphere.reg
Rescaling ...  original radius = 100
Reading target surface 
 /out/sourcedata/freesurfer/sub-v1s2x0051469_ses-1/surf/lh.white
Reading target registration 
 /out/sourcedata/freesurfer/sub-v1s2x0051469_ses-1/surf/lh.sphere.reg
Rescaling ...  original radius = 100
Building target registration hash (res=16).
Building source registration hash (res=16).
INFO: found  4181 nlabel points
Performing mapping from target back to the source label 163007
Number of reverse mapping hits = 203
Checking for and removing duplicates
Writing label file ./lh.BA44_exvivo.label 4384
mri_label2label: Done


 mri_label2label --srcsubject fsaverage --srclabel /out/sourcedata/freesurfer/fsaverage/label/lh.BA45_exvivo.label --trgsubject sub-v1s2x0051469_ses-1 --trglabel ./lh.BA45_exvivo.label --hemi lh --regmethod surface 


srclabel = /out/sourcedata/freesurfer/fsaverage/label/lh.BA45_exvivo.label
srcsubject = fsaverage
trgsubject = sub-v1s2x0051469_ses-1
trglabel = ./lh.BA45_exvivo.label
regmethod = surface

srchemi = lh
trghemi = lh
trgsurface = white
srcsurfreg = sphere.reg
trgsurfreg = sphere.reg
usehash = 1
Use ProjAbs  = 0, 0
Use ProjFrac = 0, 0
DoPaint 0

SUBJECTS_DIR    /out/sourcedata/freesurfer
FREESURFER_HOME /opt/freesurfer
Loading source label.
Found 3422 points in source label.
Starting surface-based mapping
Reading source registration 
 /out/sourcedata/freesurfer/fsaverage/surf/lh.sphere.reg
Rescaling ...  original radius = 100
Reading target surface 
 /out/sourcedata/freesurfer/sub-v1s2x0051469_ses-1/surf/lh.white
Reading target registration 
 /out/sourcedata/freesurfer/sub-v1s2x0051469_ses-1/surf/lh.sphere.reg
Rescaling ...  original radius = 100
Building target registration hash (res=16).
Building source registration hash (res=16).
INFO: found  3422 nlabel points
Performing mapping from target back to the source label 163007
Number of reverse mapping hits = 840
Checking for and removing duplicates
Writing label file ./lh.BA45_exvivo.label 4262
mri_label2label: Done


 mri_label2label --srcsubject fsaverage --srclabel /out/sourcedata/freesurfer/fsaverage/label/lh.V1_exvivo.label --trgsubject sub-v1s2x0051469_ses-1 --trglabel ./lh.V1_exvivo.label --hemi lh --regmethod surface 


srclabel = /out/sourcedata/freesurfer/fsaverage/label/lh.V1_exvivo.label
srcsubject = fsaverage
trgsubject = sub-v1s2x0051469_ses-1
trglabel = ./lh.V1_exvivo.label
regmethod = surface

srchemi = lh
trghemi = lh
trgsurface = white
srcsurfreg = sphere.reg
trgsurfreg = sphere.reg
usehash = 1
Use ProjAbs  = 0, 0
Use ProjFrac = 0, 0
DoPaint 0

SUBJECTS_DIR    /out/sourcedata/freesurfer
FREESURFER_HOME /opt/freesurfer
Loading source label.
Found 4641 points in source label.
Starting surface-based mapping
Reading source registration 
 /out/sourcedata/freesurfer/fsaverage/surf/lh.sphere.reg
Rescaling ...  original radius = 100
Reading target surface 
 /out/sourcedata/freesurfer/sub-v1s2x0051469_ses-1/surf/lh.white
Reading target registration 
 /out/sourcedata/freesurfer/sub-v1s2x0051469_ses-1/surf/lh.sphere.reg
Rescaling ...  original radius = 100
Building target registration hash (res=16).
Building source registration hash (res=16).
INFO: found  4641 nlabel points
Performing mapping from target back to the source label 163007
Number of reverse mapping hits = 3307
Checking for and removing duplicates
Writing label file ./lh.V1_exvivo.label 7948
mri_label2label: Done


 mri_label2label --srcsubject fsaverage --srclabel /out/sourcedata/freesurfer/fsaverage/label/lh.V2_exvivo.label --trgsubject sub-v1s2x0051469_ses-1 --trglabel ./lh.V2_exvivo.label --hemi lh --regmethod surface 


srclabel = /out/sourcedata/freesurfer/fsaverage/label/lh.V2_exvivo.label
srcsubject = fsaverage
trgsubject = sub-v1s2x0051469_ses-1
trglabel = ./lh.V2_exvivo.label
regmethod = surface

srchemi = lh
trghemi = lh
trgsurface = white
srcsurfreg = sphere.reg
trgsurfreg = sphere.reg
usehash = 1
Use ProjAbs  = 0, 0
Use ProjFrac = 0, 0
DoPaint 0

SUBJECTS_DIR    /out/sourcedata/freesurfer
FREESURFER_HOME /opt/freesurfer
Loading source label.
Found 8114 points in source label.
Starting surface-based mapping
Reading source registration 
 /out/sourcedata/freesurfer/fsaverage/surf/lh.sphere.reg
Rescaling ...  original radius = 100
Reading target surface 
 /out/sourcedata/freesurfer/sub-v1s2x0051469_ses-1/surf/lh.white
Reading target registration 
 /out/sourcedata/freesurfer/sub-v1s2x0051469_ses-1/surf/lh.sphere.reg
Rescaling ...  original radius = 100
Building target registration hash (res=16).
Building source registration hash (res=16).
INFO: found  8114 nlabel points
Performing mapping from target back to the source label 163007
Number of reverse mapping hits = 5415
Checking for and removing duplicates
Writing label file ./lh.V2_exvivo.label 13529
mri_label2label: Done


 mri_label2label --srcsubject fsaverage --srclabel /out/sourcedata/freesurfer/fsaverage/label/lh.MT_exvivo.label --trgsubject sub-v1s2x0051469_ses-1 --trglabel ./lh.MT_exvivo.label --hemi lh --regmethod surface 


srclabel = /out/sourcedata/freesurfer/fsaverage/label/lh.MT_exvivo.label
srcsubject = fsaverage
trgsubject = sub-v1s2x0051469_ses-1
trglabel = ./lh.MT_exvivo.label
regmethod = surface

srchemi = lh
trghemi = lh
trgsurface = white
srcsurfreg = sphere.reg
trgsurfreg = sphere.reg
usehash = 1
Use ProjAbs  = 0, 0
Use ProjFrac = 0, 0
DoPaint 0

SUBJECTS_DIR    /out/sourcedata/freesurfer
FREESURFER_HOME /opt/freesurfer
Loading source label.
Found 2018 points in source label.
Starting surface-based mapping
Reading source registration 
 /out/sourcedata/freesurfer/fsaverage/surf/lh.sphere.reg
Rescaling ...  original radius = 100
Reading target surface 
 /out/sourcedata/freesurfer/sub-v1s2x0051469_ses-1/surf/lh.white
Reading target registration 
 /out/sourcedata/freesurfer/sub-v1s2x0051469_ses-1/surf/lh.sphere.reg
Rescaling ...  original radius = 100
Building target registration hash (res=16).
Building source registration hash (res=16).
INFO: found  2018 nlabel points
Performing mapping from target back to the source label 163007
Number of reverse mapping hits = 1066
Checking for and removing duplicates
Writing label file ./lh.MT_exvivo.label 3084
mri_label2label: Done


 mri_label2label --srcsubject fsaverage --srclabel /out/sourcedata/freesurfer/fsaverage/label/lh.entorhinal_exvivo.label --trgsubject sub-v1s2x0051469_ses-1 --trglabel ./lh.entorhinal_exvivo.label --hemi lh --regmethod surface 


srclabel = /out/sourcedata/freesurfer/fsaverage/label/lh.entorhinal_exvivo.label
srcsubject = fsaverage
trgsubject = sub-v1s2x0051469_ses-1
trglabel = ./lh.entorhinal_exvivo.label
regmethod = surface

srchemi = lh
trghemi = lh
trgsurface = white
srcsurfreg = sphere.reg
trgsurfreg = sphere.reg
usehash = 1
Use ProjAbs  = 0, 0
Use ProjFrac = 0, 0
DoPaint 0

SUBJECTS_DIR    /out/sourcedata/freesurfer
FREESURFER_HOME /opt/freesurfer
Loading source label.
Found 1290 points in source label.
Starting surface-based mapping
Reading source registration 
 /out/sourcedata/freesurfer/fsaverage/surf/lh.sphere.reg
Rescaling ...  original radius = 100
Reading target surface 
 /out/sourcedata/freesurfer/sub-v1s2x0051469_ses-1/surf/lh.white
Reading target registration 
 /out/sourcedata/freesurfer/sub-v1s2x0051469_ses-1/surf/lh.sphere.reg
Rescaling ...  original radius = 100
Building target registration hash (res=16).
Building source registration hash (res=16).
INFO: found  1290 nlabel points
Performing mapping from target back to the source label 163007
Number of reverse mapping hits = 21
Checking for and removing duplicates
Writing label file ./lh.entorhinal_exvivo.label 1311
mri_label2label: Done


 mri_label2label --srcsubject fsaverage --srclabel /out/sourcedata/freesurfer/fsaverage/label/lh.perirhinal_exvivo.label --trgsubject sub-v1s2x0051469_ses-1 --trglabel ./lh.perirhinal_exvivo.label --hemi lh --regmethod surface 


srclabel = /out/sourcedata/freesurfer/fsaverage/label/lh.perirhinal_exvivo.label
srcsubject = fsaverage
trgsubject = sub-v1s2x0051469_ses-1
trglabel = ./lh.perirhinal_exvivo.label
regmethod = surface

srchemi = lh
trghemi = lh
trgsurface = white
srcsurfreg = sphere.reg
trgsurfreg = sphere.reg
usehash = 1
Use ProjAbs  = 0, 0
Use ProjFrac = 0, 0
DoPaint 0

SUBJECTS_DIR    /out/sourcedata/freesurfer
FREESURFER_HOME /opt/freesurfer
Loading source label.
Found 1199 points in source label.
Starting surface-based mapping
Reading source registration 
 /out/sourcedata/freesurfer/fsaverage/surf/lh.sphere.reg
Rescaling ...  original radius = 100
Reading target surface 
 /out/sourcedata/freesurfer/sub-v1s2x0051469_ses-1/surf/lh.white
Reading target registration 
 /out/sourcedata/freesurfer/sub-v1s2x0051469_ses-1/surf/lh.sphere.reg
Rescaling ...  original radius = 100
Building target registration hash (res=16).
Building source registration hash (res=16).
INFO: found  1199 nlabel points
Performing mapping from target back to the source label 163007
Number of reverse mapping hits = 16
Checking for and removing duplicates
Writing label file ./lh.perirhinal_exvivo.label 1215
mri_label2label: Done


 mri_label2label --srcsubject fsaverage --srclabel /out/sourcedata/freesurfer/fsaverage/label/lh.FG1.mpm.vpnl.label --trgsubject sub-v1s2x0051469_ses-1 --trglabel ./lh.FG1.mpm.vpnl.label --hemi lh --regmethod surface 


srclabel = /out/sourcedata/freesurfer/fsaverage/label/lh.FG1.mpm.vpnl.label
srcsubject = fsaverage
trgsubject = sub-v1s2x0051469_ses-1
trglabel = ./lh.FG1.mpm.vpnl.label
regmethod = surface

srchemi = lh
trghemi = lh
trgsurface = white
srcsurfreg = sphere.reg
trgsurfreg = sphere.reg
usehash = 1
Use ProjAbs  = 0, 0
Use ProjFrac = 0, 0
DoPaint 0

SUBJECTS_DIR    /out/sourcedata/freesurfer
FREESURFER_HOME /opt/freesurfer
Loading source label.
Found 414 points in source label.
Starting surface-based mapping
Reading source registration 
 /out/sourcedata/freesurfer/fsaverage/surf/lh.sphere.reg
Rescaling ...  original radius = 100
Reading target surface 
 /out/sourcedata/freesurfer/sub-v1s2x0051469_ses-1/surf/lh.white
Reading target registration 
 /out/sourcedata/freesurfer/sub-v1s2x0051469_ses-1/surf/lh.sphere.reg
Rescaling ...  original radius = 100
Building target registration hash (res=16).
Building source registration hash (res=16).
INFO: found  414 nlabel points
Performing mapping from target back to the source label 163007
Number of reverse mapping hits = 178
Checking for and removing duplicates
Writing label file ./lh.FG1.mpm.vpnl.label 592
mri_label2label: Done


 mri_label2label --srcsubject fsaverage --srclabel /out/sourcedata/freesurfer/fsaverage/label/lh.FG2.mpm.vpnl.label --trgsubject sub-v1s2x0051469_ses-1 --trglabel ./lh.FG2.mpm.vpnl.label --hemi lh --regmethod surface 


srclabel = /out/sourcedata/freesurfer/fsaverage/label/lh.FG2.mpm.vpnl.label
srcsubject = fsaverage
trgsubject = sub-v1s2x0051469_ses-1
trglabel = ./lh.FG2.mpm.vpnl.label
regmethod = surface

srchemi = lh
trghemi = lh
trgsurface = white
srcsurfreg = sphere.reg
trgsurfreg = sphere.reg
usehash = 1
Use ProjAbs  = 0, 0
Use ProjFrac = 0, 0
DoPaint 0

SUBJECTS_DIR    /out/sourcedata/freesurfer
FREESURFER_HOME /opt/freesurfer
Loading source label.
Found 703 points in source label.
Starting surface-based mapping
Reading source registration 
 /out/sourcedata/freesurfer/fsaverage/surf/lh.sphere.reg
Rescaling ...  original radius = 100
Reading target surface 
 /out/sourcedata/freesurfer/sub-v1s2x0051469_ses-1/surf/lh.white
Reading target registration 
 /out/sourcedata/freesurfer/sub-v1s2x0051469_ses-1/surf/lh.sphere.reg
Rescaling ...  original radius = 100
Building target registration hash (res=16).
Building source registration hash (res=16).
INFO: found  703 nlabel points
Performing mapping from target back to the source label 163007
Number of reverse mapping hits = 377
Checking for and removing duplicates
Writing label file ./lh.FG2.mpm.vpnl.label 1080
mri_label2label: Done


 mri_label2label --srcsubject fsaverage --srclabel /out/sourcedata/freesurfer/fsaverage/label/lh.FG3.mpm.vpnl.label --trgsubject sub-v1s2x0051469_ses-1 --trglabel ./lh.FG3.mpm.vpnl.label --hemi lh --regmethod surface 


srclabel = /out/sourcedata/freesurfer/fsaverage/label/lh.FG3.mpm.vpnl.label
srcsubject = fsaverage
trgsubject = sub-v1s2x0051469_ses-1
trglabel = ./lh.FG3.mpm.vpnl.label
regmethod = surface

srchemi = lh
trghemi = lh
trgsurface = white
srcsurfreg = sphere.reg
trgsurfreg = sphere.reg
usehash = 1
Use ProjAbs  = 0, 0
Use ProjFrac = 0, 0
DoPaint 0

SUBJECTS_DIR    /out/sourcedata/freesurfer
FREESURFER_HOME /opt/freesurfer
Loading source label.
Found 1873 points in source label.
Starting surface-based mapping
Reading source registration 
 /out/sourcedata/freesurfer/fsaverage/surf/lh.sphere.reg
Rescaling ...  original radius = 100
Reading target surface 
 /out/sourcedata/freesurfer/sub-v1s2x0051469_ses-1/surf/lh.white
Reading target registration 
 /out/sourcedata/freesurfer/sub-v1s2x0051469_ses-1/surf/lh.sphere.reg
Rescaling ...  original radius = 100
Building target registration hash (res=16).
Building source registration hash (res=16).
INFO: found  1873 nlabel points
Performing mapping from target back to the source label 163007
Number of reverse mapping hits = 277
Checking for and removing duplicates
Writing label file ./lh.FG3.mpm.vpnl.label 2150
mri_label2label: Done


 mri_label2label --srcsubject fsaverage --srclabel /out/sourcedata/freesurfer/fsaverage/label/lh.FG4.mpm.vpnl.label --trgsubject sub-v1s2x0051469_ses-1 --trglabel ./lh.FG4.mpm.vpnl.label --hemi lh --regmethod surface 


srclabel = /out/sourcedata/freesurfer/fsaverage/label/lh.FG4.mpm.vpnl.label
srcsubject = fsaverage
trgsubject = sub-v1s2x0051469_ses-1
trglabel = ./lh.FG4.mpm.vpnl.label
regmethod = surface

srchemi = lh
trghemi = lh
trgsurface = white
srcsurfreg = sphere.reg
trgsurfreg = sphere.reg
usehash = 1
Use ProjAbs  = 0, 0
Use ProjFrac = 0, 0
DoPaint 0

SUBJECTS_DIR    /out/sourcedata/freesurfer
FREESURFER_HOME /opt/freesurfer
Loading source label.
Found 2101 points in source label.
Starting surface-based mapping
Reading source registration 
 /out/sourcedata/freesurfer/fsaverage/surf/lh.sphere.reg
Rescaling ...  original radius = 100
Reading target surface 
 /out/sourcedata/freesurfer/sub-v1s2x0051469_ses-1/surf/lh.white
Reading target registration 
 /out/sourcedata/freesurfer/sub-v1s2x0051469_ses-1/surf/lh.sphere.reg
Rescaling ...  original radius = 100
Building target registration hash (res=16).
Building source registration hash (res=16).
INFO: found  2101 nlabel points
Performing mapping from target back to the source label 163007
Number of reverse mapping hits = 997
Checking for and removing duplicates
Writing label file ./lh.FG4.mpm.vpnl.label 3098
mri_label2label: Done


 mri_label2label --srcsubject fsaverage --srclabel /out/sourcedata/freesurfer/fsaverage/label/lh.hOc1.mpm.vpnl.label --trgsubject sub-v1s2x0051469_ses-1 --trglabel ./lh.hOc1.mpm.vpnl.label --hemi lh --regmethod surface 


srclabel = /out/sourcedata/freesurfer/fsaverage/label/lh.hOc1.mpm.vpnl.label
srcsubject = fsaverage
trgsubject = sub-v1s2x0051469_ses-1
trglabel = ./lh.hOc1.mpm.vpnl.label
regmethod = surface

srchemi = lh
trghemi = lh
trgsurface = white
srcsurfreg = sphere.reg
trgsurfreg = sphere.reg
usehash = 1
Use ProjAbs  = 0, 0
Use ProjFrac = 0, 0
DoPaint 0

SUBJECTS_DIR    /out/sourcedata/freesurfer
FREESURFER_HOME /opt/freesurfer
Loading source label.
Found 3877 points in source label.
Starting surface-based mapping
Reading source registration 
 /out/sourcedata/freesurfer/fsaverage/surf/lh.sphere.reg
Rescaling ...  original radius = 100
Reading target surface 
 /out/sourcedata/freesurfer/sub-v1s2x0051469_ses-1/surf/lh.white
Reading target registration 
 /out/sourcedata/freesurfer/sub-v1s2x0051469_ses-1/surf/lh.sphere.reg
Rescaling ...  original radius = 100
Building target registration hash (res=16).
Building source registration hash (res=16).
INFO: found  3877 nlabel points
Performing mapping from target back to the source label 163007
Number of reverse mapping hits = 2785
Checking for and removing duplicates
Writing label file ./lh.hOc1.mpm.vpnl.label 6662
mri_label2label: Done


 mri_label2label --srcsubject fsaverage --srclabel /out/sourcedata/freesurfer/fsaverage/label/lh.hOc2.mpm.vpnl.label --trgsubject sub-v1s2x0051469_ses-1 --trglabel ./lh.hOc2.mpm.vpnl.label --hemi lh --regmethod surface 


srclabel = /out/sourcedata/freesurfer/fsaverage/label/lh.hOc2.mpm.vpnl.label
srcsubject = fsaverage
trgsubject = sub-v1s2x0051469_ses-1
trglabel = ./lh.hOc2.mpm.vpnl.label
regmethod = surface

srchemi = lh
trghemi = lh
trgsurface = white
srcsurfreg = sphere.reg
trgsurfreg = sphere.reg
usehash = 1
Use ProjAbs  = 0, 0
Use ProjFrac = 0, 0
DoPaint 0

SUBJECTS_DIR    /out/sourcedata/freesurfer
FREESURFER_HOME /opt/freesurfer
Loading source label.
Found 2919 points in source label.
Starting surface-based mapping
Reading source registration 
 /out/sourcedata/freesurfer/fsaverage/surf/lh.sphere.reg
Rescaling ...  original radius = 100
Reading target surface 
 /out/sourcedata/freesurfer/sub-v1s2x0051469_ses-1/surf/lh.white
Reading target registration 
 /out/sourcedata/freesurfer/sub-v1s2x0051469_ses-1/surf/lh.sphere.reg
Rescaling ...  original radius = 100
Building target registration hash (res=16).
Building source registration hash (res=16).
INFO: found  2919 nlabel points
Performing mapping from target back to the source label 163007
Number of reverse mapping hits = 2086
Checking for and removing duplicates
Writing label file ./lh.hOc2.mpm.vpnl.label 5005
mri_label2label: Done


 mri_label2label --srcsubject fsaverage --srclabel /out/sourcedata/freesurfer/fsaverage/label/lh.hOc3v.mpm.vpnl.label --trgsubject sub-v1s2x0051469_ses-1 --trglabel ./lh.hOc3v.mpm.vpnl.label --hemi lh --regmethod surface 


srclabel = /out/sourcedata/freesurfer/fsaverage/label/lh.hOc3v.mpm.vpnl.label
srcsubject = fsaverage
trgsubject = sub-v1s2x0051469_ses-1
trglabel = ./lh.hOc3v.mpm.vpnl.label
regmethod = surface

srchemi = lh
trghemi = lh
trgsurface = white
srcsurfreg = sphere.reg
trgsurfreg = sphere.reg
usehash = 1
Use ProjAbs  = 0, 0
Use ProjFrac = 0, 0
DoPaint 0

SUBJECTS_DIR    /out/sourcedata/freesurfer
FREESURFER_HOME /opt/freesurfer
Loading source label.
Found 1286 points in source label.
Starting surface-based mapping
Reading source registration 
 /out/sourcedata/freesurfer/fsaverage/surf/lh.sphere.reg
Rescaling ...  original radius = 100
Reading target surface 
 /out/sourcedata/freesurfer/sub-v1s2x0051469_ses-1/surf/lh.white
Reading target registration 
 /out/sourcedata/freesurfer/sub-v1s2x0051469_ses-1/surf/lh.sphere.reg
Rescaling ...  original radius = 100
Building target registration hash (res=16).
Building source registration hash (res=16).
INFO: found  1286 nlabel points
Performing mapping from target back to the source label 163007
Number of reverse mapping hits = 1158
Checking for and removing duplicates
Writing label file ./lh.hOc3v.mpm.vpnl.label 2444
mri_label2label: Done


 mri_label2label --srcsubject fsaverage --srclabel /out/sourcedata/freesurfer/fsaverage/label/lh.hOc4v.mpm.vpnl.label --trgsubject sub-v1s2x0051469_ses-1 --trglabel ./lh.hOc4v.mpm.vpnl.label --hemi lh --regmethod surface 


srclabel = /out/sourcedata/freesurfer/fsaverage/label/lh.hOc4v.mpm.vpnl.label
srcsubject = fsaverage
trgsubject = sub-v1s2x0051469_ses-1
trglabel = ./lh.hOc4v.mpm.vpnl.label
regmethod = surface

srchemi = lh
trghemi = lh
trgsurface = white
srcsurfreg = sphere.reg
trgsurfreg = sphere.reg
usehash = 1
Use ProjAbs  = 0, 0
Use ProjFrac = 0, 0
DoPaint 0

SUBJECTS_DIR    /out/sourcedata/freesurfer
FREESURFER_HOME /opt/freesurfer
Loading source label.
Found 1006 points in source label.
Starting surface-based mapping
Reading source registration 
 /out/sourcedata/freesurfer/fsaverage/surf/lh.sphere.reg
Rescaling ...  original radius = 100
Reading target surface 
 /out/sourcedata/freesurfer/sub-v1s2x0051469_ses-1/surf/lh.white
Reading target registration 
 /out/sourcedata/freesurfer/sub-v1s2x0051469_ses-1/surf/lh.sphere.reg
Rescaling ...  original radius = 100
Building target registration hash (res=16).
Building source registration hash (res=16).
INFO: found  1006 nlabel points
Performing mapping from target back to the source label 163007
Number of reverse mapping hits = 682
Checking for and removing duplicates
Writing label file ./lh.hOc4v.mpm.vpnl.label 1688
mri_label2label: Done


 mris_label2annot --s sub-v1s2x0051469_ses-1 --ctab /opt/freesurfer/average/colortable_vpnl.txt --hemi lh --a mpm.vpnl --maxstatwinner --noverbose --l lh.FG1.mpm.vpnl.label --l lh.FG2.mpm.vpnl.label --l lh.FG3.mpm.vpnl.label --l lh.FG4.mpm.vpnl.label --l lh.hOc1.mpm.vpnl.label --l lh.hOc2.mpm.vpnl.label --l lh.hOc3v.mpm.vpnl.label --l lh.hOc4v.mpm.vpnl.label 

Reading ctab /opt/freesurfer/average/colortable_vpnl.txt
Number of ctab entries 9

7.3.2
cwd /out/sourcedata/freesurfer/sub-v1s2x0051469_ses-1/label
cmdline mris_label2annot --s sub-v1s2x0051469_ses-1 --ctab /opt/freesurfer/average/colortable_vpnl.txt --hemi lh --a mpm.vpnl --maxstatwinner --noverbose --l lh.FG1.mpm.vpnl.label --l lh.FG2.mpm.vpnl.label --l lh.FG3.mpm.vpnl.label --l lh.FG4.mpm.vpnl.label --l lh.hOc1.mpm.vpnl.label --l lh.hOc2.mpm.vpnl.label --l lh.hOc3v.mpm.vpnl.label --l lh.hOc4v.mpm.vpnl.label 
sysname  Linux
hostname dna060
machine  x86_64
user     oesteban

subject sub-v1s2x0051469_ses-1
hemi    lh
SUBJECTS_DIR /out/sourcedata/freesurfer
ColorTable /opt/freesurfer/average/colortable_vpnl.txt
AnnotName  mpm.vpnl
nlables 8
LabelThresh 0 0.000000
Loading /out/sourcedata/freesurfer/sub-v1s2x0051469_ses-1/surf/lh.orig
 1 1376057 FG1
 2 16711935 FG2
 3 16711680 FG3
 4 1705837 FG4
 5 25600 hOc1
 6 255 hOc2
 7 16776960 hOc3v
 8 65535 hOc4v
Mapping unhit to unknown
Found 140830 unhit vertices
Writing annot to /out/sourcedata/freesurfer/sub-v1s2x0051469_ses-1/label/lh.mpm.vpnl.annot

 mri_label2label --srcsubject fsaverage --srclabel /out/sourcedata/freesurfer/fsaverage/label/lh.BA1_exvivo.thresh.label --trgsubject sub-v1s2x0051469_ses-1 --trglabel ./lh.BA1_exvivo.thresh.label --hemi lh --regmethod surface 


srclabel = /out/sourcedata/freesurfer/fsaverage/label/lh.BA1_exvivo.thresh.label
srcsubject = fsaverage
trgsubject = sub-v1s2x0051469_ses-1
trglabel = ./lh.BA1_exvivo.thresh.label
regmethod = surface

srchemi = lh
trghemi = lh
trgsurface = white
srcsurfreg = sphere.reg
trgsurfreg = sphere.reg
usehash = 1
Use ProjAbs  = 0, 0
Use ProjFrac = 0, 0
DoPaint 0

SUBJECTS_DIR    /out/sourcedata/freesurfer
FREESURFER_HOME /opt/freesurfer
Loading source label.
Found 1014 points in source label.
Starting surface-based mapping
Reading source registration 
 /out/sourcedata/freesurfer/fsaverage/surf/lh.sphere.reg
Rescaling ...  original radius = 100
Reading target surface 
 /out/sourcedata/freesurfer/sub-v1s2x0051469_ses-1/surf/lh.white
Reading target registration 
 /out/sourcedata/freesurfer/sub-v1s2x0051469_ses-1/surf/lh.sphere.reg
Rescaling ...  original radius = 100
Building target registration hash (res=16).
Building source registration hash (res=16).
INFO: found  1014 nlabel points
Performing mapping from target back to the source label 163007
Number of reverse mapping hits = 192
Checking for and removing duplicates
Writing label file ./lh.BA1_exvivo.thresh.label 1206
mri_label2label: Done


 mri_label2label --srcsubject fsaverage --srclabel /out/sourcedata/freesurfer/fsaverage/label/lh.BA2_exvivo.thresh.label --trgsubject sub-v1s2x0051469_ses-1 --trglabel ./lh.BA2_exvivo.thresh.label --hemi lh --regmethod surface 


srclabel = /out/sourcedata/freesurfer/fsaverage/label/lh.BA2_exvivo.thresh.label
srcsubject = fsaverage
trgsubject = sub-v1s2x0051469_ses-1
trglabel = ./lh.BA2_exvivo.thresh.label
regmethod = surface

srchemi = lh
trghemi = lh
trgsurface = white
srcsurfreg = sphere.reg
trgsurfreg = sphere.reg
usehash = 1
Use ProjAbs  = 0, 0
Use ProjFrac = 0, 0
DoPaint 0

SUBJECTS_DIR    /out/sourcedata/freesurfer
FREESURFER_HOME /opt/freesurfer
Loading source label.
Found 2092 points in source label.
Starting surface-based mapping
Reading source registration 
 /out/sourcedata/freesurfer/fsaverage/surf/lh.sphere.reg
Rescaling ...  original radius = 100
Reading target surface 
 /out/sourcedata/freesurfer/sub-v1s2x0051469_ses-1/surf/lh.white
Reading target registration 
 /out/sourcedata/freesurfer/sub-v1s2x0051469_ses-1/surf/lh.sphere.reg
Rescaling ...  original radius = 100
Building target registration hash (res=16).
Building source registration hash (res=16).
INFO: found  2092 nlabel points
Performing mapping from target back to the source label 163007
Number of reverse mapping hits = 362
Checking for and removing duplicates
Writing label file ./lh.BA2_exvivo.thresh.label 2454
mri_label2label: Done


 mri_label2label --srcsubject fsaverage --srclabel /out/sourcedata/freesurfer/fsaverage/label/lh.BA3a_exvivo.thresh.label --trgsubject sub-v1s2x0051469_ses-1 --trglabel ./lh.BA3a_exvivo.thresh.label --hemi lh --regmethod surface 


srclabel = /out/sourcedata/freesurfer/fsaverage/label/lh.BA3a_exvivo.thresh.label
srcsubject = fsaverage
trgsubject = sub-v1s2x0051469_ses-1
trglabel = ./lh.BA3a_exvivo.thresh.label
regmethod = surface

srchemi = lh
trghemi = lh
trgsurface = white
srcsurfreg = sphere.reg
trgsurfreg = sphere.reg
usehash = 1
Use ProjAbs  = 0, 0
Use ProjFrac = 0, 0
DoPaint 0

SUBJECTS_DIR    /out/sourcedata/freesurfer
FREESURFER_HOME /opt/freesurfer
Loading source label.
Found 1504 points in source label.
Starting surface-based mapping
Reading source registration 
 /out/sourcedata/freesurfer/fsaverage/surf/lh.sphere.reg
Rescaling ...  original radius = 100
Reading target surface 
 /out/sourcedata/freesurfer/sub-v1s2x0051469_ses-1/surf/lh.white
Reading target registration 
 /out/sourcedata/freesurfer/sub-v1s2x0051469_ses-1/surf/lh.sphere.reg
Rescaling ...  original radius = 100
Building target registration hash (res=16).
Building source registration hash (res=16).
INFO: found  1504 nlabel points
Performing mapping from target back to the source label 163007
Number of reverse mapping hits = 19
Checking for and removing duplicates
Writing label file ./lh.BA3a_exvivo.thresh.label 1523
mri_label2label: Done


 mri_label2label --srcsubject fsaverage --srclabel /out/sourcedata/freesurfer/fsaverage/label/lh.BA3b_exvivo.thresh.label --trgsubject sub-v1s2x0051469_ses-1 --trglabel ./lh.BA3b_exvivo.thresh.label --hemi lh --regmethod surface 


srclabel = /out/sourcedata/freesurfer/fsaverage/label/lh.BA3b_exvivo.thresh.label
srcsubject = fsaverage
trgsubject = sub-v1s2x0051469_ses-1
trglabel = ./lh.BA3b_exvivo.thresh.label
regmethod = surface

srchemi = lh
trghemi = lh
trgsurface = white
srcsurfreg = sphere.reg
trgsurfreg = sphere.reg
usehash = 1
Use ProjAbs  = 0, 0
Use ProjFrac = 0, 0
DoPaint 0

SUBJECTS_DIR    /out/sourcedata/freesurfer
FREESURFER_HOME /opt/freesurfer
Loading source label.
Found 1996 points in source label.
Starting surface-based mapping
Reading source registration 
 /out/sourcedata/freesurfer/fsaverage/surf/lh.sphere.reg
Rescaling ...  original radius = 100
Reading target surface 
 /out/sourcedata/freesurfer/sub-v1s2x0051469_ses-1/surf/lh.white
Reading target registration 
 /out/sourcedata/freesurfer/sub-v1s2x0051469_ses-1/surf/lh.sphere.reg
Rescaling ...  original radius = 100
Building target registration hash (res=16).
Building source registration hash (res=16).
INFO: found  1996 nlabel points
Performing mapping from target back to the source label 163007
Number of reverse mapping hits = 45
Checking for and removing duplicates
Writing label file ./lh.BA3b_exvivo.thresh.label 2041
mri_label2label: Done


 mri_label2label --srcsubject fsaverage --srclabel /out/sourcedata/freesurfer/fsaverage/label/lh.BA4a_exvivo.thresh.label --trgsubject sub-v1s2x0051469_ses-1 --trglabel ./lh.BA4a_exvivo.thresh.label --hemi lh --regmethod surface 


srclabel = /out/sourcedata/freesurfer/fsaverage/label/lh.BA4a_exvivo.thresh.label
srcsubject = fsaverage
trgsubject = sub-v1s2x0051469_ses-1
trglabel = ./lh.BA4a_exvivo.thresh.label
regmethod = surface

srchemi = lh
trghemi = lh
trgsurface = white
srcsurfreg = sphere.reg
trgsurfreg = sphere.reg
usehash = 1
Use ProjAbs  = 0, 0
Use ProjFrac = 0, 0
DoPaint 0

SUBJECTS_DIR    /out/sourcedata/freesurfer
FREESURFER_HOME /opt/freesurfer
Loading source label.
Found 2319 points in source label.
Starting surface-based mapping
Reading source registration 
 /out/sourcedata/freesurfer/fsaverage/surf/lh.sphere.reg
Rescaling ...  original radius = 100
Reading target surface 
 /out/sourcedata/freesurfer/sub-v1s2x0051469_ses-1/surf/lh.white
Reading target registration 
 /out/sourcedata/freesurfer/sub-v1s2x0051469_ses-1/surf/lh.sphere.reg
Rescaling ...  original radius = 100
Building target registration hash (res=16).
Building source registration hash (res=16).
INFO: found  2319 nlabel points
Performing mapping from target back to the source label 163007
Number of reverse mapping hits = 334
Checking for and removing duplicates
Writing label file ./lh.BA4a_exvivo.thresh.label 2653
mri_label2label: Done


 mri_label2label --srcsubject fsaverage --srclabel /out/sourcedata/freesurfer/fsaverage/label/lh.BA4p_exvivo.thresh.label --trgsubject sub-v1s2x0051469_ses-1 --trglabel ./lh.BA4p_exvivo.thresh.label --hemi lh --regmethod surface 


srclabel = /out/sourcedata/freesurfer/fsaverage/label/lh.BA4p_exvivo.thresh.label
srcsubject = fsaverage
trgsubject = sub-v1s2x0051469_ses-1
trglabel = ./lh.BA4p_exvivo.thresh.label
regmethod = surface

srchemi = lh
trghemi = lh
trgsurface = white
srcsurfreg = sphere.reg
trgsurfreg = sphere.reg
usehash = 1
Use ProjAbs  = 0, 0
Use ProjFrac = 0, 0
DoPaint 0

SUBJECTS_DIR    /out/sourcedata/freesurfer
FREESURFER_HOME /opt/freesurfer
Loading source label.
Found 1549 points in source label.
Starting surface-based mapping
Reading source registration 
 /out/sourcedata/freesurfer/fsaverage/surf/lh.sphere.reg
Rescaling ...  original radius = 100
Reading target surface 
 /out/sourcedata/freesurfer/sub-v1s2x0051469_ses-1/surf/lh.white
Reading target registration 
 /out/sourcedata/freesurfer/sub-v1s2x0051469_ses-1/surf/lh.sphere.reg
Rescaling ...  original radius = 100
Building target registration hash (res=16).
Building source registration hash (res=16).
INFO: found  1549 nlabel points
Performing mapping from target back to the source label 163007
Number of reverse mapping hits = 126
Checking for and removing duplicates
Writing label file ./lh.BA4p_exvivo.thresh.label 1675
mri_label2label: Done


 mri_label2label --srcsubject fsaverage --srclabel /out/sourcedata/freesurfer/fsaverage/label/lh.BA6_exvivo.thresh.label --trgsubject sub-v1s2x0051469_ses-1 --trglabel ./lh.BA6_exvivo.thresh.label --hemi lh --regmethod surface 


srclabel = /out/sourcedata/freesurfer/fsaverage/label/lh.BA6_exvivo.thresh.label
srcsubject = fsaverage
trgsubject = sub-v1s2x0051469_ses-1
trglabel = ./lh.BA6_exvivo.thresh.label
regmethod = surface

srchemi = lh
trghemi = lh
trgsurface = white
srcsurfreg = sphere.reg
trgsurfreg = sphere.reg
usehash = 1
Use ProjAbs  = 0, 0
Use ProjFrac = 0, 0
DoPaint 0

SUBJECTS_DIR    /out/sourcedata/freesurfer
FREESURFER_HOME /opt/freesurfer
Loading source label.
Found 7035 points in source label.
Starting surface-based mapping
Reading source registration 
 /out/sourcedata/freesurfer/fsaverage/surf/lh.sphere.reg
Rescaling ...  original radius = 100
Reading target surface 
 /out/sourcedata/freesurfer/sub-v1s2x0051469_ses-1/surf/lh.white
Reading target registration 
 /out/sourcedata/freesurfer/sub-v1s2x0051469_ses-1/surf/lh.sphere.reg
Rescaling ...  original radius = 100
Building target registration hash (res=16).
Building source registration hash (res=16).
INFO: found  7035 nlabel points
Performing mapping from target back to the source label 163007
Number of reverse mapping hits = 631
Checking for and removing duplicates
Writing label file ./lh.BA6_exvivo.thresh.label 7666
mri_label2label: Done


 mri_label2label --srcsubject fsaverage --srclabel /out/sourcedata/freesurfer/fsaverage/label/lh.BA44_exvivo.thresh.label --trgsubject sub-v1s2x0051469_ses-1 --trglabel ./lh.BA44_exvivo.thresh.label --hemi lh --regmethod surface 


srclabel = /out/sourcedata/freesurfer/fsaverage/label/lh.BA44_exvivo.thresh.label
srcsubject = fsaverage
trgsubject = sub-v1s2x0051469_ses-1
trglabel = ./lh.BA44_exvivo.thresh.label
regmethod = surface

srchemi = lh
trghemi = lh
trgsurface = white
srcsurfreg = sphere.reg
trgsurfreg = sphere.reg
usehash = 1
Use ProjAbs  = 0, 0
Use ProjFrac = 0, 0
DoPaint 0

SUBJECTS_DIR    /out/sourcedata/freesurfer
FREESURFER_HOME /opt/freesurfer
Loading source label.
Found 1912 points in source label.
Starting surface-based mapping
Reading source registration 
 /out/sourcedata/freesurfer/fsaverage/surf/lh.sphere.reg
Rescaling ...  original radius = 100
Reading target surface 
 /out/sourcedata/freesurfer/sub-v1s2x0051469_ses-1/surf/lh.white
Reading target registration 
 /out/sourcedata/freesurfer/sub-v1s2x0051469_ses-1/surf/lh.sphere.reg
Rescaling ...  original radius = 100
Building target registration hash (res=16).
Building source registration hash (res=16).
INFO: found  1912 nlabel points
Performing mapping from target back to the source label 163007
Number of reverse mapping hits = 26
Checking for and removing duplicates
Writing label file ./lh.BA44_exvivo.thresh.label 1938
mri_label2label: Done


 mri_label2label --srcsubject fsaverage --srclabel /out/sourcedata/freesurfer/fsaverage/label/lh.BA45_exvivo.thresh.label --trgsubject sub-v1s2x0051469_ses-1 --trglabel ./lh.BA45_exvivo.thresh.label --hemi lh --regmethod surface 


srclabel = /out/sourcedata/freesurfer/fsaverage/label/lh.BA45_exvivo.thresh.label
srcsubject = fsaverage
trgsubject = sub-v1s2x0051469_ses-1
trglabel = ./lh.BA45_exvivo.thresh.label
regmethod = surface

srchemi = lh
trghemi = lh
trgsurface = white
srcsurfreg = sphere.reg
trgsurfreg = sphere.reg
usehash = 1
Use ProjAbs  = 0, 0
Use ProjFrac = 0, 0
DoPaint 0

SUBJECTS_DIR    /out/sourcedata/freesurfer
FREESURFER_HOME /opt/freesurfer
Loading source label.
Found 1151 points in source label.
Starting surface-based mapping
Reading source registration 
 /out/sourcedata/freesurfer/fsaverage/surf/lh.sphere.reg
Rescaling ...  original radius = 100
Reading target surface 
 /out/sourcedata/freesurfer/sub-v1s2x0051469_ses-1/surf/lh.white
Reading target registration 
 /out/sourcedata/freesurfer/sub-v1s2x0051469_ses-1/surf/lh.sphere.reg
Rescaling ...  original radius = 100
Building target registration hash (res=16).
Building source registration hash (res=16).
INFO: found  1151 nlabel points
Performing mapping from target back to the source label 163007
Number of reverse mapping hits = 223
Checking for and removing duplicates
Writing label file ./lh.BA45_exvivo.thresh.label 1374
mri_label2label: Done


 mri_label2label --srcsubject fsaverage --srclabel /out/sourcedata/freesurfer/fsaverage/label/lh.V1_exvivo.thresh.label --trgsubject sub-v1s2x0051469_ses-1 --trglabel ./lh.V1_exvivo.thresh.label --hemi lh --regmethod surface 


srclabel = /out/sourcedata/freesurfer/fsaverage/label/lh.V1_exvivo.thresh.label
srcsubject = fsaverage
trgsubject = sub-v1s2x0051469_ses-1
trglabel = ./lh.V1_exvivo.thresh.label
regmethod = surface

srchemi = lh
trghemi = lh
trgsurface = white
srcsurfreg = sphere.reg
trgsurfreg = sphere.reg
usehash = 1
Use ProjAbs  = 0, 0
Use ProjFrac = 0, 0
DoPaint 0

SUBJECTS_DIR    /out/sourcedata/freesurfer
FREESURFER_HOME /opt/freesurfer
Loading source label.
Found 3405 points in source label.
Starting surface-based mapping
Reading source registration 
 /out/sourcedata/freesurfer/fsaverage/surf/lh.sphere.reg
Rescaling ...  original radius = 100
Reading target surface 
 /out/sourcedata/freesurfer/sub-v1s2x0051469_ses-1/surf/lh.white
Reading target registration 
 /out/sourcedata/freesurfer/sub-v1s2x0051469_ses-1/surf/lh.sphere.reg
Rescaling ...  original radius = 100
Building target registration hash (res=16).
Building source registration hash (res=16).
INFO: found  3405 nlabel points
Performing mapping from target back to the source label 163007
Number of reverse mapping hits = 2550
Checking for and removing duplicates
Writing label file ./lh.V1_exvivo.thresh.label 5955
mri_label2label: Done


 mri_label2label --srcsubject fsaverage --srclabel /out/sourcedata/freesurfer/fsaverage/label/lh.V2_exvivo.thresh.label --trgsubject sub-v1s2x0051469_ses-1 --trglabel ./lh.V2_exvivo.thresh.label --hemi lh --regmethod surface 


srclabel = /out/sourcedata/freesurfer/fsaverage/label/lh.V2_exvivo.thresh.label
srcsubject = fsaverage
trgsubject = sub-v1s2x0051469_ses-1
trglabel = ./lh.V2_exvivo.thresh.label
regmethod = surface

srchemi = lh
trghemi = lh
trgsurface = white
srcsurfreg = sphere.reg
trgsurfreg = sphere.reg
usehash = 1
Use ProjAbs  = 0, 0
Use ProjFrac = 0, 0
DoPaint 0

SUBJECTS_DIR    /out/sourcedata/freesurfer
FREESURFER_HOME /opt/freesurfer
Loading source label.
Found 3334 points in source label.
Starting surface-based mapping
Reading source registration 
 /out/sourcedata/freesurfer/fsaverage/surf/lh.sphere.reg
Rescaling ...  original radius = 100
Reading target surface 
 /out/sourcedata/freesurfer/sub-v1s2x0051469_ses-1/surf/lh.white
Reading target registration 
 /out/sourcedata/freesurfer/sub-v1s2x0051469_ses-1/surf/lh.sphere.reg
Rescaling ...  original radius = 100
Building target registration hash (res=16).
Building source registration hash (res=16).
INFO: found  3334 nlabel points
Performing mapping from target back to the source label 163007
Number of reverse mapping hits = 2371
Checking for and removing duplicates
Writing label file ./lh.V2_exvivo.thresh.label 5705
mri_label2label: Done


 mri_label2label --srcsubject fsaverage --srclabel /out/sourcedata/freesurfer/fsaverage/label/lh.MT_exvivo.thresh.label --trgsubject sub-v1s2x0051469_ses-1 --trglabel ./lh.MT_exvivo.thresh.label --hemi lh --regmethod surface 


srclabel = /out/sourcedata/freesurfer/fsaverage/label/lh.MT_exvivo.thresh.label
srcsubject = fsaverage
trgsubject = sub-v1s2x0051469_ses-1
trglabel = ./lh.MT_exvivo.thresh.label
regmethod = surface

srchemi = lh
trghemi = lh
trgsurface = white
srcsurfreg = sphere.reg
trgsurfreg = sphere.reg
usehash = 1
Use ProjAbs  = 0, 0
Use ProjFrac = 0, 0
DoPaint 0

SUBJECTS_DIR    /out/sourcedata/freesurfer
FREESURFER_HOME /opt/freesurfer
Loading source label.
Found 513 points in source label.
Starting surface-based mapping
Reading source registration 
 /out/sourcedata/freesurfer/fsaverage/surf/lh.sphere.reg
Rescaling ...  original radius = 100
Reading target surface 
 /out/sourcedata/freesurfer/sub-v1s2x0051469_ses-1/surf/lh.white
Reading target registration 
 /out/sourcedata/freesurfer/sub-v1s2x0051469_ses-1/surf/lh.sphere.reg
Rescaling ...  original radius = 100
Building target registration hash (res=16).
Building source registration hash (res=16).
INFO: found  513 nlabel points
Performing mapping from target back to the source label 163007
Number of reverse mapping hits = 328
Checking for and removing duplicates
Writing label file ./lh.MT_exvivo.thresh.label 841
mri_label2label: Done


 mri_label2label --srcsubject fsaverage --srclabel /out/sourcedata/freesurfer/fsaverage/label/lh.entorhinal_exvivo.thresh.label --trgsubject sub-v1s2x0051469_ses-1 --trglabel ./lh.entorhinal_exvivo.thresh.label --hemi lh --regmethod surface 


srclabel = /out/sourcedata/freesurfer/fsaverage/label/lh.entorhinal_exvivo.thresh.label
srcsubject = fsaverage
trgsubject = sub-v1s2x0051469_ses-1
trglabel = ./lh.entorhinal_exvivo.thresh.label
regmethod = surface

srchemi = lh
trghemi = lh
trgsurface = white
srcsurfreg = sphere.reg
trgsurfreg = sphere.reg
usehash = 1
Use ProjAbs  = 0, 0
Use ProjFrac = 0, 0
DoPaint 0

SUBJECTS_DIR    /out/sourcedata/freesurfer
FREESURFER_HOME /opt/freesurfer
Loading source label.
Found 470 points in source label.
Starting surface-based mapping
Reading source registration 
 /out/sourcedata/freesurfer/fsaverage/surf/lh.sphere.reg
Rescaling ...  original radius = 100
Reading target surface 
 /out/sourcedata/freesurfer/sub-v1s2x0051469_ses-1/surf/lh.white
Reading target registration 
 /out/sourcedata/freesurfer/sub-v1s2x0051469_ses-1/surf/lh.sphere.reg
Rescaling ...  original radius = 100
Building target registration hash (res=16).
Building source registration hash (res=16).
INFO: found  470 nlabel points
Performing mapping from target back to the source label 163007
Number of reverse mapping hits = 7
Checking for and removing duplicates
Writing label file ./lh.entorhinal_exvivo.thresh.label 477
mri_label2label: Done


 mri_label2label --srcsubject fsaverage --srclabel /out/sourcedata/freesurfer/fsaverage/label/lh.perirhinal_exvivo.thresh.label --trgsubject sub-v1s2x0051469_ses-1 --trglabel ./lh.perirhinal_exvivo.thresh.label --hemi lh --regmethod surface 


srclabel = /out/sourcedata/freesurfer/fsaverage/label/lh.perirhinal_exvivo.thresh.label
srcsubject = fsaverage
trgsubject = sub-v1s2x0051469_ses-1
trglabel = ./lh.perirhinal_exvivo.thresh.label
regmethod = surface

srchemi = lh
trghemi = lh
trgsurface = white
srcsurfreg = sphere.reg
trgsurfreg = sphere.reg
usehash = 1
Use ProjAbs  = 0, 0
Use ProjFrac = 0, 0
DoPaint 0

SUBJECTS_DIR    /out/sourcedata/freesurfer
FREESURFER_HOME /opt/freesurfer
Loading source label.
Found 450 points in source label.
Starting surface-based mapping
Reading source registration 
 /out/sourcedata/freesurfer/fsaverage/surf/lh.sphere.reg
Rescaling ...  original radius = 100
Reading target surface 
 /out/sourcedata/freesurfer/sub-v1s2x0051469_ses-1/surf/lh.white
Reading target registration 
 /out/sourcedata/freesurfer/sub-v1s2x0051469_ses-1/surf/lh.sphere.reg
Rescaling ...  original radius = 100
Building target registration hash (res=16).
Building source registration hash (res=16).
INFO: found  450 nlabel points
Performing mapping from target back to the source label 163007
Number of reverse mapping hits = 2
Checking for and removing duplicates
Writing label file ./lh.perirhinal_exvivo.thresh.label 452
mri_label2label: Done


 mris_label2annot --s sub-v1s2x0051469_ses-1 --hemi lh --ctab /opt/freesurfer/average/colortable_BA.txt --l lh.BA1_exvivo.label --l lh.BA2_exvivo.label --l lh.BA3a_exvivo.label --l lh.BA3b_exvivo.label --l lh.BA4a_exvivo.label --l lh.BA4p_exvivo.label --l lh.BA6_exvivo.label --l lh.BA44_exvivo.label --l lh.BA45_exvivo.label --l lh.V1_exvivo.label --l lh.V2_exvivo.label --l lh.MT_exvivo.label --l lh.perirhinal_exvivo.label --l lh.entorhinal_exvivo.label --a BA_exvivo --maxstatwinner --noverbose 

Reading ctab /opt/freesurfer/average/colortable_BA.txt
Number of ctab entries 15

7.3.2
cwd /out/sourcedata/freesurfer/sub-v1s2x0051469_ses-1/label
cmdline mris_label2annot --s sub-v1s2x0051469_ses-1 --hemi lh --ctab /opt/freesurfer/average/colortable_BA.txt --l lh.BA1_exvivo.label --l lh.BA2_exvivo.label --l lh.BA3a_exvivo.label --l lh.BA3b_exvivo.label --l lh.BA4a_exvivo.label --l lh.BA4p_exvivo.label --l lh.BA6_exvivo.label --l lh.BA44_exvivo.label --l lh.BA45_exvivo.label --l lh.V1_exvivo.label --l lh.V2_exvivo.label --l lh.MT_exvivo.label --l lh.perirhinal_exvivo.label --l lh.entorhinal_exvivo.label --a BA_exvivo --maxstatwinner --noverbose 
sysname  Linux
hostname dna060
machine  x86_64
user     oesteban

subject sub-v1s2x0051469_ses-1
hemi    lh
SUBJECTS_DIR /out/sourcedata/freesurfer
ColorTable /opt/freesurfer/average/colortable_BA.txt
AnnotName  BA_exvivo
nlables 14
LabelThresh 0 0.000000
Loading /out/sourcedata/freesurfer/sub-v1s2x0051469_ses-1/surf/lh.orig
 1 1530880 BA1_exvivo
 2 16749699 BA2_exvivo
 3 16711680 BA3a_exvivo
 4 3368703 BA3b_exvivo
 5 1376196 BA4a_exvivo
 6 13382655 BA4p_exvivo
 7 10036737 BA6_exvivo
 8 2490521 BA44_exvivo
 9 39283 BA45_exvivo
10 3993 V1_exvivo
11 8508928 V2_exvivo
12 10027163 MT_exvivo
13 16422433 perirhinal_exvivo
14 16392598 entorhinal_exvivo
Mapping unhit to unknown
Found 112498 unhit vertices
Writing annot to /out/sourcedata/freesurfer/sub-v1s2x0051469_ses-1/label/lh.BA_exvivo.annot

 mris_label2annot --s sub-v1s2x0051469_ses-1 --hemi lh --ctab /opt/freesurfer/average/colortable_BA.txt --l lh.BA1_exvivo.thresh.label --l lh.BA2_exvivo.thresh.label --l lh.BA3a_exvivo.thresh.label --l lh.BA3b_exvivo.thresh.label --l lh.BA4a_exvivo.thresh.label --l lh.BA4p_exvivo.thresh.label --l lh.BA6_exvivo.thresh.label --l lh.BA44_exvivo.thresh.label --l lh.BA45_exvivo.thresh.label --l lh.V1_exvivo.thresh.label --l lh.V2_exvivo.thresh.label --l lh.MT_exvivo.thresh.label --l lh.perirhinal_exvivo.thresh.label --l lh.entorhinal_exvivo.thresh.label --a BA_exvivo.thresh --maxstatwinner --noverbose 

Reading ctab /opt/freesurfer/average/colortable_BA.txt
Number of ctab entries 15

7.3.2
cwd /out/sourcedata/freesurfer/sub-v1s2x0051469_ses-1/label
cmdline mris_label2annot --s sub-v1s2x0051469_ses-1 --hemi lh --ctab /opt/freesurfer/average/colortable_BA.txt --l lh.BA1_exvivo.thresh.label --l lh.BA2_exvivo.thresh.label --l lh.BA3a_exvivo.thresh.label --l lh.BA3b_exvivo.thresh.label --l lh.BA4a_exvivo.thresh.label --l lh.BA4p_exvivo.thresh.label --l lh.BA6_exvivo.thresh.label --l lh.BA44_exvivo.thresh.label --l lh.BA45_exvivo.thresh.label --l lh.V1_exvivo.thresh.label --l lh.V2_exvivo.thresh.label --l lh.MT_exvivo.thresh.label --l lh.perirhinal_exvivo.thresh.label --l lh.entorhinal_exvivo.thresh.label --a BA_exvivo.thresh --maxstatwinner --noverbose 
sysname  Linux
hostname dna060
machine  x86_64
user     oesteban

subject sub-v1s2x0051469_ses-1
hemi    lh
SUBJECTS_DIR /out/sourcedata/freesurfer
ColorTable /opt/freesurfer/average/colortable_BA.txt
AnnotName  BA_exvivo.thresh
nlables 14
LabelThresh 0 0.000000
Loading /out/sourcedata/freesurfer/sub-v1s2x0051469_ses-1/surf/lh.orig
 1 1530880 BA1_exvivo
 2 16749699 BA2_exvivo
 3 16711680 BA3a_exvivo
 4 3368703 BA3b_exvivo
 5 1376196 BA4a_exvivo
 6 13382655 BA4p_exvivo
 7 10036737 BA6_exvivo
 8 2490521 BA44_exvivo
 9 39283 BA45_exvivo
10 3993 V1_exvivo
11 8508928 V2_exvivo
12 10027163 MT_exvivo
13 16422433 perirhinal_exvivo
14 16392598 entorhinal_exvivo
Mapping unhit to unknown
Found 133161 unhit vertices
Writing annot to /out/sourcedata/freesurfer/sub-v1s2x0051469_ses-1/label/lh.BA_exvivo.thresh.annot

 mris_anatomical_stats -th3 -mgz -noglobal -f ../stats/lh.BA_exvivo.stats -b -a ./lh.BA_exvivo.annot -c ./BA_exvivo.ctab sub-v1s2x0051469_ses-1 lh white 

computing statistics for each annotation in ./lh.BA_exvivo.annot.
reading volume /out/sourcedata/freesurfer/sub-v1s2x0051469_ses-1/mri/wm.mgz...
reading input surface /out/sourcedata/freesurfer/sub-v1s2x0051469_ses-1/surf/lh.white...
reading input pial surface /out/sourcedata/freesurfer/sub-v1s2x0051469_ses-1/surf/lh.pial...
reading input white surface /out/sourcedata/freesurfer/sub-v1s2x0051469_ses-1/surf/lh.white...
INFO: using TH3 volume calc
INFO: assuming MGZ format for volumes.
INFO: not computing global stats
Using TH3 vertex volume calc
Total face volume 265092
Total vertex volume 264864 (mask=0)
Saving annotation colortable ./BA_exvivo.ctab

table columns are:
    number of vertices
    total surface area (mm^2)
    total gray matter volume (mm^3)
    average cortical thickness +- standard deviation (mm)
    integrated rectified mean curvature
    integrated rectified Gaussian curvature
    folding index
    intrinsic curvature index
    structure name

 1457    745   1924  2.060 0.619     0.104     0.025       15     1.5  BA1_exvivo
 4796   2960   6471  2.135 0.523     0.090     0.016       31     3.2  BA2_exvivo
 1093    794   1139  1.716 0.458     0.128     0.023        8     1.1  BA3a_exvivo
 2442   1513   3378  1.938 0.781     0.090     0.017       17     1.8  BA3b_exvivo
 2136   1174   3083  2.393 0.604     0.098     0.024       15     2.2  BA4a_exvivo
 1622    991   2322  2.393 0.580     0.091     0.019        8     1.3  BA4p_exvivo
10803   6472  19976  2.683 0.580     0.101     0.022       85    10.0  BA6_exvivo
 2068   1426   4291  2.820 0.449     0.110     0.019       20     1.7  BA44_exvivo
 3285   2158   5854  2.513 0.538     0.104     0.018       28     2.4  BA45_exvivo
 5565   3452   5789  1.670 0.499     0.112     0.024       56     5.6  V1_exvivo
11117   6919  13742  1.861 0.572     0.123     0.026      124    13.0  V2_exvivo
 2985   1771   4243  2.336 0.554     0.099     0.019       24     2.5  MT_exvivo
  596    417   1466  3.140 0.724     0.093     0.015        4     0.4  perirhinal_exvivo
  544    347   1815  3.307 1.044     0.103     0.027        8     0.8  entorhinal_exvivo

 mris_anatomical_stats -th3 -mgz -f ../stats/lh.BA_exvivo.thresh.stats -noglobal -b -a ./lh.BA_exvivo.thresh.annot -c ./BA_exvivo.thresh.ctab sub-v1s2x0051469_ses-1 lh white 

computing statistics for each annotation in ./lh.BA_exvivo.thresh.annot.
reading volume /out/sourcedata/freesurfer/sub-v1s2x0051469_ses-1/mri/wm.mgz...
reading input surface /out/sourcedata/freesurfer/sub-v1s2x0051469_ses-1/surf/lh.white...
reading input pial surface /out/sourcedata/freesurfer/sub-v1s2x0051469_ses-1/surf/lh.pial...
reading input white surface /out/sourcedata/freesurfer/sub-v1s2x0051469_ses-1/surf/lh.white...
INFO: using TH3 volume calc
INFO: assuming MGZ format for volumes.
INFO: not computing global stats
Using TH3 vertex volume calc
Total face volume 265092
Total vertex volume 264864 (mask=0)
Saving annotation colortable ./BA_exvivo.thresh.ctab

table columns are:
    number of vertices
    total surface area (mm^2)
    total gray matter volume (mm^3)
    average cortical thickness +- standard deviation (mm)
    integrated rectified mean curvature
    integrated rectified Gaussian curvature
    folding index
    intrinsic curvature index
    structure name

 1019    470   1307  2.143 0.571     0.106     0.025       11     1.1  BA1_exvivo
 2086   1220   2577  2.036 0.468     0.078     0.013       11     1.1  BA2_exvivo
  936    683    888  1.665 0.380     0.136     0.024        7     1.1  BA3a_exvivo
 1456    918   1373  1.479 0.410     0.073     0.011        6     0.7  BA3b_exvivo
 2147   1236   3032  2.323 0.607     0.098     0.023       14     2.2  BA4a_exvivo
 1303    797   1830  2.391 0.578     0.093     0.020        7     1.1  BA4p_exvivo
 5606   3119  10114  2.769 0.588     0.094     0.024       43     5.1  BA6_exvivo
 1232    882   2927  2.884 0.457     0.113     0.021       13     1.2  BA44_exvivo
 1131    744   2458  2.656 0.595     0.110     0.022       10     1.0  BA45_exvivo
 5911   3680   6201  1.662 0.497     0.115     0.024       61     6.3  V1_exvivo
 5613   3477   6339  1.753 0.558     0.122     0.026       68     6.6  V2_exvivo
  833    458   1190  2.234 0.532     0.087     0.018        8     0.6  MT_exvivo
  239    157    508  3.031 0.645     0.061     0.007        1     0.1  perirhinal_exvivo
  334    216   1125  3.462 0.758     0.075     0.010        1     0.2  entorhinal_exvivo

Started at Tue Mar 10 00:36:48 CET 2026 
Ended   at Tue Mar 10 00:40:53 CET 2026
#@#%# recon-all-run-time-hours 0.068
recon-all -s sub-v1s2x0051469_ses-1 finished without error at Tue Mar 10 00:40:53 CET 2026
